# file	id	source_text	translation
# id can be 0x... from tbl_candidates.tsv, or * to replace every matching UTF-16LE string in that file.
tbl0.pak	*	AzureRenegade	苍蓝叛逆者
tbl0.pak	*	BurningRenegade	燃烧叛逆者
tbl1.pak	*	Azure Renegade	苍蓝叛逆者
tbl1.pak	*	Burning Renegade	燃烧叛逆者
tbl1.pak	*	Shadow Sovereign Fan	暗影暴君扇
tbl1.pak	*	Shadow Sovereign Stick	暗影暴君棒
tbl1.pak	*	Shadow Sovereign Wand	暗影暴君短棍
tbl1.pak	*	Shadow Sovereign Trumpet	暗影暴君号
tbl1.pak	*	Shadow Sovereign Club	暗影暴君棍
tbl1.pak	*	Shadow Sovereign Sword	暗影暴君剑
tbl1.pak	*	Shadow Sovereign Scroll	暗影暴君卷轴
tbl1.pak	*	Shadow Sovereign Axe	暗影暴君斧
tbl1.pak	*	Shadow Sovereign Claws	暗影暴君爪
tbl1.pak	*	Shadow Sovereign Drums	暗影暴君鼓
tbl1.pak	*	Shadow Sovereign Mask	暗影暴君面具
tbl1.pak	*	Shadow Sovereign Gems	暗影暴君宝石
tbl1.pak	*	Shadow Sovereign Armor	暗影暴君盔甲
tbl1.pak	*	Shadow Sovereign Pants	暗影暴君裤子
tbl1.pak	*	Shadow Sovereign Shoes	暗影暴君鞋子
tbl1.pak	*	Shadow Sovereign Staff	暗影暴君杖
tbl1.pak	*	Shadow Mech Dragon Ring X Type A	暗影机械暴龙戒指X型A
tbl1.pak	*	Shadow Mech Dragon Ring X Type B	暗影机械暴龙戒指X型B
tbl1.pak	*	Shadow Mech Dragon Necklace X	暗影机械暴龙项链X
tbl1.pak	*	Shadow Mech Dragon Earring X Type A	暗影机械暴龙耳环X型A
tbl1.pak	*	Shadow Mech Dragon Earring X Type B	暗影机械暴龙耳环X型B
tbl1.pak	*	(Energy)Shadow Sovereign Gloves	暗影暴君气功手套
tbl1.pak	*	(Physical)Shadow Sovereign Gloves	暗影暴君物理手套
tbl1.pak	*	Bardock's Fan	巴达克的粉丝
# TAIWAN_OVERLAP_DISABLED_20260608	same_source_translation_in_taiwan_rdf	refs=table_text_all_data.rdf:5:44982101:0
# tbl1.pak	*	Krillin	克林
tbl1.pak	*	Bright Red Dragon	奥西里斯之天空龙
tbl1.pak	*	Shiny Blue Dragon	欧贝利斯克之巨神兵
tbl1.pak	*	Legendary Super Saiyan (Super)	传说超级赛亚人(超)
tbl1.pak	*	Golden Oozaru	黄金巨猿
tbl1.pak	*	Tournament Bacterian	武道会细菌队长
tbl1.pak	*	Tournament Giran	武道会基兰
tbl1.pak	*	Tournament Chaos	武道会饺子
tbl1.pak	*	Tournament King Chappa	武道会查帕王
tbl1.pak	*	Tournament Tien	武道会天津饭
tbl1.pak	*	Tournament Yamcha	武道会雅木茶
tbl1.pak	*	Tournament Goku	武道会孙悟空
tbl1.pak	*	Goku(Super)	孙悟空(超)
tbl1.pak	*	Vegeta(Super)	贝吉塔(超)
tbl1.pak	*	Increase Physical Defense Penetration %d%%	增加物理防御穿透%d%%
tbl1.pak	*	Increase Energy Defense Penetration %d%%	增加气功防御穿透%d%%
tbl1.pak	*	Increase Defense Penetration %d%%	增加防御穿透%d%%
# TAIWAN_OVERLAP_DISABLED_20260608	translation_in_taiwan_item_tables	refs=table_text_all_data.rdf:3:29830050:0
# tbl1.pak	*	Sun Steel	太阳钢
tbl1.pak	0x017145A7	Shadow Mech Dragon X	暗影机械暴龙X
tbl1.pak	0x01713BC3	Ozaru Broly	巨猿布罗利
# TAIWAN_OVERLAP_DISABLED_20260608	same_source_translation_in_taiwan_rdf	refs=table_text_all_data.rdf:6:1211301:0
# tbl1.pak	*	Fajita	肥吉塔
tbl1.pak	0x0172CD3A	Goku's Fan	孙悟空的粉丝
tbl1.pak	0x016F60C7	Raditz	拉蒂兹
tbl1.pak	0x004860D9	Vegeta	贝吉塔
tbl1.pak	0x016E9E0D	Ozaru Vegeta	巨猿贝吉塔
tbl1.pak	0x016E9F93	Ozaru Raditz	巨猿拉蒂兹
tbl1.pak	0x016E9FB1	Ozaru Nappa	巨猿纳帕

# Class-tag candidate translations
tbl0.pak	0x013B8579	(Martial) Potion Super Saiyan 1	(武道家)超级赛亚人1药水
tbl0.pak	0x013B86F5	(Martial) Potion Super Saiyan 2	(武道家)超级赛亚人2药水
tbl0.pak	0x013B8871	(Martial) Potion Super Saiyan 3	(武道家)超级赛亚人3药水
tbl0.pak	0x013B9159	(Martial) Potion Super Saiyan 4	(武道家)超级赛亚人4药水
tbl0.pak	0x013BCB3D	(Martial) Capsule Super Saiyan 1	(武道家)超级赛亚人1胶囊
tbl0.pak	0x013BCCB9	(Martial) Capsule Super Saiyan 2	(武道家)超级赛亚人2胶囊
tbl0.pak	0x013BCE35	(Martial) Capsule Super Saiyan 3	(武道家)超级赛亚人3胶囊
tbl0.pak	0x013BD71D	(Martial) Capsule Super Saiyan 4	(武道家)超级赛亚人4胶囊
tbl1.pak	0x012EACAF	Skill! Power Up (Martial Artist)	技能!力量提升(武道家)
tbl1.pak	0x012EAD67	Skill! Power Up (Spiritualist)	技能!力量提升(气功师)
tbl1.pak	0x012EAEC5	Skill! Power Up (Dragon Clan)	技能!力量提升(那美克龙族)
tbl1.pak	0x012EB02B	Skill! Power Up (Wonder Majin)	技能!力量提升(意魔人)
tbl1.pak	0x012EB0DF	Skill! Guard (Martial Artist)	技能!防御(武道家)
tbl1.pak	0x012EB18B	Skill! Guard (Spiritualist)	技能!防御(气功师)
tbl1.pak	0x012EB2D1	Skill! Guard (Dragon Clan)	技能!防御(那美克龙族)
tbl1.pak	0x012EB41F	Skill! Guard (Wonder Majin)	技能!防御(意魔人)
tbl1.pak	0x012EB4C7	Skill! Dash (Martial Artist)	技能!冲刺(武道家)
tbl1.pak	0x012EB56F	Skill! Dash (Spiritualist)	技能!冲刺(气功师)
tbl1.pak	0x012EB6AD	Skill! Dash (Dragon Clan)	技能!冲刺(那美克龙族)
tbl1.pak	0x012EB7F3	Skill! Dash (Wonder Majin)	技能!冲刺(意魔人)
tbl1.pak	0x012EB897	Skill! Counter Attack (Martial Artist)	技能!反击(武道家)
tbl1.pak	0x012EB967	Skill! Counter Attack (Spiritualist)	技能!反击(气功师)
tbl1.pak	0x012EBAF5	Skill! Counter Attack (Dragon Clan)	技能!反击(那美克龙族)
tbl1.pak	0x012EBC8B	Acquired Counter Attack Skill! (Wonder Majin)	已习得反击技能!(意魔人)
tbl1.pak	0x014B54FD	(Martial)Rainbow Shenron Buff	(武道家)彩虹神龙增益
tbl1.pak	0x014B553D	(Spiritualist)Rainbow Shenron Buff	(气功师)彩虹神龙增益
tbl1.pak	0x014B5587	(Namek Warrior)Rainbow Shenron Buff	(那美克战士)彩虹神龙增益
tbl1.pak	0x014B55D3	(Dragon Clan)Rainbow Shenron Buff	(那美克龙族)彩虹神龙增益
tbl1.pak	0x014B561B	(Might Majin)Rainbow Shenron Buff	(大魔人)彩虹神龙增益
tbl1.pak	0x014B5663	(Wonder Majin)Rainbow Shenron Buff	(意魔人)彩虹神龙增益
tbl1.pak	0x015E285F	Flight Skill (Martial Art)	飞行技能(武道家)
tbl1.pak	0x015E28F1	Flight Skill (Spiritualist)	飞行技能(气功师)
tbl1.pak	0x015E2A0F	Flight Skill (Dragon Clan)	飞行技能(那美克龙族)
tbl1.pak	0x015E2B35	Flight Skill (Wonder Majin)	飞行技能(意魔人)
tbl1.pak	0x0162AA4B	Monkey Rock Throw (Martial)	大猿投石(武道家)
tbl1.pak	0x0162AB7D	Tremor (Martial)	震地(武道家)
tbl1.pak	0x0162ABA3	Oozaru Beam (Martial)	大猿光束(武道家)
tbl1.pak	0x0162AC49	Oozaru Roar (Martial)	大猿咆哮(武道家)
tbl1.pak	0x0162ACD5	Monkey Rock Throw (Spiritualist)	大猿投石(气功师)
tbl1.pak	0x0162AD1B	Tremor (Spiritualist)	震地(气功师)
tbl1.pak	0x0162AD4B	Oozaru Roar (Spiritualist)	大猿咆哮(气功师)
tbl1.pak	0x0162AD85	Oozaru Beam (Spiritualist)	大猿光束(气功师)
tbl1.pak	0x016B5D6D	(Martial)Moro Power Buff	(武道家)摩罗力量增益
tbl1.pak	0x016B5E0B	(Spiritualist)Moro Power Buff	(气功师)摩罗力量增益
tbl1.pak	0x016B5E4B	(Namek Warrior)Moro Power Buff	(那美克战士)摩罗力量增益
tbl1.pak	0x016B5E8D	(Dragon Clan)Moro Power Buff	(那美克龙族)摩罗力量增益
tbl1.pak	0x016B5ECB	(Might Majin)Moro Power Buff	(大魔人)摩罗力量增益
tbl1.pak	0x016B5F09	(Wonder Majin)Moro Power Buff	(意魔人)摩罗力量增益
tbl1.pak	0x016B871F	(Martial)Legendary Super Saiyan(Super)	(武道家)传说超级赛亚人(超)
tbl1.pak	0x016B87A1	(Spiritualist)Legendary Super Saiyan(Super)	(气功师)传说超级赛亚人(超)
tbl1.pak	0x016B8833	(Spiritualist)Imperator Namek	(那美克龙族)帝王那美克
tbl1.pak	0x016B8873	(Might Majin)Xeno Majin	(大魔人)异时空魔人
tbl1.pak	0x016B88A7	(Wonder Majin)Xeno Majin	(意魔人)异时空魔人
tbl1.pak	0x016B89CD	(Martial) Potion Super Saiyan 1	(武道家)超级赛亚人1药水
tbl1.pak	0x016B8A11	(Martial) Potion Super Saiyan 2	(武道家)超级赛亚人2药水
tbl1.pak	0x016B8A55	(Martial) Potion Super Saiyan 3	(武道家)超级赛亚人3药水
tbl1.pak	0x016B8A99	(Martial) Potion Super Saiyan GOD	(武道家)超级赛亚人之神药水
tbl1.pak	0x016B8AE1	(Martial) Potion Super Saiyan Blue	(武道家)超级赛亚人蓝色药水
tbl1.pak	0x016B8B2B	(Martial) Potion Super Saiyan Rose	(武道家)超级赛亚人桃红药水
tbl1.pak	0x016B8B75	(Martial) Potion Super Saiyan Legendary	(武道家)传说超级赛亚人药水
tbl1.pak	0x016B8C1F	(Martial) Potion Super Saiyan 4	(武道家)超级赛亚人4药水
tbl1.pak	0x016B8C63	(Spiritualist) Potion Super Saiyan 1	(气功师)超级赛亚人1药水
tbl1.pak	0x016B8CFF	(Spiritualist) Potion Super Saiyan 2	(气功师)超级赛亚人2药水
tbl1.pak	0x016B8D4D	(Spiritualist) Potion Super Saiyan 3	(气功师)超级赛亚人3药水
tbl1.pak	0x016B8D9B	(Spiritualist) Potion Super Saiyan GOD	(气功师)超级赛亚人之神药水
tbl1.pak	0x016B8DED	(Spiritualist) Potion Super Saiyan BLUE	(气功师)超级赛亚人蓝色药水
tbl1.pak	0x016B8E41	(Spiritualist) Potion Super Saiyan Rose	(气功师)超级赛亚人桃红药水
tbl1.pak	0x016B8E95	(Spiritualist) Potion Super Saiyan Legendary	(气功师)传说超级赛亚人药水
tbl1.pak	0x016B8F53	(Spiritualist) Potion Super Saiyan 4	(气功师)超级赛亚人4药水
tbl1.pak	0x016BE591	(Martial) (7 days) Super Saiyan 1	(武道家)(7天)超级赛亚人1
tbl1.pak	0x016BE5D9	(Martial) (7 days) Super Saiyan 2	(武道家)(7天)超级赛亚人2
tbl1.pak	0x016BE621	(Martial) (7 days) Super Saiyan 3	(武道家)(7天)超级赛亚人3
tbl1.pak	0x016BE669	(Martial) (7 days) Super Saiyan GOD	(武道家)(7天)超级赛亚人之神
tbl1.pak	0x016BE6B5	(Martial) (7 days) Super Saiyan Blue	(武道家)(7天)超级赛亚人蓝色
tbl1.pak	0x016BE703	(Martial) (7 days) Super Saiyan Rose	(武道家)(7天)超级赛亚人桃红
tbl1.pak	0x016BE751	(Martial) (7 days) Super Saiyan Legendary	(武道家)(7天)传说超级赛亚人
tbl1.pak	0x016BE803	(Martial) (7 days) Super Saiyan 4	(武道家)(7天)超级赛亚人4
tbl1.pak	0x016BE84B	(Spiritualist) (7 days) Super Saiyan 1	(气功师)(7天)超级赛亚人1
tbl1.pak	0x016BE8EF	(Spiritualist) (7 days) Super Saiyan 2	(气功师)(7天)超级赛亚人2
tbl1.pak	0x016BE941	(Spiritualist) (7 days) Super Saiyan 3	(气功师)(7天)超级赛亚人3
tbl1.pak	0x016BE993	(Spiritualist) (7 days) Super Saiyan GOD	(气功师)(7天)超级赛亚人之神
tbl1.pak	0x016BE9E9	(Spiritualist) (7 days) Super Saiyan BLUE	(气功师)(7天)超级赛亚人蓝色
tbl1.pak	0x016BEA41	(Spiritualist) (7 days) Super Saiyan Rose	(气功师)(7天)超级赛亚人桃红
tbl1.pak	0x016BEA99	(Spiritualist) (7 days) Super Saiyan Legendary	(气功师)(7天)传说超级赛亚人
tbl1.pak	0x016BEAF9	4(Spiritualist) (7 days) Super Saiyan Legendary Super	(气功师)(7天)传说超级赛亚人(超)
tbl1.pak	0x016BEB69	(Spiritualist) (7 days) Super Saiyan 4	(气功师)(7天)超级赛亚人4
tbl0.pak	0x013BA1AD	(Warrior) Potion Great Namek	(那美克战士)巨大那美克药水
tbl0.pak	0x013BA329	(Warrior) Potion Kamiccolo	(那美克战士)卡米克洛药水
tbl0.pak	0x013BA4A5	(Warrior) Potion Dark Namek	(那美克战士)黑暗那美克药水
tbl0.pak	0x013BA621	(Warrior) Potion Great Orange	(那美克战士)巨大橙色药水
tbl0.pak	0x013BA79D	(Warrior) Potion Orange	(那美克战士)橙色药水
tbl0.pak	0x013BA919	(Warrior) Potion Muscle Orange	(那美克战士)肌肉橙色药水
tbl0.pak	0x013BAA95	(Warrior) Potion Imperator	(那美克战士)帝王药水
tbl0.pak	0x013BE771	(Warrior) Capsule Great Namek	(那美克战士)巨大那美克胶囊
tbl0.pak	0x013BE8ED	(Warrior) Capsule Kamiccolo	(那美克战士)卡米克洛胶囊
tbl0.pak	0x013BEA69	(Warrior) Capsule Dark Namek	(那美克战士)黑暗那美克胶囊
tbl0.pak	0x013BEBE5	(Warrior) Capsule Great Orange	(那美克战士)巨大橙色胶囊
tbl0.pak	0x013BED61	(Warrior) Capsule Orange	(那美克战士)橙色胶囊
tbl0.pak	0x013BEEDD	(Warrior) Capsule Muscle Orange	(那美克战士)肌肉橙色胶囊
tbl0.pak	0x013BF059	(Warrior) Capsule Imperator	(那美克战士)帝王胶囊
tbl1.pak	0x012EAE1B	Skill! Power Up (Warrior)	技能!力量提升(那美克战士)
tbl1.pak	0x012EB233	Skill! Guard (Warrior)	技能!防御(那美克战士)
tbl1.pak	0x012EB613	Skill! Dash (Warrior)	技能!冲刺(那美克战士)
tbl1.pak	0x012EBA33	Skill! Counter Attack (Warrior)	技能!反击(那美克战士)
tbl1.pak	0x015E2985	Flight Skill (Warrior)	飞行技能(那美克战士)
tbl1.pak	0x016B87FD	(Warrior)Imperator Namek	(那美克战士)帝王那美克
tbl1.pak	0x016B8FA1	(Warrior) Potion Great Namek	(那美克战士)巨大那美克药水
tbl1.pak	0x016B8FDF	(Warrior) Potion Kamiccolo	(那美克战士)卡米克洛药水
tbl1.pak	0x016B9019	(Warrior) Potion Dark Namek	(那美克战士)黑暗那美克药水
tbl1.pak	0x016B9055	(Warrior) Potion Great Orange	(那美克战士)巨大橙色药水
tbl1.pak	0x016B9095	(Warrior) Potion Orange	(那美克战士)橙色药水
tbl1.pak	0x016B90C9	(Warrior) Potion Muscle Orange	(那美克战士)肌肉橙色药水
tbl1.pak	0x016B910B	(Warrior) Potion Imperator	(那美克战士)帝王药水
tbl1.pak	0x016BEBBB	(Warrior) (7 days) Great Namek	(那美克战士)(7天)巨大那美克
tbl1.pak	0x016BEBFD	(Warrior) (7 days) Kamiccolo	(那美克战士)(7天)卡米克洛
tbl1.pak	0x016BEC3B	(Warrior) (7 days) Dark Namek	(那美克战士)(7天)黑暗那美克
tbl1.pak	0x016BEC7B	(Warrior) (7 days) Great Orange	(那美克战士)(7天)巨大橙色
tbl1.pak	0x016BECBF	(Warrior) (7 days) Orange	(那美克战士)(7天)橙色
tbl1.pak	0x016BECF7	(Warrior) (7 days) Muscle Orange	(那美克战士)(7天)肌肉橙色
tbl1.pak	0x016BED3D	(Warrior) (7 days) Imperator	(那美克战士)(7天)帝王
tbl1.pak	0x017F1239	Solo Dungeon Support	单人副本增益
tbl1.pak	0x017F1267	Party Dungeon Support	组队副本增益
tbl1.pak	0x0177897E	BID-4 Dungeon Manager	BID-4副本入场管理机
tbl1.pak	0x01778A60	BID-5 Dungeon Manager	BID-5副本入场管理机

# AUTO_BLOCK_TBL_VISIBLE_NAMES_20260604_BEGIN
tbl0.pak	0x01441F34	HM 85 SEMI 2P	人类85半套2P
tbl0.pak	0x01442038	HM 85 FULL 3P	人类85全套3P
tbl0.pak	0x0144213E	AMEK 2P SEMI	那美克2P半套
tbl0.pak	0x01442242	AMEK 3P FULL	那美克3P全套
tbl0.pak	0x01442346	AJIN SEMI 2P	魔人半套2P
tbl0.pak	0x0144244A	AJIN FULL 3P	魔人全套3P
tbl0.pak	0x01443280	HM FULL 3P 90	人类全套3P90
tbl0.pak	0x01443386	AMEK 3P FULL 90	那美克3P全套90
tbl0.pak	0x0144348A	AJIN FULL 3P 90	魔人全套3P90
tbl0.pak	0x0144358C	CHIP CON	芯片耐力
tbl0.pak	0x01443690	CHIP CD	芯片冷却
tbl0.pak	0x01443794	CHIP PROP	芯片属性
tbl0.pak	0x01443BA4	CHIP FL PY	芯片飞行物理
tbl0.pak	0x01443EB0	HM 90 SEMI 2P	人类90半套2P
tbl0.pak	0x01443FB4	HM 90 FULL 3P	人类90全套3P
tbl0.pak	0x014440B8	MJ 90 SEMI 2P	魔人90半套2P
tbl0.pak	0x014441BC	MJ 90 FULL 3P	魔人90全套3P
tbl0.pak	0x014442C0	NM 90 SEMI 2P	那美克90半套2P
tbl0.pak	0x014443C4	NM 90 FULL 3P	那美克90全套3P
tbl0.pak	0x014444C8	RING FULY	戒指全套
tbl0.pak	0x014445CC	EARN FULY	耳环全套
tbl0.pak	0x014446D0	EARN SEM	耳环半套
tbl0.pak	0x01444BE4	Soul Force Diference	灵魂力量差异
tbl0.pak	0x01444CE8	Soul Force Agility	灵魂力量敏捷
tbl0.pak	0x01444DEC	Soul Force Recovery	灵魂力量恢复
tbl0.pak	0x0179324C	TYPE-A	A型
tbl0.pak	0x0179630C	TYPE-B	B型
tbl0.pak	0x017993CC	TYPE-C	C型
tbl0.pak	0x017AF850	Type-A	A型
tbl0.pak	0x017AFA58	Type-C	C型
tbl0.pak	0x017B96B8	TYPE-A(P2)	A型(P2)
tbl0.pak	0x017B97BC	TYPE-A(P3)	A型(P3)
tbl0.pak	0x017BB738	TYPE-B(P2)	B型(P2)
tbl0.pak	0x017BB83C	TYPE-B(P3)	B型(P3)
tbl0.pak	0x017BD7B8	TYPE-C(P2)	C型(P2)
tbl0.pak	0x017BD8BC	TYPE-C(P3)	C型(P3)
tbl0.pak	0x017BF83C	TYPE-A (2P)	A型(2P)
tbl0.pak	0x017BF940	TYPE-B (2P)	B型(2P)
tbl0.pak	0x017BFA44	TYPE-C (2P)	C型(2P)
tbl0.pak	0x017CBA24	Hakai Rings	破坏戒指
tbl0.pak	0x017F7154	Red Puar Egg	红色普尔蛋
tbl0.pak	0x017F71DC	Red Puar 2	红色普尔2
tbl0.pak	0x017F7264	Red Puar 3	红色普尔3
tbl0.pak	0x017F72EC	Red Puar 4	红色普尔4
tbl0.pak	0x017F7374	White Underwear Egg	白色内衣蛋
tbl0.pak	0x017F73FC	White Underwear 2	白色内衣2
tbl0.pak	0x017F7484	White Underwear 3	白色内衣3
tbl0.pak	0x017F750C	White Underwear 4	白色内衣4
tbl0.pak	0x017F7594	Pink Underwear Egg	粉色内衣蛋
tbl0.pak	0x017F761C	Pink Underwear 2	粉色内衣2
tbl0.pak	0x017F76A4	Pink Underwear 3	粉色内衣3
tbl0.pak	0x017F772C	Pink Underwear 4	粉色内衣4
tbl0.pak	0x017F77B4	Cat Pet Egg	猫宠物蛋
tbl0.pak	0x017F783C	Cat Pet 2	猫宠物2
tbl0.pak	0x017F78C4	Cat Pet 3	猫宠物3
tbl0.pak	0x017F794C	Cat Pet 4	猫宠物4
tbl0.pak	0x017F79D4	Ghost Pet Egg	幽灵宠物蛋
tbl0.pak	0x017F7A5C	Ghost Pet 2	幽灵宠物2
tbl0.pak	0x017F7AE4	Ghost Pet 3	幽灵宠物3
tbl0.pak	0x017F7B6C	Ghost Pet 4	幽灵宠物4
# TAIWAN_OVERLAP_DISABLED_20260608	translation_in_taiwan_item_tables	refs=table_text_all_data.rdf:3:60000800:0
# tbl0.pak	0x017F7BF4	Broly Egg	布罗利蛋
tbl0.pak	0x017F7C7C	Broly Normal Form	布罗利普通形态
tbl0.pak	0x017F7E14	Flexarot Lv1	弗莱克萨罗特Lv1
tbl0.pak	0x017F7E9C	Flexarot Lv2	弗莱克萨罗特Lv2
tbl0.pak	0x017F7F24	Flexarot Lv3	弗莱克萨罗特Lv3
tbl0.pak	0x017F7FAC	Flexarot Lv4	弗莱克萨罗特Lv4
# TAIWAN_OVERLAP_DISABLED_20260608	translation_in_taiwan_item_tables	refs=table_text_all_data.rdf:3:60000880:0
# tbl0.pak	0x017F8034	Mr Popo Pet	波波先生宠物
tbl0.pak	0x012591A1	Smile Pattern Underwear	笑脸图案内衣
tbl0.pak	0x0125990D	Red Puar 1	红色普尔1
tbl0.pak	0x0125C88D	Broly Pet Egg	布罗利宠物蛋
tbl0.pak	0x0126FEC9	LP Majin	LP魔人
tbl0.pak	0x01270045	LP Namek	LP那美克
tbl0.pak	0x012701C1	LP Human	LP人类
tbl0.pak	0x012732BD	Trumpet	号角
# TAIWAN_OVERLAP_DISABLED_20260608	same_source_translation_in_taiwan_rdf	refs=table_text_all_data.rdf:3:99199977:0
# tbl0.pak	0x0127565D	Tanjiro Hair	炭治郎发型
# TAIWAN_OVERLAP_DISABLED_20260608	same_source_translation_in_taiwan_rdf	refs=table_text_all_data.rdf:3:7000213:0
# tbl0.pak	0x012757D9	Lucy Hair	露西发型
# TAIWAN_OVERLAP_DISABLED_20260608	same_source_translation_in_taiwan_rdf	refs=table_text_all_data.rdf:3:7000214:0
# tbl0.pak	0x01275955	Erza Hair	艾露莎发型
tbl0.pak	0x01279F19	Gohan Time Chamber Hair	孙悟饭精神时光屋发型
tbl0.pak	0x0127AAF9	IS Hair	IS发型
tbl0.pak	0x0127AC75	Death Axe SK Transmog	死亡之斧SK幻化
tbl0.pak	0x0127ADF1	Two Handed Sword SK	双手剑SK
tbl0.pak	0x0127C8A9	Oozaru Martial	大猿武道家
tbl0.pak	0x0127CA25	Oozaru Spirit	大猿精神
tbl0.pak	0x0127F0BD	Hallowen Box	万圣节盒
tbl0.pak	0x012809F9	Halloween Title	万圣节称号
tbl0.pak	0x01280B75	Golden Oozaru Martial	黄金大猿武道家
tbl0.pak	0x01281165	Natal Box	圣诞盒
tbl0.pak	0x0128320D	Saiyan Tail F	赛亚人尾巴F
tbl0.pak	0x012874D9	Event Sample	活动样品
tbl0.pak	0x01287C45	BMO Backpack	BMO背包
tbl0.pak	0x012BCED1	CC Blessed Ruby 2	CC祝福红宝石2
tbl0.pak	0x012BD04D	CC Blessed Ruby 3	CC祝福红宝石3
tbl0.pak	0x012BD1C9	Fancy Intense Yellow 1	华丽浓烈黄色1
tbl0.pak	0x012BD345	Fancy Intense Yellow 2	华丽浓烈黄色2
tbl0.pak	0x012BD4C1	Fancy Intense Yellow 3	华丽浓烈黄色3
tbl0.pak	0x012BD63D	New Stone 1	新石1
tbl0.pak	0x012BD7B9	New Stone 2	新石2
tbl0.pak	0x012BD935	New Stone 3	新石3
tbl0.pak	0x012BDAB1	New Stone 4	新石4
tbl0.pak	0x012BDC2D	New Stone 5	新石5
tbl0.pak	0x012BDDA9	New Stone 6	新石6
tbl0.pak	0x012D5F99	Sky Dungeon Material 1	天空副本材料1
tbl0.pak	0x012D6115	Sky Dungeon Material 2	天空副本材料2
tbl0.pak	0x012D6291	Sky Dungeon Material 3	天空副本材料3
# TAIWAN_DEEP_OVERLAP_DISABLED_20260608	translation_any_taiwan	refs=local_data.dat:DST_HOIPOIMIX_RECIPE_FILTER_SPECIAL;local_data.dat:DST_SCOUTER_PC_VIEWER_SPECIAL
# tbl0.pak	0x01341695	Special	特殊
tbl0.pak	0x01359CE5	Halloween Wings	万圣节翅膀
tbl0.pak	0x01359E61	Fairy Wings	仙女翅膀
tbl0.pak	0x0135CDE1	Buu Costume	布欧服装
tbl0.pak	0x0135D0D9	Xeno Goku Outfit	异次元孙悟空套装
tbl0.pak	0x01361F85	Hellfire Sword	地狱火剑
tbl0.pak	0x0136DF01	GM Weapon Upgrade Stone U75	GM武器升级石U75
tbl0.pak	0x0136F545	Akeno Hat	朱乃帽子
tbl0.pak	0x0136F6C1	Sabo Hat	萨博帽子
tbl0.pak	0x0136FCB1	Whitebeard Mustache	白胡子胡子
tbl0.pak	0x01370125	Custom Hat	定制帽子
tbl0.pak	0x01371ED5	UD1 Shard	UD1碎片
tbl0.pak	0x01372051	UD2 Shard	UD2碎片
tbl0.pak	0x013721CD	UD3 Shard	UD3碎片
tbl0.pak	0x01372349	UD4 Shard	UD4碎片
tbl0.pak	0x013724C5	UD5 Shard	UD5碎片
tbl0.pak	0x01372641	UD6 Shard	UD6碎片
tbl0.pak	0x0137B63D	Liquid Fuel S4	液体燃料S4
tbl0.pak	0x0137B7B9	Liquid Fuel S5	液体燃料S5
tbl0.pak	0x0137DE51	Bardock Outfit	巴达克套装
tbl0.pak	0x0137E739	Gogeta Outfit	悟吉塔套装
# TAIWAN_DEEP_OVERLAP_DISABLED_20260608	translation_any_taiwan	refs=local_data.dat:DST_NAMEK_FIGHTER;table_text_all_data.rdf:13:6008:0;table_text_all_data.rdf:14:3007:0;table_text_all_data.rdf:3:111703240:0
# tbl0.pak	0x01397DF1	Warrior	那美克战士
# TAIWAN_DEEP_OVERLAP_DISABLED_20260608	translation_any_taiwan	refs=local_data.dat:DST_WONDER_MAJIN;table_text_all_data.rdf:13:6014:0;table_text_all_data.rdf:14:3010:0
# tbl0.pak	0x01397F6D	Wonder	意魔人
tbl0.pak	0x01398B4D	Might Majin form	大魔人 form
tbl0.pak	0x01398CC9	Wonder Majin Form	意魔人形态
# TAIWAN_DEEP_OVERLAP_DISABLED_20260608	translation_any_taiwan	refs=local_data.dat:DST_NAMEK_FIGHTER;table_text_all_data.rdf:13:6008:0;table_text_all_data.rdf:14:3007:0;table_text_all_data.rdf:3:111703240:0
# tbl0.pak	0x0139972D	Warrior	那美克战士
tbl0.pak	0x01399A25	Legendary Martial	传说武道家
tbl0.pak	0x013A6581	A Upgrade Stone U85	A升级石U85
tbl0.pak	0x013A66FD	White Stone U85	白色石U85
tbl0.pak	0x013A6CED	UD1 Coin	UD1硬币
tbl0.pak	0x013A6E69	UD2 Coin	UD2硬币
tbl0.pak	0x013A6FE5	UD3 Coin	UD3硬币
tbl0.pak	0x013AFFE1	Downgrade Weapon 85	降级武器85
tbl0.pak	0x013B05D1	Moro Coin	摩罗硬币
tbl0.pak	0x013BAC11	(Dragon) Potion Great Namek	(龙族)巨大那美克药水
tbl0.pak	0x013BAD8D	(Dragon) Potion Kamiccolo	(龙族)卡米克洛药水
tbl0.pak	0x013BAF09	(Dragon) Potion Dark Namek	(龙族)黑暗那美克药水
tbl0.pak	0x013BB085	(Dragon) Potion Great Orange	(龙族) Potion Great Orange
tbl0.pak	0x013BB201	(Dragon) Potion Orange	(龙族) Potion Orange
tbl0.pak	0x013BB37D	(Dragon) Potion Muscle Orange	(龙族) Potion Muscle Orange
tbl0.pak	0x013BB4F9	(Dragon) Potion Imperator	(龙族)帝王药水
tbl0.pak	0x013BB675	(Might) Potion Pure Majin	(大魔人)纯粹魔人药水
tbl0.pak	0x013BB96D	(Might) Potion Super Boo	(大魔人)超级布欧药水
tbl0.pak	0x013BBAE9	(Might) Potion Bootenks	(大魔人)布欧悟天克斯药水
tbl0.pak	0x013BBC65	(Might) Potion Buuhan	(大魔人)布欧悟饭药水
tbl0.pak	0x013BBDE1	(Might) Potion SS3	(大魔人)超级赛亚人3药水
tbl0.pak	0x013BBF5D	(Might) Potion Xeno	(大魔人)异次元药水
tbl0.pak	0x013BC0D9	(Wonder) Potion Pure Majin	(意魔人)纯粹魔人药水
tbl0.pak	0x013BC3D1	(Wonder) Potion Super Boo	(意魔人)超级布欧药水
tbl0.pak	0x013BC54D	(Wonder) Potion Bootenks	(意魔人)布欧悟天克斯药水
tbl0.pak	0x013BC6C9	(Wonder) Potion Buuhan	(意魔人)布欧悟饭药水
tbl0.pak	0x013BC845	(Wonder) Potion SS3	(意魔人)超级赛亚人3药水
tbl0.pak	0x013BC9C1	(Wonder) Potion Xeno	(意魔人)异次元药水
tbl0.pak	0x013BF1D5	(Dragon) Capsule Great Namek	(龙族)巨大那美克胶囊
tbl0.pak	0x013BF351	(Dragon) Capsule Kamiccolo	(龙族)卡米克洛胶囊
tbl0.pak	0x013BF4CD	(Dragon) Capsule Dark Namek	(龙族)黑暗那美克胶囊
tbl0.pak	0x013BF649	(Dragon) Capsule Great Orange	(龙族) Capsule Great Orange
tbl0.pak	0x013BF7C5	(Dragon) Capsule Orange	(龙族) Capsule Orange
tbl0.pak	0x013BF941	(Dragon) Capsule Muscle Orange	(龙族) Capsule Muscle Orange
tbl0.pak	0x013BFABD	(Dragon) Capsule Imperator	(龙族)帝王胶囊
tbl0.pak	0x013BFC39	(Might) Capsule Pure Majin	(大魔人)纯粹魔人胶囊
tbl0.pak	0x013BFF31	(Might) Capsule Super Boo	(大魔人)超级布欧胶囊
tbl0.pak	0x013C00AD	(Might) Capsule Bootenks	(大魔人)布欧悟天克斯胶囊
tbl0.pak	0x013C0229	(Might) Capsule Buuhan	(大魔人)布欧悟饭胶囊
tbl0.pak	0x013C03A5	(Might) Capsule SS3	(大魔人)超级赛亚人3胶囊
tbl0.pak	0x013C0521	(Might) Capsule Xeno	(大魔人)异次元胶囊
tbl0.pak	0x013C069D	(Wonder) Capsule Pure Majin	(意魔人)纯粹魔人胶囊
tbl0.pak	0x013C0995	(Wonder) Capsule Super Boo	(意魔人)超级布欧胶囊
tbl0.pak	0x013C0B11	(Wonder) Capsule Bootenks	(意魔人)布欧悟天克斯胶囊
tbl0.pak	0x013C0C8D	(Wonder) Capsule Buuhan	(意魔人)布欧悟饭胶囊
tbl0.pak	0x013C0E09	(Wonder) Capsule SS3	(意魔人)超级赛亚人3胶囊
tbl0.pak	0x013C0F85	(Wonder) Capsule Xeno	(意魔人)异次元胶囊
tbl0.pak	0x013C13F9	(Martial) Potion Super Saiyan 1	(武道家)超级赛亚人1药水
tbl0.pak	0x013C1575	(Martial) Potion Super Saiyan 2	(武道家)超级赛亚人2药水
tbl0.pak	0x013C16F1	(Martial) Potion Super Saiyan 3	(武道家)超级赛亚人3药水
tbl0.pak	0x013C1FD9	(Martial) Potion Super Saiyan 4	(武道家)超级赛亚人4药水
tbl0.pak	0x013C302D	(Warrior) Potion Great Namek	(那美克战士)巨大那美克药水
tbl0.pak	0x013C31A9	(Warrior) Potion Kamiccolo	(那美克战士)卡米克洛药水
tbl0.pak	0x013C3325	(Warrior) Potion Dark Namek	(那美克战士)黑暗那美克药水
tbl0.pak	0x013C34A1	(Warrior) Potion Great Orange	(那美克战士)巨大橙色药水
tbl0.pak	0x013C361D	(Warrior) Potion Orange	(那美克战士)橙色药水
tbl0.pak	0x013C3799	(Warrior) Potion Muscle Orange	(那美克战士)肌肉橙色药水
tbl0.pak	0x013C3915	(Warrior) Potion Imperator	(那美克战士)帝王药水
tbl0.pak	0x013C3A91	(Dragon) Potion Great Namek	(龙族)巨大那美克药水
tbl0.pak	0x013C3C0D	(Dragon) Potion Kamiccolo	(龙族)卡米克洛药水
tbl0.pak	0x013C3D89	(Dragon) Potion Dark Namek	(龙族)黑暗那美克药水
tbl0.pak	0x013C3F05	(Dragon) Potion Great Orange	(龙族) Potion Great Orange
tbl0.pak	0x013C4081	(Dragon) Potion Orange	(龙族) Potion Orange
tbl0.pak	0x013C41FD	(Dragon) Potion Muscle Orange	(龙族) Potion Muscle Orange
tbl0.pak	0x013C4379	(Dragon) Potion Imperator	(龙族)帝王药水
tbl0.pak	0x013C44F5	(Might) Potion Pure Majin	(大魔人)纯粹魔人药水
tbl0.pak	0x013C47ED	(Might) Potion Super Boo	(大魔人)超级布欧药水
tbl0.pak	0x013C4969	(Might) Potion Bootenks	(大魔人)布欧悟天克斯药水
tbl0.pak	0x013C4AE5	(Might) Potion Buuhan	(大魔人)布欧悟饭药水
tbl0.pak	0x013C4C61	(Might) Potion SS3	(大魔人)超级赛亚人3药水
tbl0.pak	0x013C4DDD	(Might) Potion Xeno	(大魔人)异次元药水
tbl0.pak	0x013C4F59	(Wonder) Potion Pure Majin	(意魔人)纯粹魔人药水
tbl0.pak	0x013C5251	(Wonder) Potion Super Boo	(意魔人)超级布欧药水
tbl0.pak	0x013C53CD	(Wonder) Potion Bootenks	(意魔人)布欧悟天克斯药水
tbl0.pak	0x013C5549	(Wonder) Potion Buuhan	(意魔人)布欧悟饭药水
tbl0.pak	0x013C56C5	(Wonder) Potion SS3	(意魔人)超级赛亚人3药水
tbl0.pak	0x013C5841	(Wonder) Potion Xeno	(意魔人)异次元药水
tbl0.pak	0x01438ED1	Field Boss 01	野外首领01
tbl0.pak	0x01438FF9	Field Boss 02	野外首领02
tbl0.pak	0x01439121	Field Boss 03	野外首领03
tbl0.pak	0x01439249	Field Boss 04	野外首领04
tbl0.pak	0x01439371	Field Boss 05	野外首领05
tbl0.pak	0x01439499	Field Boss 06	野外首领06
tbl0.pak	0x014395C1	Field Boss 07	野外首领07
tbl0.pak	0x014396E9	Field Boss 08	野外首领08
tbl0.pak	0x01439811	Field Boss 09	野外首领09
tbl0.pak	0x01439939	Field Boss 10	野外首领10
tbl0.pak	0x01439A61	Field Boss 11	野外首领11
tbl0.pak	0x01439B89	Field Boss 12	野外首领12
tbl0.pak	0x01439CB1	Field Boss 13	野外首领13
tbl0.pak	0x01439DD9	Field Boss 14	野外首领14
tbl0.pak	0x01439F01	Field Boss 15	野外首领15
tbl0.pak	0x0143A029	Field Boss 16	野外首领16
tbl0.pak	0x0143A151	Field Boss 17	野外首领17
tbl0.pak	0x0143A279	Field Boss 18	野外首领18
tbl1.pak	0x009EF340	[br]It is said that said he was a Dragon Clan.	[br]It is said that said he was a 那美克龙族.
tbl1.pak	0x011A8572	Stage 3 Target	阶段3目标
tbl1.pak	0x011A8840	Stage 4 Target	阶段4目标
tbl1.pak	0x011A8E38	Stage 1 Target	阶段1目标
tbl1.pak	0x011A907C	Stage 2 Target	阶段2目标
tbl1.pak	0x011A9FEE	To the Hyperbolic Time Chamber	前往精神时光屋
tbl1.pak	0x012D0766	Dragon Power!!	龙之力!!
tbl1.pak	0x012D085A	Dragon Spirit!!	龙之魂!!
tbl1.pak	0x012D087C	KThe Spiritualist master pummels his\nenemy with a barrage of energy blasts.	KThe 气功师 master pummels his\nenemy with a barrage of energy blasts.
tbl1.pak	0x012D0952	Devil's Fury!!	魔鬼狂怒!!
tbl1.pak	0x012D0A48	Kami's Judgment!!	天神审判!!
tbl1.pak	0x012D0A6C	ANThe Namekian of the Dragon Clan attacks\nwith a stream of energy-based spells.	ANThe Namekian of the 那美克龙族 attacks\nwith a stream of energy-based spells.
tbl1.pak	0x012D0B4A	Firepower!!	火力!!
tbl1.pak	0x012D0C1A	Wonderful Crash!!	精彩冲击!!
tbl1.pak	0x012D0CEA	Infinity Blow!!	无限打击!!
tbl1.pak	0x012D0D76	Unlimited Slash!!	无限斩击!!
tbl1.pak	0x012D0DF6	Crane Spirit!!	鹤仙流精神!!
tbl1.pak	0x012D0E86	Turtle Spirit!!	龟仙流精神!!
tbl1.pak	0x012D0F1C	Dragon's Law!!	龙的法则!!
tbl1.pak	0x012D1136	Pleasant Sound Shower!!	悦耳音波!!
tbl1.pak	0x012D11DC	Cooking Delight Combo!!	料理连击!!
tbl1.pak	0x012D1266	Shocking Smooth Beat!!	震撼节拍!!
tbl1.pak	0x012D1300	Happy Carnival Sensation!!	快乐嘉年华!!
# TAIWAN_DEEP_OVERLAP_DISABLED_20260608	translation_any_taiwan	refs=table_text_all_data.rdf:4:101:0
# tbl1.pak	0x016C2E38	Capsule	胶囊
# TAIWAN_DEEP_OVERLAP_DISABLED_20260608	translation_any_taiwan	refs=local_data.dat:DST_MARKET_RESORATIVE_ITEM;table_text_all_data.rdf:4:2100581:0
# tbl1.pak	0x016C2E5A	Potion	药水
# TAIWAN_DEEP_OVERLAP_DISABLED_20260608	translation_any_taiwan	refs=table_text_all_data.rdf:4:11011:0;table_text_all_data.rdf:4:11041:0;table_text_all_data.rdf:4:17011:0
# tbl1.pak	0x016C2E92	Martial Artist Combat	武道家战斗
tbl1.pak	0x016C2EC2	Martial Artist Buff	武道家增益
# TAIWAN_DEEP_OVERLAP_DISABLED_20260608	translation_any_taiwan	refs=table_text_all_data.rdf:4:11013:0;table_text_all_data.rdf:4:11043:0;table_text_all_data.rdf:4:17013:0
# tbl1.pak	0x016C2EEE	Martial Artist HTB	武道家HTB
# TAIWAN_DEEP_OVERLAP_DISABLED_20260608	translation_any_taiwan	refs=table_text_all_data.rdf:4:11021:0;table_text_all_data.rdf:4:11051:0;table_text_all_data.rdf:4:17021:0
# tbl1.pak	0x016C2F18	Spiritualist Combat	气功师战斗
tbl1.pak	0x016C2F44	Spiritualist Buff	气功师增益
# TAIWAN_DEEP_OVERLAP_DISABLED_20260608	translation_any_taiwan	refs=table_text_all_data.rdf:4:11023:0;table_text_all_data.rdf:4:11053:0;table_text_all_data.rdf:4:17023:0
# tbl1.pak	0x016C2F6C	Spiritualist HTB	气功师HTB
# TAIWAN_DEEP_OVERLAP_DISABLED_20260608	translation_any_taiwan	refs=table_text_all_data.rdf:4:11011:0;table_text_all_data.rdf:4:11041:0;table_text_all_data.rdf:4:17011:0
# tbl1.pak	0x016C2F92	Martial Artist Combat	武道家战斗
tbl1.pak	0x016C2FC2	Martial Artist Buff	武道家增益
# TAIWAN_DEEP_OVERLAP_DISABLED_20260608	translation_any_taiwan	refs=table_text_all_data.rdf:4:11013:0;table_text_all_data.rdf:4:11043:0;table_text_all_data.rdf:4:17013:0
# tbl1.pak	0x016C2FEE	Martial Artist HTB	武道家HTB
# TAIWAN_DEEP_OVERLAP_DISABLED_20260608	translation_any_taiwan	refs=table_text_all_data.rdf:4:11021:0;table_text_all_data.rdf:4:11051:0;table_text_all_data.rdf:4:17021:0
# tbl1.pak	0x016C3018	Spiritualist Combat	气功师战斗
tbl1.pak	0x016C3044	Spiritualist Buff	气功师增益
# TAIWAN_DEEP_OVERLAP_DISABLED_20260608	translation_any_taiwan	refs=table_text_all_data.rdf:4:11023:0;table_text_all_data.rdf:4:11053:0;table_text_all_data.rdf:4:17023:0
# tbl1.pak	0x016C306C	Spiritualist HTB	气功师HTB
tbl1.pak	0x016C3092	Martial Artist Master Class	武道家大师职业
tbl1.pak	0x016C30CE	Spiritualist Master Class	气功师大师职业
tbl1.pak	0x016C3106	Gauntlets	臂甲
tbl1.pak	0x016C3130	Martial Artists	武道家武道家
# TAIWAN_DEEP_OVERLAP_DISABLED_20260608	translation_any_taiwan	refs=local_data.dat:DST_HUMAN_MYSTIC;table_text_all_data.rdf:13:6011:0;table_text_all_data.rdf:14:3006:0
# tbl1.pak	0x016C3154	Spiritualists	气功师
tbl1.pak	0x016C32CA	Martial Artists	武道家武道家
# TAIWAN_DEEP_OVERLAP_DISABLED_20260608	translation_any_taiwan	refs=local_data.dat:DST_HUMAN_MYSTIC;table_text_all_data.rdf:13:6011:0;table_text_all_data.rdf:14:3006:0
# tbl1.pak	0x016C32EE	Spiritualists	气功师
tbl1.pak	0x016C3374	General 1	将军1
tbl1.pak	0x016C338C	General 2	将军2
# TAIWAN_DEEP_OVERLAP_DISABLED_20260608	pair_any_taiwan	refs=local_data.dat:DST_EQUIP_SLOT_TYPE_SCOUTER
# tbl1.pak	0x016C33A4	Scouter	探测器
# TAIWAN_DEEP_OVERLAP_DISABLED_20260608	pair_any_taiwan	refs=local_data.dat:DST_EQUIP_SLOT_TYPE_HAND
# tbl1.pak	0x016C33DA	Weapon	武器
tbl1.pak	0x016C34D0	Costume	服装
# TAIWAN_DEEP_OVERLAP_DISABLED_20260608	translation_any_taiwan	refs=local_data.dat:DST_MARKET_STUFF;table_text_all_data.rdf:4:11893:0;table_text_all_data.rdf:4:17604:0;table_text_all_data.rdf:4:18634:0;table_text_all_data.rdf:4:199511:0
# tbl1.pak	0x016C34E4	Material	材料
# tbl1.pak	0x016C3572	Fighter Combat	战士战斗
# tbl1.pak	0x016C3594	Fighter Buff	战士增益
# tbl1.pak	0x016C35CE	Swordsman Combat	剑术家战斗
# tbl1.pak	0x016C35F4	Swordsman Buff	剑术家增益
# tbl1.pak	0x016C3730	Dark Warrior Combat	黑暗战士战斗
# tbl1.pak	0x016C375C	Dark Warrior Buff	黑暗战士增益
# tbl1.pak	0x016C3784	Dark Warrior HTB	黑暗战士HTB
# tbl1.pak	0x016C39AA	Ultimate Majin Combat	终极魔人战斗
# tbl1.pak	0x016C39DA	Ultimate Majin Buff	终极魔人增益
# tbl1.pak	0x016C3A30	Plasma Majin Combat	等离子魔人战斗
# tbl1.pak	0x016C3A5C	Plasma Majin Buff	等离子魔人增益
# tbl1.pak	0x016C3AAA	Karma Majin Combat	卡尔玛魔人战斗
# tbl1.pak	0x016C3AD4	Karma Majin Buff	卡尔玛魔人增益
# tbl1.pak	0x016C3E36	Wonder Majin Combat	意魔人战斗
# tbl1.pak	0x016C3E62	Wonder Majin Buff	意魔人增益
# tbl1.pak	0x016C3E8A	Wonder Majin HTB	意魔人HTB
# tbl1.pak	0x016C3F2A	Wonder Majin Combat	意魔人战斗
# tbl1.pak	0x016C3F56	Wonder Majin Buff	意魔人增益
# tbl1.pak	0x016C3F7E	Wonder Majin HTB	意魔人HTB
# tbl1.pak	0x016C4032	Wonder Majin only	意魔人 only
# tbl1.pak	0x016C41D8	Wonder Majin only	意魔人 only
# tbl1.pak	0x016C435A	Warrior Combat	那美克战士战斗
# tbl1.pak	0x016C437C	Warrior Buff	那美克战士增益
# tbl1.pak	0x016C439A	Warrior HTB	那美克战士HTB
# tbl1.pak	0x016C43B6	Dragon Clan Combat	那美克龙族战斗
# tbl1.pak	0x016C43E0	Dragon Clan Buff	那美克龙族增益
# tbl1.pak	0x016C4406	Dragon Clan HTB	那美克龙族HTB
# tbl1.pak	0x016C442A	Warrior Combat	那美克战士战斗
# tbl1.pak	0x016C444C	Warrior Buff	那美克战士增益
# tbl1.pak	0x016C446A	Warrior HTB	那美克战士HTB
# tbl1.pak	0x016C4486	Dragon Clan Combat	那美克龙族战斗
# tbl1.pak	0x016C44B0	Dragon Clan Buff	那美克龙族增益
# tbl1.pak	0x016C44D6	Dragon Clan HTB	那美克龙族HTB
# tbl1.pak	0x016C452E	Change Class to Dragon Clan	Change Class to 那美克龙族
# tbl1.pak	0x016C45A2	Dragon Clan	那美克龙族
# tbl1.pak	0x016C4722	Dragon Clan	那美克龙族
# tbl1.pak	0x016C4898	Martial Artist Combat	武道家战斗
# tbl1.pak	0x016C48C8	Martial Artist Buff	武道家增益
# tbl1.pak	0x016C48F4	Martial Artist HTB	武道家HTB
# tbl1.pak	0x016C49E2	Spiritualist Combat	气功师战斗
# tbl1.pak	0x016C4A0E	Spiritualist Buff	气功师增益
# tbl1.pak	0x016C4A36	Spiritualist HTB	气功师HTB
# tbl1.pak	0x016C4B56	Warrior Combat	那美克战士战斗
# tbl1.pak	0x016C4B78	Warrior Buff	那美克战士增益
# tbl1.pak	0x016C4B96	Warrior HTB	那美克战士HTB
# tbl1.pak	0x016C4BB2	Dark Warrior Combat	黑暗战士战斗
# tbl1.pak	0x016C4BDE	Dark Warrior Buff	黑暗战士增益
# tbl1.pak	0x016C4C06	Dark Warrior HTB	黑暗战士HTB
# tbl1.pak	0x016C4CAC	Dragon Clan Combat	那美克龙族战斗
# tbl1.pak	0x016C4CD6	Dragon Clan Buff	那美克龙族增益
# tbl1.pak	0x016C4CFC	Dragon Clan HTB	那美克龙族HTB
# tbl1.pak	0x016C4FA0	Wonder Majin Combat	意魔人战斗
# tbl1.pak	0x016C4FCC	Wonder Majin Buff	意魔人增益
# tbl1.pak	0x016C4FF4	Wonder Majin HTB	意魔人HTB
# tbl1.pak	0x016C56C6	Dark Warrior Combat	黑暗战士战斗
# tbl1.pak	0x016C56F2	Dark Warrior Buff	黑暗战士增益
# tbl1.pak	0x016C571A	Dark Warrior HTB	黑暗战士HTB
# tbl1.pak	0x016C611C	Dark Warrior Combat	黑暗战士战斗
# tbl1.pak	0x016C6148	Dark Warrior Buff	黑暗战士增益
# tbl1.pak	0x016C6170	Dark Warrior HTB	黑暗战士HTB
# tbl1.pak	0x016C69F2	Dark Warrior Combat	黑暗战士战斗
# tbl1.pak	0x016C6A1E	Dark Warrior Buff	黑暗战士增益
# tbl1.pak	0x016C6A46	Dark Warrior HTB	黑暗战士HTB
# tbl1.pak	0x016C6F9E	Dark Warrior Combat	黑暗战士战斗
# tbl1.pak	0x016C6FCA	Dark Warrior Buff	黑暗战士增益
# tbl1.pak	0x016C6FF2	Dark Warrior HTB	黑暗战士HTB
tbl1.pak	0x016C78AC	Crane / Turtle	鹤/龟
# TAIWAN_DEEP_OVERLAP_DISABLED_20260608	translation_any_taiwan	refs=table_text_all_data.rdf:4:21564:0;table_text_all_data.rdf:4:21771:0;table_text_all_data.rdf:4:21791:0;table_text_all_data.rdf:4:21811:0;table_text_all_data.rdf:4:21821:0;table_text_all_data.rdf:4:21853:0
# tbl1.pak	0x016C7C46	Beverage	饮料
# TAIWAN_DEEP_OVERLAP_DISABLED_20260608	pair_any_taiwan	refs=local_data.dat:DST_DWC_TARGET
# tbl1.pak	0x016C7D3A	Target	目标
tbl1.pak	0x016C859E	Transmog	幻化
# TAIWAN_DEEP_OVERLAP_DISABLED_20260608	translation_any_taiwan	refs=local_data.dat:DST_SCOUTER_PC_VIEWER_COSTUME
# tbl1.pak	0x016C85DA	Outfit	套装
tbl1.pak	0x016C8626	Limited	限定
tbl1.pak	0x016C86F8	Event Machine	活动机器
# TAIWAN_DEEP_OVERLAP_DISABLED_20260608	translation_any_taiwan	refs=table_text_all_data.rdf:13:14158:0;table_text_all_data.rdf:4:107404:0
# tbl1.pak	0x016C8738	Time Machine	时光机
# tbl1.pak	0x016C8914	Dark Warrior Combat	黑暗战士战斗
# tbl1.pak	0x016C8940	Dark Warrior Buff	黑暗战士增益
# tbl1.pak	0x016C8968	Dark Warrior HTB	黑暗战士HTB
# tbl1.pak	0x016C8F6E	Dark Warrior Combat	黑暗战士战斗
# tbl1.pak	0x016C8F9A	Dark Warrior Buff	黑暗战士增益
# tbl1.pak	0x016C8FC2	Dark Warrior HTB	黑暗战士HTB
# tbl1.pak	0x016C972C	Weapon / Necklace	武器/项链
# TAIWAN_DEEP_OVERLAP_DISABLED_20260608	pair_any_taiwan	refs=local_data.dat:DST_EQUIP_SLOT_TYPE_EARRING
# tbl1.pak	0x016C97BE	Earring	耳环
tbl1.pak	0x016C9980	U Stone	U石
tbl1.pak	0x016C9994	General Stone	将军石
tbl1.pak	0x016C99B4	Core Stone	核心石
# TAIWAN_DEEP_OVERLAP_DISABLED_20260608	translation_any_taiwan	refs=local_data.dat:DST_MULTIDIALOG_MENU_SMITH_UPGRADE;table_text_all_data.rdf:7:24480:0;table_text_all_data.rdf:7:24481:0
# tbl1.pak	0x016C9D92	Empowerment	强化
# TAIWAN_OVERLAP_DISABLED_20260608	same_source_translation_in_taiwan_rdf	refs=table_text_all_data.rdf:4:6001517:0
# tbl1.pak	0x016CA1B4	Saiyan	赛亚人
tbl1.pak	0x016CA244	Soul Upgrade	灵魂升级
tbl1.pak	0x01714A12	Spiritualist Skill Master	气功师 Skill Master
tbl1.pak	0x01714AA8	Dragon Clan Skill Master	那美克龙族 Skill Master
tbl1.pak	0x01714B16	Wonder Majin Skill Master	意魔人 Skill Master
tbl1.pak	0x01714D16	Spiritualist Advanced Skill Master	气功师 Advanced Skill Master
tbl1.pak	0x01714DE2	Dragon Clan Advanced Skill Master	那美克龙族 Advanced Skill Master
tbl1.pak	0x01714E74	Wonder Majin Advanced Skill Master	意魔人 Advanced Skill Master
# TAIWAN_DEEP_OVERLAP_DISABLED_20260608	translation_any_taiwan	refs=local_data.dat:DST_JOB_GATE_KEEPER;table_text_all_data.rdf:6:30:0
# tbl1.pak	0x01714EE2	Gatekeeper	守门人
tbl1.pak	0x01714F20	Time Machine Manager!	时光机管理员!
tbl1.pak	0x01715218	Alien Engineer	异星工程师
tbl1.pak	0x01721A94	Citizen 1	市民1
tbl1.pak	0x01721B56	Wild	狂野
# TAIWAN_DEEP_OVERLAP_DISABLED_20260608	translation_any_taiwan	refs=table_text_all_data.rdf:6:1151102:0
# tbl1.pak	0x01721EAC	Bardock	巴达克
# TAIWAN_DEEP_OVERLAP_DISABLED_20260608	translation_any_taiwan	refs=local_data.dat:DST_HUMAN_FIGHTER;table_text_all_data.rdf:13:6010:0;table_text_all_data.rdf:14:3005:0;table_text_all_data.rdf:6:1181101:0;table_text_all_data.rdf:6:1181102:0
# tbl1.pak	0x01721F08	Martial Artist	武道家
# TAIWAN_DEEP_OVERLAP_DISABLED_20260608	translation_any_taiwan	refs=local_data.dat:DST_HUMAN_FIGHTER;table_text_all_data.rdf:13:6010:0;table_text_all_data.rdf:14:3005:0;table_text_all_data.rdf:6:1181101:0;table_text_all_data.rdf:6:1181102:0
# tbl1.pak	0x01721F2A	Martial Artist	武道家
tbl1.pak	0x0172208E	Citizen 2	市民2
tbl1.pak	0x01722140	Citizen 3	市民3
tbl1.pak	0x017221B2	New Super Capsule Robot	新超级胶囊机器人
tbl1.pak	0x01722454	White Tiger	白色老虎
tbl1.pak	0x01722A54	Citizen 5	市民5
tbl1.pak	0x01723636	Korin Village Bus	卡林村巴士
tbl1.pak	0x0172374E	Axe Rock Bus	斧岩石巴士
tbl1.pak	0x01725AE6	Black Cat	黑色猫
# TAIWAN_DEEP_OVERLAP_DISABLED_20260608	translation_any_taiwan	refs=table_text_all_data.rdf:6:1581101:0;table_text_all_data.rdf:6:1582101:0;table_text_all_data.rdf:6:1582102:0
# tbl1.pak	0x01725D28	Chiaotzu	饺子
tbl1.pak	0x017260E6	Citizen 6	市民6
tbl1.pak	0x01726248	Citizen 7	市民7
tbl1.pak	0x0172702E	Namekian Frog	那美克星人青蛙
tbl1.pak	0x0172776C	Pet Machine	宠物机器
# TAIWAN_DEEP_OVERLAP_DISABLED_20260608	translation_any_taiwan	refs=table_text_all_data.rdf:5:1541101:0;table_text_all_data.rdf:5:1541102:0;table_text_all_data.rdf:5:1541103:0;table_text_all_data.rdf:6:2671101:0
# tbl1.pak	0x01728E2E	Burter	巴特
tbl1.pak	0x01729180	Captain Ginyu	队长基纽
tbl1.pak	0x01729240	Pilaf Machine 1	皮拉夫机器1
tbl1.pak	0x01729284	Pilaf Machine 2	皮拉夫机器2
tbl1.pak	0x01729352	Pilaf Machine 3	皮拉夫机器3
tbl1.pak	0x01729B3C	Citizen 8	市民8
tbl1.pak	0x01729BE6	Citizen 9	市民9
tbl1.pak	0x01729D30	Citizen 10	市民10
tbl1.pak	0x01729D4A	Citizen 11	市民11
tbl1.pak	0x01729E16	Citizen 12	市民12
tbl1.pak	0x01729E30	Citizen 13	市民13
tbl1.pak	0x01729EF4	Citizen 14	市民14
tbl1.pak	0x0172A306	Citizen 15	市民15
tbl1.pak	0x0172A34A	Citizen 16	市民16
tbl1.pak	0x0172A364	Citizen 17	市民17
tbl1.pak	0x0172A480	Citizen 18	市民18
tbl1.pak	0x0172A9D8	Super Capsule Robot Head	超级胶囊机器人头
tbl1.pak	0x0172AB20	Citizen 19	市民19
tbl1.pak	0x0172AD5C	Capsule Corp Staff	胶囊公司杖
tbl1.pak	0x0172AE78	Flight Manager	飞行管理员
tbl1.pak	0x0172AE9A	Flight Manager 2	飞行管理员2
tbl1.pak	0x0172AF70	Citizen 20	市民20
tbl1.pak	0x0172B7A0	Adventurer	冒险家
tbl1.pak	0x0172BC14	Citizen 22	市民22
tbl1.pak	0x0172BC94	Citizen 23	市民23
tbl1.pak	0x0172BDA4	Fainting Martial Artist	昏迷武道家
tbl1.pak	0x0172BE54	Citizen 24	市民24
tbl1.pak	0x0172BEEE	Citizen 25	市民25
tbl1.pak	0x0172C040	Citizen 26	市民26
tbl1.pak	0x0172C24E	Citizen 27	市民27
tbl1.pak	0x0172C3A0	Wounded Martial Artists	受伤武道家武道家
tbl1.pak	0x0172CB6A	Citizen 28	市民28
tbl1.pak	0x0172CCE4	Villain	反派
tbl1.pak	0x0172CCF8	Villain Spiritualist	反派气功师
tbl1.pak	0x0172CF38	Android 8000	人造人8000
tbl1.pak	0x0172CF56	Head of Defense Android	防御人造人的头
tbl1.pak	0x0172D14A	Citizen 29	市民29
tbl1.pak	0x0172D2AC	Citizen 30	市民30
tbl1.pak	0x0172D31C	Citizen 31	市民31
tbl1.pak	0x0172D3C8	Citizen 32	市民32
tbl1.pak	0x0172DADC	UD-1 Dungeon Manager	UD-1副本管理员
tbl1.pak	0x0172DB0A	UD-2 Dungeon Manager	UD-2副本管理员
tbl1.pak	0x0172DB38	UD-3 Dungeon Manager	UD-3副本管理员
tbl1.pak	0x0172DB66	UD-4 Dungeon Manager	UD-4副本管理员
tbl1.pak	0x0172DB94	UD-5 Dungeon Manager	UD-5副本管理员
tbl1.pak	0x0172DBC2	UD-6 Dungeon Manager	UD-6副本管理员
tbl1.pak	0x0172DBF0	Dungeon Manager	副本管理员
# TAIWAN_OVERLAP_DISABLED_20260608	same_source_translation_in_taiwan_rdf	refs=table_text_all_data.rdf:6:3701222:0
# tbl1.pak	0x0172DC54	Sky Dungeon 1	天空副本1
# TAIWAN_OVERLAP_DISABLED_20260608	same_source_translation_in_taiwan_rdf	refs=table_text_all_data.rdf:6:3701223:0
# tbl1.pak	0x0172DC74	Sky Dungeon 2	天空副本2
# TAIWAN_OVERLAP_DISABLED_20260608	same_source_translation_in_taiwan_rdf	refs=table_text_all_data.rdf:6:3701224:0
# tbl1.pak	0x0172DC94	Sky Dungeon 3	天空副本3
tbl1.pak	0x0172DDAA	Citizen 33	市民33
tbl1.pak	0x0172DE26	Citizen 34	市民34
tbl1.pak	0x0172DED8	Citizen 35	市民35
tbl1.pak	0x0172E028	Pilaf Engineer	皮拉夫工程师
tbl1.pak	0x0172E86A	Citizen 36	市民36
tbl1.pak	0x0172E8B2	Citizen 37	市民37
tbl1.pak	0x0172E91A	Citizen 38	市民38
tbl1.pak	0x0172EA60	Giant Rabbit Chief	巨大兔子首领
tbl1.pak	0x0172EBC6	Citizen 39	市民39
tbl1.pak	0x0172ECD6	Citizen 41	市民41
tbl1.pak	0x0172EE96	Citizen 42	市民42
tbl1.pak	0x0172EEE0	Citizen 43	市民43
tbl1.pak	0x0172EF64	Majin Warrior B	魔人战士B
tbl1.pak	0x0172EF88	Majin Warrior B	魔人战士B
tbl1.pak	0x0172EFFE	Citizen 44	市民44
tbl1.pak	0x0172F4B4	Citizen 45	市民45
# TAIWAN_DEEP_OVERLAP_DISABLED_20260608	translation_any_taiwan	refs=table_text_all_data.rdf:6:4211102:0;table_text_all_data.rdf:6:4211201:0
# tbl1.pak	0x0172F5D2	Big Elder	大长老
tbl1.pak	0x0172F712	Citizen 46	市民46
tbl1.pak	0x0172F984	Adventurer Cuckoo	冒险家咕咕鸡
tbl1.pak	0x0172FB3C	Citizen 48	市民48
tbl1.pak	0x0172FEA8	Namekian Artist	那美克星人武道家
tbl1.pak	0x0172FF78	Citizen 49	市民49
tbl1.pak	0x0173022C	Wounded Namekian	受伤那美克星人
tbl1.pak	0x017302B4	Citizen 50	市民50
tbl1.pak	0x01730414	Citizen 51	市民51
tbl1.pak	0x017304BE	Wounded Soldier	受伤士兵
tbl1.pak	0x01730518	Citizen 52	市民52
tbl1.pak	0x01730652	Dragon Clan Magic	那美克龙族魔法
tbl1.pak	0x0173068C	Old Adventurer	老旧冒险家
tbl1.pak	0x0173071A	Citizen 53	市民53
tbl1.pak	0x0173085A	Namekian Adventurer	那美克星人冒险家
tbl1.pak	0x01730886	Citizen 54	市民54
tbl1.pak	0x017309E0	Citizen 55	市民55
tbl1.pak	0x01730C26	Citizen 56	市民56
tbl1.pak	0x01730D9C	Citizen 57	市民57
tbl1.pak	0x01730EB0	Citizen 58	市民58
tbl1.pak	0x01730FE4	Dragon Clan Mentor Nuws	那美克龙族 Mentor Nuws
tbl1.pak	0x01731018	Dragon Clan Laden	那美克龙族 Laden
tbl1.pak	0x01731078	Dragon Clan Yila	那美克龙族 Yila
tbl1.pak	0x017310E4	Citizen 59	市民59
tbl1.pak	0x0173116C	Dragon Clan Gula	那美克龙族 Gula
tbl1.pak	0x017311A2	Citizen 60	市民60
tbl1.pak	0x01731200	Dragon Clan Mo	那美克龙族 Mo
tbl1.pak	0x01731230	Dragon Clan Shi Pining	那美克龙族 Shi Pining
tbl1.pak	0x0173129E	Dragon Clan Parker	那美克龙族 Parker
tbl1.pak	0x0173131C	Citizen 018	市民018
tbl1.pak	0x017313A4	Dragon Clan Trainee Balinda	那美克龙族 Trainee Balinda
tbl1.pak	0x0173164C	Citizen 019	市民019
tbl1.pak	0x0173250E	New Defense Unit	新防御部队
tbl1.pak	0x01732C22	Citizen 020	市民020
tbl1.pak	0x01732DC2	Paella	皮拉夫
tbl1.pak	0x01732F60	Poko Sky Dragon	波可天空龙
# TAIWAN_DEEP_OVERLAP_DISABLED_20260608	translation_any_taiwan	refs=table_text_all_data.rdf:13:9047:0;table_text_all_data.rdf:6:5551101:0;table_text_all_data.rdf:6:5551102:0;table_text_all_data.rdf:6:5551103:0;table_text_all_data.rdf:6:5551104:0;table_text_all_data.rdf:6:5551106:0;table_text_all_data.rdf:6:5552101:0;table_text_all_data.rdf:6:5552102:0
# tbl1.pak	0x01733506	Piccolo	比克
tbl1.pak	0x01733640	Demon King Piccolo	恶魔王比克
tbl1.pak	0x017336D0	Citizen 021	市民021
tbl1.pak	0x01733728	Boo Boo	布欧布欧
tbl1.pak	0x0173384C	Citizen 004	市民004
tbl1.pak	0x01733868	Citizen 005	市民005
tbl1.pak	0x017338DE	Raditz	拉蒂兹
tbl1.pak	0x01733C62	Pilaf Robot-001	皮拉夫机器人-001
tbl1.pak	0x01733C86	Pilaf Robot-002	皮拉夫机器人-002
tbl1.pak	0x01733CAA	Pilaf Robot-003	皮拉夫机器人-003
tbl1.pak	0x01733E08	King Saibaman	王栽培人
tbl1.pak	0x0173400E	Brainwashed Soldier	被洗脑士兵
tbl1.pak	0x017346F6	Citizen 006	市民006
# TAIWAN_DEEP_OVERLAP_DISABLED_20260608	translation_any_taiwan	refs=local_data.dat:DST_SHENRON;table_text_all_data.rdf:5:717621440:0;table_text_all_data.rdf:6:6361101:0;table_text_all_data.rdf:6:6361102:0;table_text_all_data.rdf:6:6361103:0;table_text_all_data.rdf:6:6361104:0;table_text_all_data.rdf:6:6361105:0
# tbl1.pak	0x017347E0	Shenron	神龙
tbl1.pak	0x0173498A	Pilaf Machine Manager	皮拉夫机器管理员
tbl1.pak	0x01734C1C	Kiri Robot Manager	基里机器人管理员
tbl1.pak	0x017351E8	Citizen 007	市民007
tbl1.pak	0x0173554A	Citizen 008	市民008
tbl1.pak	0x0173564A	Citizen 009	市民009
tbl1.pak	0x01735882	Citizen 010	市民010
tbl1.pak	0x0173589E	Citizen 011	市民011
tbl1.pak	0x01735BA0	Citizen 012	市民012
tbl1.pak	0x01735FE4	Old Turtle	老旧龟
tbl1.pak	0x01736318	Citizen 013	市民013
tbl1.pak	0x01736334	Citizen 014	市民014
tbl1.pak	0x01736414	Citizen 015	市民015
tbl1.pak	0x01736430	Citizen 016	市民016
tbl1.pak	0x017364AE	Citizen 017	市民017
tbl1.pak	0x017364CA	Citizen 001	市民001
tbl1.pak	0x01736730	CC Martial Artist Item Trader	CC 武道家 Item Trader
tbl1.pak	0x01736770	CC Spiritualist Item Trader	CC 气功师 Item Trader
tbl1.pak	0x017367AC	CC Dragon Clan Item Trader	CC 那美克龙族 Item Trader
tbl1.pak	0x01736854	CC Wonder Majin Item Trader	CC 意魔人 Item Trader
tbl1.pak	0x01736A9E	Citizen 002	市民002
tbl1.pak	0x017379B0	Legendary Wolf	传说狼
tbl1.pak	0x01737B3A	Citizen 003	市民003
tbl1.pak	0x01737CB2	Yamcha	雅木茶
tbl1.pak	0x01737DC2	UD-Secret	UD-秘密
tbl1.pak	0x0174978E	Warriors use Ax or Claws and Dragon Clan use Scroll and Gems.	Warriors use Ax or Claws and 那美克龙族 use Scroll and Gems.
tbl1.pak	0x01756154	HHey, practicing Spiritualist, can I reach the measurements of ten girls?	HHey, practicing 气功师, can I reach the measurements of ten girls?
# TAIWAN_DEEP_OVERLAP_DISABLED_20260608	translation_any_taiwan	refs=table_text_all_data.rdf:13:3011:0;table_text_all_data.rdf:13:5030:0;table_text_all_data.rdf:17:2611002:0;table_text_all_data.rdf:17:2612002:0;table_text_all_data.rdf:7:1211110:0;table_text_all_data.rdf:7:210110:0
# tbl1.pak	0x017F2666	Super Saiyan	超级赛亚人
# TAIWAN_DEEP_OVERLAP_DISABLED_20260608	translation_any_taiwan	refs=table_text_all_data.rdf:7:5202510:0;table_text_all_data.rdf:7:6202410:0
# tbl1.pak	0x017F2684	Pure Majin	纯粹魔人
tbl1.pak	0x017F2AC0	Giant Namek	巨大那美克
tbl1.pak	0x0180845E	Korin Village	卡林村
tbl1.pak	0x0180859C	Cell Ring	沙鲁戒指
tbl1.pak	0x018085B4	Buu Memorial	布欧纪念
tbl1.pak	0x018085F2	Mushroom Village	蘑菇村
tbl1.pak	0x01808AF6	Fairy Village	仙女村
tbl1.pak	0x0180A39E	Yahoi Secret Area	雅霍伊秘密区域
tbl1.pak	0x0180B000	Axe Rock	斧岩石
tbl1.pak	0x0180B56E	Diamond Area	钻石区域
tbl1.pak	0x0180B5E6	Crystal Area	水晶区域
tbl1.pak	0x0180BBBA	Wild Mushroom Area	狂野蘑菇区域
tbl1.pak	0x0180BC26	Mushroom Gang Area	蘑菇刚区域
tbl1.pak	0x0180BCA4	Mysterious Area	神秘区域
tbl1.pak	0x0180D1D6	Paella's Memorial	皮拉夫的纪念
tbl1.pak	0x0180D6BC	CC Battle Dungeon	CC战斗副本
tbl1.pak	0x0180D91C	Pirate Treasure Area	海盗宝藏区域
# TAIWAN_OVERLAP_DISABLED_20260608	translation_in_taiwan_item_tables	refs=table_text_all_data.rdf:12:16:0;table_text_all_data.rdf:3:29670030:0
# tbl1.pak	0x0181EACA	Lizard Meat	蜥蜴肉
tbl1.pak	0x0181EAE6	Ghost Tail	幽灵尾巴
# TAIWAN_OVERLAP_DISABLED_20260608	translation_in_taiwan_item_tables	refs=table_text_all_data.rdf:12:26:0
# tbl1.pak	0x0181EC0E	Namek Egg	那美克蛋
tbl1.pak	0x0181EC26	Dragon Frog Skin	龙青蛙皮肤
tbl1.pak	0x018200C0	Shadow Crystal Wand	暗影水晶短杖
tbl1.pak	0x01820486	Golden Axe Head	黄金斧头
tbl1.pak	0x01820C4A	Golden Saibaman Skin	黄金栽培人皮肤
tbl1.pak	0x01821200	Steel Metal	钢金属
tbl1.pak	0x018213D8	Rainbow Mushroom	彩虹蘑菇
tbl1.pak	0x0182146C	Black Mole Cricket Skin	黑色鼹鼠蟋蟀皮肤
tbl1.pak	0x018215F4	Pilaf Bomb	皮拉夫炸弹
tbl1.pak	0x01821634	Magic Dragon Egg	魔法龙蛋
tbl1.pak	0x018225F6	Space Machine Parts	空间机器零件
tbl1.pak	0x01822C84	Metal Needle	金属针
# TAIWAN_OVERLAP_DISABLED_20260608	translation_in_taiwan_item_tables	refs=table_text_all_data.rdf:12:409:0;table_text_all_data.rdf:3:29850070:0;table_text_all_data.rdf:3:920080:0
# tbl1.pak	0x01822CDC	Dinosaur Meat	恐龙肉
tbl1.pak	0x018233A6	Ice Saibaman Sample	冰栽培人样品
tbl1.pak	0x0182359E	Tool Box	工具盒
tbl1.pak	0x0182368A	Red Underwear	红色内衣
tbl1.pak	0x018237C0	5 Star Dragon Ball	5星龙珠
tbl1.pak	0x01823A9E	Frog Hat	青蛙帽子
# TAIWAN_OVERLAP_DISABLED_20260608	translation_in_taiwan_item_tables	refs=table_text_all_data.rdf:12:519:0;table_text_all_data.rdf:3:14000070:0;table_text_all_data.rdf:3:180120:0
# tbl1.pak	0x01823F4C	CC Life Pill M	CC生命药丸M
tbl1.pak	0x018240E6	Saibaman Big Fan	栽培人大扇
tbl1.pak	0x01824ACE	Paella Weapon	皮拉夫武器
tbl1.pak	0x01824AEE	Paella Tool	皮拉夫工具
tbl1.pak	0x01824C8A	Robot Wreckage Photo	机器人残骸照片
tbl1.pak	0x01824CFE	Wolf Leather	狼皮革
tbl1.pak	0x01824D90	General's Secret Letter	将军的秘密信
tbl1.pak	0x018251B4	Dark Frog Meat	黑暗青蛙肉
tbl1.pak	0x0182565C	Saibaman Claws	栽培人爪
tbl1.pak	0x01825B7A	Chocolate Namekian	巧克力那美克星人
tbl1.pak	0x01825BF6	Elder's Staff	长老的杖
tbl1.pak	0x01825C16	Elder's Fan	长老的扇
tbl1.pak	0x01825C32	Old Namekian Elder	老旧那美克星人长老
tbl1.pak	0x0182629C	CPU Core	CPU核心
tbl1.pak	0x01826442	Robot Dashboard	机器人仪表盘
tbl1.pak	0x018267B2	Wolf Hair	狼发型
tbl1.pak	0x018268B6	Robot Controller	机器人控制器
tbl1.pak	0x0182695A	Fuel Bomb	燃料炸弹
# TAIWAN_OVERLAP_DISABLED_20260608	translation_in_taiwan_item_tables	refs=table_text_all_data.rdf:12:802:0;table_text_all_data.rdf:3:990380:0
# tbl1.pak	0x01826B68	RP Bomb	RP炸弹
tbl1.pak	0x01826F2E	Ghost Spirit Soul	幽灵精神灵魂
tbl1.pak	0x01826F56	Evil Spirit Soul	邪恶精神灵魂
tbl1.pak	0x0182707C	AI Chip	AI芯片
tbl1.pak	0x01827538	Yahoi Treasure	雅霍伊宝藏
tbl1.pak	0x018275B4	Beetle Cell Sample	甲虫沙鲁样品
tbl1.pak	0x0182764C	Machine Gun	机器枪
tbl1.pak	0x01827668	Hot Axe	火辣斧
tbl1.pak	0x01827912	Sweet Liquid	甜液体
tbl1.pak	0x018279CA	Robot Power Generator	机器人力量发生器
tbl1.pak	0x01827B42	Needle Saibaman Skin	针栽培人皮肤
tbl1.pak	0x01827CAA	Needle Saibaman Needle	针栽培人针
# TAIWAN_OVERLAP_DISABLED_20260608	translation_in_taiwan_item_tables	refs=table_text_all_data.rdf:3:29820010:0
# tbl1.pak	0x01828056	Saibaman Skin	栽培人皮肤
tbl1.pak	0x0182883A	Robot's Gun	机器人的枪
tbl1.pak	0x01828960	Robot AI Chip	机器人AI芯片
tbl1.pak	0x01828980	Kiri-Robot AI Chip	基里-机器人AI芯片
tbl1.pak	0x01828C56	Guard Robot AI Chip	守卫机器人AI芯片
tbl1.pak	0x01829174	Supply Box	补给盒
tbl1.pak	0x018292BC	Blue Liquid	蓝色液体
tbl1.pak	0x01829548	Robot's Memory	机器人的存储器
tbl1.pak	0x018296B0	Helmet Material	头盔材料
tbl1.pak	0x0182990A	Wind Saibaman Fan	风栽培人扇
tbl1.pak	0x01829A32	Steel Club	钢棒
tbl1.pak	0x01829A4C	Tiger Skin	老虎皮肤
tbl1.pak	0x01829B8E	Robot Parts	机器人零件
# TAIWAN_OVERLAP_DISABLED_20260608	translation_in_taiwan_item_tables	refs=table_text_all_data.rdf:12:1106:0
# tbl1.pak	0x01829BAA	Robot Fuel	机器人燃料
tbl1.pak	0x01829C62	White Saibaman Skin	白色栽培人皮肤
tbl1.pak	0x01829CB8	Head-Wind Saibaman Fan	头-风栽培人扇
tbl1.pak	0x0182A04E	Combat Memory	战斗存储器
tbl1.pak	0x0182A0B0	Power Chip	力量芯片
# TAIWAN_OVERLAP_DISABLED_20260608	translation_in_taiwan_item_tables	refs=table_text_all_data.rdf:12:1158:0
# tbl1.pak	0x0182A43C	Robot CPU	机器人CPU
tbl1.pak	0x0182A454	Pilaf Machine Wreckage	皮拉夫机器残骸
tbl1.pak	0x0182A486	Wild Herbs	狂野药草
tbl1.pak	0x0182A4A0	Iron Box	铁盒
tbl1.pak	0x0182A5B4	Short Circuit Chip	短电路芯片
tbl1.pak	0x0182A5FC	New Power Chip	新力量芯片
tbl1.pak	0x0182A656	Mole Cricket Cell Sample	鼹鼠蟋蟀沙鲁样品
tbl1.pak	0x0182A68C	Beetle's Cell Sample	甲虫的沙鲁样品
tbl1.pak	0x0182B75C	Mira Military Robot Parts	米拉军用机器人零件
tbl1.pak	0x0182B8DA	Narak's Magic	那拉克的魔法
# TAIWAN_OVERLAP_DISABLED_20260608	translation_in_taiwan_item_tables	refs=table_text_all_data.rdf:12:1286:0
# tbl1.pak	0x0182B9A6	Mushroom Bomb	蘑菇炸弹
tbl1.pak	0x0182BB20	Yellow Dye	黄色染色
tbl1.pak	0x0182BF72	Saibaman Extract	栽培人萃取物
tbl1.pak	0x0182BFC4	Scarlet Dye	绯红染色
tbl1.pak	0x0182BFE0	Black Dye	黑色染色
tbl1.pak	0x0182C220	High-Class Robot Part	高级-职业机器人零件
tbl1.pak	0x0182C46A	Capsule Corp Machine	胶囊公司机器
tbl1.pak	0x0182C5A4	Android Power Device	人造人力量装置
tbl1.pak	0x0182C8BA	Alien Detoxification Kit	异星解毒工具包
tbl1.pak	0x0182C938	Black Box	黑色盒
tbl1.pak	0x0182CB54	Mushroom Box	蘑菇盒
tbl1.pak	0x0182CC46	Sparkling Water	闪耀水
# TAIWAN_OVERLAP_DISABLED_20260608	translation_in_taiwan_item_tables	refs=table_text_all_data.rdf:12:1435:0
# tbl1.pak	0x0182D220	RP Special Robot Parts	RP特殊机器人零件
tbl1.pak	0x0182D252	Popo Pound Cell	波波重击沙鲁
# TAIWAN_OVERLAP_DISABLED_20260608	translation_in_taiwan_item_tables	refs=table_text_all_data.rdf:12:1437:0
# tbl1.pak	0x0182D276	CC Robot Processor	CC机器人处理器
tbl1.pak	0x0182D78A	Wild Mushroom	狂野蘑菇
tbl1.pak	0x0182D7C4	Dragon Stone	龙石
tbl1.pak	0x0182DD54	Paella Chest	皮拉夫胸甲
tbl1.pak	0x0182DFEE	Dragon Egg	龙蛋
tbl1.pak	0x0182E272	Dragon's Claws	龙的爪
tbl1.pak	0x0182E6F0	Broken Dragon Clan Staff	Broken 那美克龙族 Staff
tbl1.pak	0x0182EBE4	Family Necklace Photo	家族项链照片
tbl1.pak	0x0182F052	King's Letter	王的信
tbl1.pak	0x0182F5EE	Octopus Skin	章鱼皮肤
tbl1.pak	0x0183104C	Namek Warrior Caleb's very heavy bag.	那美克战士 Caleb's very heavy bag.
tbl1.pak	0x0183109C	Namek Warrior Cleru's delicious pineapple.	那美克战士 Cleru's delicious pineapple.
tbl1.pak	0x01831A70	Namek Warrior Howe's entrusted letter.	那美克战士 Howe's entrusted letter.
tbl1.pak	0x018347FA	Red Crystal	红色水晶
tbl1.pak	0x0183751A	Big Metal Bucket	大金属桶
tbl1.pak	0x0183DE7C	CCloak, handed over from  legendary\nNamek Warrior Mr. P. to Gullah.	CCloak, handed over from  legendary\n那美克战士 Mr. P. to Gullah.
tbl1.pak	0x0185DF82	Very old Dragon Clan Staff.	Very old 那美克龙族 Staff.
tbl1.pak	0x0186B754	Capsule Box	盒胶囊
tbl1.pak	0x0186B850	Alternate Key	异色钥匙
# TAIWAN_DEEP_OVERLAP_DISABLED_20260608	translation_any_taiwan	refs=local_data.dat:DST_HUMAN_FIGHTER;table_text_all_data.rdf:13:6010:0;table_text_all_data.rdf:14:3005:0;table_text_all_data.rdf:6:1181101:0;table_text_all_data.rdf:6:1181102:0
# tbl1.pak	0x0186B918	Martial Artist	武道家
# TAIWAN_DEEP_OVERLAP_DISABLED_20260608	translation_any_taiwan	refs=local_data.dat:DST_HUMAN_MYSTIC;table_text_all_data.rdf:13:6011:0;table_text_all_data.rdf:14:3006:0
# tbl1.pak	0x0186B93A	Spiritualist	气功师
# TAIWAN_DEEP_OVERLAP_DISABLED_20260608	translation_any_taiwan	refs=local_data.dat:DST_NAMEK_FIGHTER;table_text_all_data.rdf:13:6008:0;table_text_all_data.rdf:14:3007:0;table_text_all_data.rdf:3:111703240:0
# tbl1.pak	0x0186B958	Warrior	那美克战士
# TAIWAN_DEEP_OVERLAP_DISABLED_20260608	translation_any_taiwan	refs=local_data.dat:DST_NAMEK_MYSTIC;table_text_all_data.rdf:13:6009:0;table_text_all_data.rdf:14:3008:0
# tbl1.pak	0x0186B96C	Dragon Clan	那美克龙族
# TAIWAN_DEEP_OVERLAP_DISABLED_20260608	translation_any_taiwan	refs=local_data.dat:DST_WONDER_MAJIN;table_text_all_data.rdf:13:6014:0;table_text_all_data.rdf:14:3010:0
# tbl1.pak	0x0186B9A6	Wonder Majin	意魔人
tbl1.pak	0x01879110	Old Cell Ring	老旧沙鲁戒指
tbl1.pak	0x01879130	New Cell Ring	新沙鲁戒指
tbl1.pak	0x0187972E	CC Life Material	CC生命材料
# TAIWAN_OVERLAP_DISABLED_20260608	translation_in_taiwan_item_tables	refs=table_text_all_data.rdf:3:111704390:0
# tbl1.pak	0x018C9AC4	Strong Soul	强力灵魂
tbl1.pak	0x018C9AE0	Soul King	灵魂王
tbl1.pak	0x018C9D2A	Red Fury	红色狂怒
tbl1.pak	0x018C9F8C	Dragon Fury	龙狂怒
tbl1.pak	0x018CA0FA	Noble Soul	贵族灵魂
tbl1.pak	0x018CA29A	Ultimate Combo	终极连击
tbl1.pak	0x018CA388	Happy Halloween	快乐万圣节
# TAIWAN_DEEP_OVERLAP_DISABLED_20260608	translation_any_taiwan	refs=local_data.dat:DST_TELEPORT_TYPE_DUNGEON
# tbl1.pak	0x011ADE53	Dungeon	副本
tbl1.pak	0x012109CD	HEN Buff 50400 Lv1	HEN增益50400Lv1
tbl1.pak	0x01210B29	HEN Buff 50400 Lv2	HEN增益50400Lv2
tbl1.pak	0x01210C85	HEN Buff 50400 Lv3	HEN增益50400Lv3
tbl1.pak	0x01210DE1	HEN Buff 50400 Lv4	HEN增益50400Lv4
tbl1.pak	0x01210F3D	HEN Buff 50410 Lv1	HEN增益50410Lv1
tbl1.pak	0x01211099	HEN Buff 50410 Lv2	HEN增益50410Lv2
tbl1.pak	0x012111F5	HEN Buff 50410 Lv3	HEN增益50410Lv3
tbl1.pak	0x01211351	HEN Buff 50410 Lv4	HEN增益50410Lv4
tbl1.pak	0x012114AD	HEN Buff 50420 Lv1	HEN增益50420Lv1
tbl1.pak	0x01211609	HEN Buff 50420 Lv2	HEN增益50420Lv2
tbl1.pak	0x01211765	HEN Buff 50420 Lv3	HEN增益50420Lv3
tbl1.pak	0x012118C1	HEN Buff 50420 Lv4	HEN增益50420Lv4
tbl1.pak	0x01211A1D	HEN Buff 50430 Lv1	HEN增益50430Lv1
tbl1.pak	0x01211B79	HEN Buff 50430 Lv2	HEN增益50430Lv2
tbl1.pak	0x01211CD5	HEN Buff 50430 Lv3	HEN增益50430Lv3
tbl1.pak	0x01211E31	HEN Buff 50430 Lv4	HEN增益50430Lv4
tbl1.pak	0x01211F8D	HEN Buff 50440 Lv1	HEN增益50440Lv1
tbl1.pak	0x012120E9	HEN Buff 50440 Lv2	HEN增益50440Lv2
tbl1.pak	0x01212245	HEN Buff 50440 Lv3	HEN增益50440Lv3
tbl1.pak	0x012123A1	HEN Buff 50440 Lv4	HEN增益50440Lv4
tbl1.pak	0x0121459D	Dragon Clan Transformation	那美克龙族 Transformation
tbl1.pak	0x012149B1	SSJ GOD Spiritualist	SSJ GOD 气功师
tbl1.pak	0x01214DC5	SSJ2 Spiritualist	SSJ2 气功师
tbl1.pak	0x0121507D	SSJ4 Spiritualist	SSJ4 气功师
tbl1.pak	0x012151D9	Super Buu Might	超级布欧大
tbl1.pak	0x01215491	Ozaru Spiritualist	大猿气功师
tbl1.pak	0x01215749	Super Buu Wonder	超级布欧意
tbl1.pak	0x01215A01	Gotenks Buu Might	悟天克斯布欧大
tbl1.pak	0x01215B5D	Gotenks Buu Wonder	悟天克斯布欧意
tbl1.pak	0x01215CB9	Dark Namek Warrior	黑暗那美克战士
tbl1.pak	0x01215E15	Dark Namek Dragon Clan	黑暗那美克龙族
tbl1.pak	0x01225169	SSJ Blue Spiritualist	SSJ Blue 气功师
tbl1.pak	0x01238B6D	SS3 Might	超级赛亚人3大
tbl1.pak	0x01238CC9	SS3 Wonder	超级赛亚人3意
tbl1.pak	0x0123B021	Orange Muscle Dragon Clan	Orange Muscle 那美克龙族
tbl1.pak	0x0125A9D1	Daima SS4 Spiritualist	Daima SS4 气功师
tbl1.pak	0x0125AB2D	Imperator Namek Warrior	帝王那美克战士
tbl1.pak	0x0125AC89	Imperator Namek Dragon Clan	帝王那美克龙族
tbl1.pak	0x0125ADE5	Xeno Majin Might	异次元魔人大
tbl1.pak	0x0125AF41	Xeno Majin Wonder	异次元魔人意
tbl1.pak	0x01262429	SSJ3 Spiritualist	SSJ3 气功师
tbl1.pak	0x01272671	Turtle	龟
tbl1.pak	0x012843E9	Buff SK 85	增益SK85
# TAIWAN_DEEP_OVERLAP_DISABLED_20260608	translation_any_taiwan	refs=table_text_all_data.rdf:13:17029:0
# tbl1.pak	0x012B37B9	Fighter	战士
tbl1.pak	0x012B6CBD	Golden Ozaru	黄金大猿
tbl1.pak	0x012B6E19	Golden Ozaru Spiritualist	黄金大猿气功师
tbl1.pak	0x012D5DC7	Dark Devil's Silver Coin	黑暗魔鬼的银色硬币
tbl1.pak	0x012D5EE1	Dark Devil's Gold Coin	黑暗魔鬼的黄金硬币
tbl1.pak	0x012D5FEF	Dark Devil Silver Coin Title	黑暗魔鬼银色硬币称号
tbl1.pak	0x012D8805	Blessed Chest	祝福胸甲
tbl1.pak	0x012D888F	Wind Chest	风胸甲
tbl1.pak	0x012D890D	Hot Chest A	火辣胸甲A
tbl1.pak	0x012D898D	Hot Chest B	火辣胸甲B
# TAIWAN_OVERLAP_DISABLED_20260608	translation_in_taiwan_item_tables	refs=table_text_all_data.rdf:3:10170:0
# tbl1.pak	0x012D93B5	Shenron Coin	神龙硬币
tbl1.pak	0x012D96E1	Powerful Treasure Chest A	强力宝箱A
tbl1.pak	0x012D9785	Kami's Chest A	天神的胸甲A
tbl1.pak	0x012D97A7	Old Chest	老旧胸甲
tbl1.pak	0x012D9805	Powerful Treasure Chest B	强力宝箱B
tbl1.pak	0x012D983D	Powerful Treasure Chest C	强力宝箱C
tbl1.pak	0x012D9951	Mysterious Treasure Chest B	神秘宝箱B
tbl1.pak	0x012D998D	Mysterious Treasure Chest C	神秘宝箱C
tbl1.pak	0x012D99C9	Powerful Treasure Chest D	强力宝箱D
tbl1.pak	0x012D9A6F	Mysterious Treasure Chest D	神秘宝箱D
tbl1.pak	0x012DA26D	Red Dye	红色染色
tbl1.pak	0x012DA3DD	Green Dye	绿色染色
tbl1.pak	0x012DA43D	Blue Dye	蓝色染色
tbl1.pak	0x012DA4D9	Purple Dye	紫色染色
tbl1.pak	0x012DBCB1	Korin Ring	卡林戒指
# TAIWAN_OVERLAP_DISABLED_20260608	translation_in_taiwan_item_tables	refs=table_text_all_data.rdf:3:180110:0
# tbl1.pak	0x012DC2EB	CC Life Pill S	CC生命药丸S
# TAIWAN_OVERLAP_DISABLED_20260608	translation_in_taiwan_item_tables	refs=table_text_all_data.rdf:3:14000060:0;table_text_all_data.rdf:3:180130:0
# tbl1.pak	0x012DC507	CC Life Pill L	CC生命药丸L
# TAIWAN_OVERLAP_DISABLED_20260608	translation_in_taiwan_item_tables	refs=table_text_all_data.rdf:3:180140:0
# tbl1.pak	0x012DC5BF	CC Life Pill X	CC生命药丸X
tbl1.pak	0x012DC675	CC Magic Pill S	CC魔法药丸S
tbl1.pak	0x012DC7F9	CC Magic Pill M	CC魔法药丸M
tbl1.pak	0x012DC8EF	CC Magic Pill L	CC魔法药丸L
tbl1.pak	0x012DC9AB	CC Magic Pill X	CC魔法药丸X
tbl1.pak	0x012DCC95	Smoked Tilapia	烟熏罗非鱼
tbl1.pak	0x012DD14B	Medicinal Herbs	药用药草
tbl1.pak	0x012DD8D9	Plump Chocolate	饱满巧克力
tbl1.pak	0x012DDC1D	Sparkling Pudding	闪耀布丁
tbl1.pak	0x012DDF8B	Energy Drink	气功饮料
tbl1.pak	0x012DE06B	Mineral Drink	矿石饮料
tbl1.pak	0x012DE151	Cosmo Drink	宇宙饮料
tbl1.pak	0x012DE235	Green Bull	绿色公牛
# TAIWAN_OVERLAP_DISABLED_20260608	translation_in_taiwan_item_tables	refs=table_text_all_data.rdf:3:180650:0
# tbl1.pak	0x012DE323	Z Drink	Z饮料
tbl1.pak	0x012DE533	Energy Club Drink	气功棒饮料
tbl1.pak	0x012DE617	Medicinal Water	药用水
tbl1.pak	0x012DE6EB	Leaf Water	叶水
tbl1.pak	0x012DE7B7	Ice Water	冰水
tbl1.pak	0x012DE9F3	Pure Water	纯粹水
tbl1.pak	0x012DEEE1	Cream Soda	奶油苏打
# TAIWAN_OVERLAP_DISABLED_20260608	translation_in_taiwan_item_tables	refs=table_text_all_data.rdf:3:180910:0;table_text_all_data.rdf:3:29000880:0
# tbl1.pak	0x012DF255	Detoxification Capsule	解毒胶囊
tbl1.pak	0x012DF34D	Great Detoxification Capsule	巨大解毒胶囊
# TAIWAN_OVERLAP_DISABLED_20260608	translation_in_taiwan_item_tables	refs=table_text_all_data.rdf:3:180920:0;table_text_all_data.rdf:3:29001730:0
# tbl1.pak	0x012DF467	Premium Detoxification Capsule	高级解毒胶囊
tbl1.pak	0x012E1359	HL Life Pill X	HL生命药丸X
tbl1.pak	0x012E13FF	HL Life Pill Y	HL生命药丸Y
tbl1.pak	0x012E14BF	HL Magic Pill X	HL魔法药丸X
tbl1.pak	0x012E1569	HL Magic Pill Y	HL魔法药丸Y
tbl1.pak	0x012E1921	HL Life Pill X-S	HL生命药丸X-S
tbl1.pak	0x012E19BF	HL Life Pill Y-S	HL生命药丸Y-S
tbl1.pak	0x012E1A83	HL Magic Pill X-S	HL魔法药丸X-S
tbl1.pak	0x012E1B25	HL Magic Pill Y-S	HL魔法药丸Y-S
tbl1.pak	0x012E1D2B	HL Detoxification Pill S	HL解毒药丸S
tbl1.pak	0x012E1DA5	HL Pain Treatment Pill S	HL疼痛治疗药丸S
tbl1.pak	0x012E20F9	Energy Potion	气功药水
tbl1.pak	0x012E216F	Soul Potion	灵魂药水
# TAIWAN_OVERLAP_DISABLED_20260608	translation_in_taiwan_item_tables	refs=table_text_all_data.rdf:3:181470:0;table_text_all_data.rdf:3:29004050:0
# tbl1.pak	0x012E21E9	Speed Potion	速度药水
tbl1.pak	0x012E3031	HL Life Pill Z	HL生命药丸Z
tbl1.pak	0x012E30DB	HL Life Pill Z-S	HL生命药丸Z-S
tbl1.pak	0x012E3189	HL Magic Pill Z	HL魔法药丸Z
tbl1.pak	0x012E3237	HL Magic Pill Z-S	HL魔法药丸Z-S
tbl1.pak	0x012EBD69	Basic Capsule Kit	基础胶囊工具包
tbl1.pak	0x012EC1C3	Red Capsule Box N4	红色胶囊盒N4
tbl1.pak	0x012EC7E3	Upgrade Stone U15	升级石U15
tbl1.pak	0x012EC917	Pure Upgrade Stone U15	纯粹升级石U15
tbl1.pak	0x012ECA59	Black Downgrade Stone U15	黑色降级石U15
# TAIWAN_DEEP_OVERLAP_DISABLED_20260608	pair_any_taiwan	refs=local_data.dat:DST_DOJO_UPGRADE_NEED_ITEM
# tbl1.pak	0x012ECB39	Upgrade Stone	升级石
tbl1.pak	0x012ECBFD	Pure Upgrade Stone	纯粹升级石
tbl1.pak	0x012ECCCF	Black Downgrade Stone	黑色降级石
tbl1.pak	0x012ECDA7	Special Upgrade Stone	特殊升级石
tbl1.pak	0x012ED3B3	Life Spirit Stone	生命精神石
tbl1.pak	0x012ED45B	Energy Spirit Stone	气功精神石
tbl1.pak	0x012ED6D3	Upgrade Stone U25	升级石U25
tbl1.pak	0x012ED885	1 Star Dragon Ball	1星龙珠
tbl1.pak	0x012ED971	2 Star Dragon Ball	2星龙珠
tbl1.pak	0x012EDA5D	3 Star Dragon Ball	3星龙珠
tbl1.pak	0x012EDB49	4 Star Dragon Ball	4星龙珠
tbl1.pak	0x012EDD21	6 Star Dragon Ball	6星龙珠
tbl1.pak	0x012EDE0D	7 Star Dragon Ball	7星龙珠
tbl1.pak	0x012EFD63	Ancient Staff	古代杖
# TAIWAN_OVERLAP_DISABLED_20260608	translation_in_taiwan_item_tables	refs=table_text_all_data.rdf:3:6660080:0;table_text_all_data.rdf:3:801060:0
# tbl1.pak	0x012EFFC5	Rubber Staff	橡胶杖
tbl1.pak	0x012F0215	Purple Crystal Staff	紫色水晶杖
tbl1.pak	0x012F0981	Red Flame Scroll	红色火焰卷轴
tbl1.pak	0x012F0BA5	Red Magic Flame Gem	红色魔法火焰宝石
tbl1.pak	0x012F108D	Warrior Sword	那美克战士剑
tbl1.pak	0x012F1247	Green Jade Wand	绿色翡翠短杖
tbl1.pak	0x012F12B9	Turtle Wand	龟短杖
# TAIWAN_OVERLAP_DISABLED_20260608	translation_in_taiwan_item_tables	refs=table_text_all_data.rdf:3:6750030:0;table_text_all_data.rdf:3:810020:0
# tbl1.pak	0x012F1501	Rainbow Crane Fan	彩虹鹤扇
# tbl1.pak	0x012F1F21	Devil Mask	魔鬼面具
# tbl1.pak	0x012F206B	Mechanical Mask	机械面具
# tbl1.pak	0x012F2B35	Yahoi Spirit Necklace	雅霍伊精神项链
# tbl1.pak	0x012F2CA5	Legendary Gem Necklace	传说宝石项链
# tbl1.pak	0x012F3325	Red Jade Ring	红色翡翠戒指
# tbl1.pak	0x012F3A6B	Demon Spirit Ring	恶魔精神戒指
# tbl1.pak	0x012F45D3	Fire Earring	火耳环
# tbl1.pak	0x012F47F1	Dark Blue Earring	黑暗蓝色耳环
# tbl1.pak	0x012F4BEB	Spirit Earring	精神耳环
# tbl1.pak	0x012F4D89	Red Flame Earring	红色火焰耳环
# tbl1.pak	0x012F56AF	Alien Scouter	异星探测器
# tbl1.pak	0x012F58BF	Frieza Scouter	弗利萨探测器
# tbl1.pak	0x012F5959	Super Scouter	超级探测器
# TAIWAN_OVERLAP_DISABLED_20260608	translation_in_taiwan_item_tables	refs=table_text_all_data.rdf:3:826100:0
# tbl1.pak	0x012F5C93	Powerful Life Capsule	强力生命胶囊
tbl1.pak	0x012F69BD	Black Frog Meat	黑色青蛙肉
tbl1.pak	0x012FD40D	HCostume provided for kids at the\nbeginnings of Martial Artist training.	HCostume provided for kids at the\nbeginnings of 武道家 training.
tbl1.pak	0x012FE319	ZMartial Artist tops made with human made\nfibre copied from firm skin tissues of namekian.	Z武道家 tops made with human made\nfibre copied from firm skin tissues of namekian.
tbl1.pak	0x012FE3FD	ZMartial Artist tops made with human made\nfibre copied from firm skin tissues of namekian.	Z武道家 tops made with human made\nfibre copied from firm skin tissues of namekian.
tbl1.pak	0x012FE4E1	ZMartial Artist tops made with human made\nfibre copied from firm skin tissues of namekian.	Z武道家 tops made with human made\nfibre copied from firm skin tissues of namekian.
tbl1.pak	0x0130A767	Yamcha's Outfit	雅木茶的套装
tbl1.pak	0x0130A85B	Kami's Outfit	天神的套装
tbl1.pak	0x0130AAE7	Android 16 Outfit	人造人16套装
# TAIWAN_OVERLAP_DISABLED_20260608	translation_in_taiwan_item_tables	refs=table_text_all_data.rdf:3:111700250:0;table_text_all_data.rdf:3:14100060:0;table_text_all_data.rdf:3:29001890:0;table_text_all_data.rdf:3:900090:0
# tbl1.pak	0x0130ADA5	Saibaman Outfit	栽培人套装
# tbl1.pak	0x0130CA93	9Arrogant Rabbit Boss made through the Martial Artist top.	9Arrogant Rabbit Boss made through the 武道家 top.
# tbl1.pak	0x0130CB47	9Arrogant Rabbit Boss made through the Martial Artist top.	9Arrogant Rabbit Boss made through the 武道家 top.
# tbl1.pak	0x0130CBFB	9Arrogant Rabbit Boss made through the Martial Artist top.	9Arrogant Rabbit Boss made through the 武道家 top.
# tbl1.pak	0x0130DF09	Android 17 Outfit	人造人17套装
# tbl1.pak	0x0130E9F1	Devil's Outfit	魔鬼的套装
# tbl1.pak	0x0130EB33	Devil Wings	魔鬼翅膀
# tbl1.pak	0x0130EBA7	Devil Wings 2	魔鬼翅膀2
# tbl1.pak	0x0130EBFF	Devil Wings 3	魔鬼翅膀3
# tbl1.pak	0x0130EC57	King Outfit	王套装
# tbl1.pak	0x0130F1D9	Bulma's Custom Outfit	布尔玛的定制套装
# tbl1.pak	0x0130F39B	Bulma's Cosmic Outfit	布尔玛的宇宙套装
# tbl1.pak	0x0130F61F	Pirate Captain Outfit 1	海盗队长套装1
# tbl1.pak	0x0130F6A1	Pirate Captain Outfit 2	海盗队长套装2
# tbl1.pak	0x0130F723	Pirate Captain Outfit 3	海盗队长套装3
# tbl1.pak	0x0130F7A5	Pirate Captain Hat 1	海盗队长帽子1
# tbl1.pak	0x0130F81B	Pirate Captain Hat 2	海盗队长帽子2
# tbl1.pak	0x0130F891	Pirate Captain Hat 3	海盗队长帽子3
# tbl1.pak	0x0130F94D	Popo Outfit 1	波波套装1
# tbl1.pak	0x0130F9A7	Popo Outfit 2	波波套装2
# tbl1.pak	0x0130FA01	Popo Outfit 3	波波套装3
# tbl1.pak	0x0130FC33	Simple Outfit	简单套装
# tbl1.pak	0x0130FCA9	New Outfit	新套装
tbl1.pak	0x0130FE8B	Z-Warrior Outfit	Z-战士套装
tbl1.pak	0x013108C5	Chocolate Namek	巧克力那美克
tbl1.pak	0x01311F1B	Treasure Chest A	宝箱A
tbl1.pak	0x01311FF7	Fancy Treasure Chest A	华丽宝箱A
tbl1.pak	0x01312067	Mysterious Treasure Chest A	神秘宝箱A
# TAIWAN_OVERLAP_DISABLED_20260608	translation_in_taiwan_item_tables	refs=table_text_all_data.rdf:3:920540:0;table_text_all_data.rdf:3:920541:0;table_text_all_data.rdf:3:92054:0
# tbl1.pak	0x013120DF	Old Treasure Chest	老旧宝箱
tbl1.pak	0x01312133	Treasure Key	宝藏钥匙
tbl1.pak	0x013121C7	General Key	将军钥匙
tbl1.pak	0x0131222D	Treasure Chest B	宝箱B
tbl1.pak	0x01312285	Treasure Chest C	宝箱C
tbl1.pak	0x013123E5	Fancy Treasure Chest B	华丽宝箱B
tbl1.pak	0x0131245D	Fancy Treasure Chest C	华丽宝箱C
tbl1.pak	0x013125C5	Treasure Chest D	宝箱D
tbl1.pak	0x01312681	Fancy Treasure Chest D	华丽宝箱D
tbl1.pak	0x01312B2F	GM Mask	GM面具
# TAIWAN_OVERLAP_DISABLED_20260608	translation_in_taiwan_item_tables	refs=table_text_all_data.rdf:3:980140:0
# tbl1.pak	0x01313309	Soul Capsule	灵魂胶囊
# TAIWAN_OVERLAP_DISABLED_20260608	translation_in_taiwan_item_tables	refs=table_text_all_data.rdf:3:990410:0
# tbl1.pak	0x01316343	CC Bomb	CC炸弹
# TAIWAN_OVERLAP_DISABLED_20260608	translation_in_taiwan_item_tables	refs=table_text_all_data.rdf:3:990580:0
# tbl1.pak	0x013171A9	Mira's Army Bomb	米拉军炸弹
tbl1.pak	0x0131A41B	Short Circuit Device	短电路装置
# TAIWAN_OVERLAP_DISABLED_20260608	translation_in_taiwan_item_tables	refs=table_text_all_data.rdf:3:1100100:0;table_text_all_data.rdf:3:1100200:0;table_text_all_data.rdf:3:1100300:0;table_text_all_data.rdf:3:1100400:0;table_text_all_data.rdf:3:1100500:0
# tbl1.pak	0x0131F5D3	Yellow Capsule	黄色胶囊
# TAIWAN_OVERLAP_DISABLED_20260608	translation_in_taiwan_item_tables	refs=table_text_all_data.rdf:3:1200100:0;table_text_all_data.rdf:3:1200200:0;table_text_all_data.rdf:3:1200300:0;table_text_all_data.rdf:3:1200400:0;table_text_all_data.rdf:3:1200500:0
# tbl1.pak	0x01326405	Red Capsule	红色胶囊
# TAIWAN_OVERLAP_DISABLED_20260608	translation_in_taiwan_item_tables	refs=table_text_all_data.rdf:3:1300100:0;table_text_all_data.rdf:3:1300200:0;table_text_all_data.rdf:3:1300300:0;table_text_all_data.rdf:3:1300400:0;table_text_all_data.rdf:3:1300500:0
# tbl1.pak	0x01328119	Blue Capsule	蓝色胶囊
tbl1.pak	0x01328F01	Pirate Treasure Chest	海盗宝箱
tbl1.pak	0x01329071	Gold Chest	黄金胸甲
# TAIWAN_OVERLAP_DISABLED_20260608	translation_in_taiwan_item_tables	refs=table_text_all_data.rdf:3:1302030:0;table_text_all_data.rdf:3:14100110:0
# tbl1.pak	0x0132922F	Recovery Capsule	恢复胶囊
tbl1.pak	0x01329615	Ring Capsule	戒指胶囊
tbl1.pak	0x0132A093	BD Capsule	BD胶囊
tbl1.pak	0x0132AFF5	God's Dragon Clan Gift	God's 那美克龙族 Gift
tbl1.pak	0x0132B1E1	God's Spiritualist Gift	God's 气功师 Gift
tbl1.pak	0x0132B3D1	God's Wonder Majin Gift	God's 意魔人 Gift
tbl1.pak	0x0133D92D	Weapon Upgrade Stone	武器升级石
# TAIWAN_OVERLAP_DISABLED_20260608	same_source_in_taiwan_rdf	refs=table_text_all_data.rdf:3:1510120:0;table_text_all_data.rdf:7:1510120:0
# tbl1.pak	0x0133DC8F	Super Saiyan Blue	超级赛亚人蓝
tbl1.pak	0x0133DCB7	Weapon Upgrade Stone U6	武器升级石U6
tbl1.pak	0x0133DE1D	Weapon Upgrade Stone U11	武器升级石U11
tbl1.pak	0x0133DF87	Weapon Upgrade Stone U16	武器升级石U16
tbl1.pak	0x0133E0F1	Weapon Upgrade Stone U21	武器升级石U21
tbl1.pak	0x0133E25B	Weapon Upgrade Stone U26	武器升级石U26
tbl1.pak	0x0133E3C5	Weapon Upgrade Stone U30	武器升级石U30
tbl1.pak	0x0133E52F	Weapon Upgrade Stone U34	武器升级石U34
tbl1.pak	0x0133E699	Weapon Upgrade Stone U38	武器升级石U38
tbl1.pak	0x0133E803	Weapon Upgrade Stone U42	武器升级石U42
tbl1.pak	0x0133E96D	Weapon Upgrade Stone U46	武器升级石U46
tbl1.pak	0x0133EAD7	Weapon Upgrade Stone U50	武器升级石U50
tbl1.pak	0x0133EC41	Weapon Upgrade Stone U53	武器升级石U53
tbl1.pak	0x0133EDAB	Weapon Upgrade Stone U55	武器升级石U55
tbl1.pak	0x0133EF15	Weapon Upgrade Stone U58	武器升级石U58
tbl1.pak	0x0133F07F	Weapon Upgrade Stone U60	武器升级石U60
tbl1.pak	0x0133F1E9	Weapon Upgrade Stone U65	武器升级石U65
tbl1.pak	0x0133F353	Weapon Upgrade Stone U70	武器升级石U70
tbl1.pak	0x01340F2B	Advanced Weapon Upgrade Stone U6	高级武器升级石U6
tbl1.pak	0x01341053	Advanced Weapon Upgrade Stone U11	高级武器升级石U11
tbl1.pak	0x0134117F	Advanced Weapon Upgrade Stone U16	高级武器升级石U16
tbl1.pak	0x013412AB	Advanced Weapon Upgrade Stone U21	高级武器升级石U21
tbl1.pak	0x013413D7	Advanced Weapon Upgrade Stone U26	高级武器升级石U26
tbl1.pak	0x01341503	Advanced Weapon Upgrade Stone U30	高级武器升级石U30
tbl1.pak	0x0134162F	Advanced Weapon Upgrade Stone U34	高级武器升级石U34
tbl1.pak	0x0134175B	Advanced Weapon Upgrade Stone U38	高级武器升级石U38
tbl1.pak	0x01341887	Advanced Weapon Upgrade Stone U42	高级武器升级石U42
tbl1.pak	0x013419B3	Advanced Weapon Upgrade Stone U46	高级武器升级石U46
tbl1.pak	0x01341ADF	Advanced Weapon Upgrade Stone U50	高级武器升级石U50
tbl1.pak	0x01341C0B	Advanced Weapon Upgrade Stone U53	高级武器升级石U53
tbl1.pak	0x01341D37	Advanced Weapon Upgrade Stone U55	高级武器升级石U55
tbl1.pak	0x01341E63	Advanced Weapon Upgrade Stone U58	高级武器升级石U58
tbl1.pak	0x01341F8F	Advanced Weapon Upgrade Stone U60	高级武器升级石U60
tbl1.pak	0x013420BB	Advanced Weapon Upgrade Stone U65	高级武器升级石U65
tbl1.pak	0x013421E7	Advanced Weapon Upgrade Stone U70	高级武器升级石U70
tbl1.pak	0x013436B7	Weapon Downgrade Stone U6	武器降级石U6
tbl1.pak	0x01343821	Weapon Downgrade Stone U11	武器降级石U11
tbl1.pak	0x0134398F	Weapon Downgrade Stone U16	武器降级石U16
tbl1.pak	0x01343AFD	Weapon Downgrade Stone U21	武器降级石U21
tbl1.pak	0x01343C6B	Weapon Downgrade Stone U26	武器降级石U26
tbl1.pak	0x01343DD9	Weapon Downgrade Stone U30	武器降级石U30
tbl1.pak	0x01343F47	Weapon Downgrade Stone U34	武器降级石U34
tbl1.pak	0x013440B5	Weapon Downgrade Stone U38	武器降级石U38
tbl1.pak	0x01344223	Weapon Downgrade Stone U42	武器降级石U42
tbl1.pak	0x01344391	Weapon Downgrade Stone U46	武器降级石U46
tbl1.pak	0x013444FF	Weapon Downgrade Stone U50	武器降级石U50
tbl1.pak	0x0134466D	Weapon Downgrade Stone U53	武器降级石U53
tbl1.pak	0x013447DB	Weapon Downgrade Stone U55	武器降级石U55
tbl1.pak	0x01344949	Weapon Downgrade Stone U58	武器降级石U58
tbl1.pak	0x01344AB7	Weapon Downgrade Stone U60	武器降级石U60
tbl1.pak	0x01344C25	Weapon Downgrade Stone U65	武器降级石U65
tbl1.pak	0x01344D93	Weapon Downgrade Stone U70	武器降级石U70
tbl1.pak	0x0134657F	8 Weapon Coupon	8武器券
tbl1.pak	0x013467A9	10 Weapon Coupon	10武器券
tbl1.pak	0x01348221	1 Star Event Dragon Ball	1星活动龙珠
tbl1.pak	0x013482D9	2 Star Event Dragon Ball	2星活动龙珠
tbl1.pak	0x01348391	3 Star Event Dragon Ball	3星活动龙珠
tbl1.pak	0x01348449	4 Star Event Dragon Ball	4星活动龙珠
tbl1.pak	0x01348501	5 Star Event Dragon Ball	5星活动龙珠
tbl1.pak	0x013485B9	6 Star Event Dragon Ball	6星活动龙珠
tbl1.pak	0x01348671	7 Star Event Dragon Ball	7星活动龙珠
# TAIWAN_OVERLAP_DISABLED_20260608	translation_in_taiwan_item_tables	refs=table_text_all_data.rdf:3:2000480:0
# tbl1.pak	0x01348729	Battle Dragon Ball	战斗龙珠
tbl1.pak	0x01348EED	Super Saiyan Potion [Martial Artist]	超级赛亚人药水[武道家]
tbl1.pak	0x013490DB	Great Namek Potion	巨大那美克药水
tbl1.pak	0x0134928D	Pure Majin Potion	纯粹魔人药水
tbl1.pak	0x013493F7	Super Saiyan Potion [Spiritualist]	超级赛亚人药水[气功师]
tbl1.pak	0x013495E1	Super Saiyan Potion [Martial Artist]	超级赛亚人药水[武道家]
tbl1.pak	0x01349AEB	Super Saiyan Potion [Spiritualist]	超级赛亚人药水[气功师]
tbl1.pak	0x0134E08B	Party Popo	组队波波
# TAIWAN_OVERLAP_DISABLED_20260608	same_source_translation_in_taiwan_rdf	refs=table_text_all_data.rdf:3:3031490:0
# tbl1.pak	0x0134E737	EV Capsule Box Z64	EV胶囊盒Z64
# TAIWAN_OVERLAP_DISABLED_20260608	same_source_translation_in_taiwan_rdf	refs=table_text_all_data.rdf:3:3031500:0
# tbl1.pak	0x0134E7B5	EV Capsule Box Z48	EV胶囊盒Z48
# TAIWAN_OVERLAP_DISABLED_20260608	same_source_translation_in_taiwan_rdf	refs=table_text_all_data.rdf:3:3031510:0
# tbl1.pak	0x0134E833	EV Capsule Box Z40	EV胶囊盒Z40
tbl1.pak	0x0134F78B	Energy Potion (X)	气功药水(X)
# TAIWAN_OVERLAP_DISABLED_20260608	translation_in_taiwan_item_tables	refs=table_text_all_data.rdf:3:4010100:0;table_text_all_data.rdf:3:4010140:0
# tbl1.pak	0x01351881	Liquid Fuel S3	液体燃料S3
tbl1.pak	0x013523DD	HL Capsule Box Z24	HL胶囊盒Z24
tbl1.pak	0x01352681	HL Capsule Box Z28	HL胶囊盒Z28
tbl1.pak	0x01352925	HL Capsule Box Z32	HL胶囊盒Z32
tbl1.pak	0x013531EF	Advanced Warrior Awakening	高级战士觉醒
tbl1.pak	0x01354BCB	HL Detoxification Pill	HL解毒药丸
tbl1.pak	0x01354C85	HL Pain Treatment Pill	HL疼痛治疗药丸
tbl1.pak	0x0135715B	Advanced Warrior Awakening	高级战士觉醒
tbl1.pak	0x0135FFB3	P Iron Gauntlets	P铁臂甲
tbl1.pak	0x013600D3	P Metal Gauntlets	P金属臂甲
tbl1.pak	0x0136048D	P Namekian Gauntlets	P那美克星人臂甲
tbl1.pak	0x013605A5	P Elder Gauntlets	P长老臂甲
tbl1.pak	0x013608CD	P Lotus Dragon Gauntlets	P莲花龙臂甲
tbl1.pak	0x013610A9	Iron Gauntlets	铁臂甲
tbl1.pak	0x013611C5	Metal Gauntlets	金属臂甲
tbl1.pak	0x0136156F	Namekian Gauntlets	那美克星人臂甲
tbl1.pak	0x01361683	Elder Gauntlets	长老臂甲
tbl1.pak	0x0136199B	Lotus Dragon Gauntlets	莲花龙臂甲
tbl1.pak	0x01362217	E Iron Gauntlets	E铁臂甲
tbl1.pak	0x01362337	E Metal Gauntlets	E金属臂甲
tbl1.pak	0x013626F1	E Namekian Gauntlets	E那美克星人臂甲
tbl1.pak	0x01362809	E Elder Gauntlets	E长老臂甲
tbl1.pak	0x01362B31	E Lotus Dragon Gauntlets	E莲花龙臂甲
tbl1.pak	0x013630BB	Namek Staff	那美克杖
tbl1.pak	0x01363225	Elder Staff	长老杖
tbl1.pak	0x01363585	CC Elite Staff	CC精英杖
# TAIWAN_OVERLAP_DISABLED_20260608	translation_in_taiwan_item_tables	refs=table_text_all_data.rdf:3:5060090:0
# tbl1.pak	0x01363647	Narak Staff	那拉克杖
tbl1.pak	0x01363749	Capsule Staff	杖胶囊
tbl1.pak	0x01363921	Lizard Staff	蜥蜴杖
tbl1.pak	0x01364751	Devil's Claws	魔鬼的爪
tbl1.pak	0x013648C3	Steel Claws	钢爪
# TAIWAN_OVERLAP_DISABLED_20260608	translation_in_taiwan_item_tables	refs=table_text_all_data.rdf:3:5080040:0;table_text_all_data.rdf:3:8280020:0
# tbl1.pak	0x013649E1	Dragon Eye Claws	龙眼爪
tbl1.pak	0x01364AA3	Silver Soul Claws	银色灵魂爪
# TAIWAN_OVERLAP_DISABLED_20260608	translation_in_taiwan_item_tables	refs=table_text_all_data.rdf:3:5080060:0;table_text_all_data.rdf:3:6680230:0;table_text_all_data.rdf:3:8280030:0
# tbl1.pak	0x01364B5B	Meteor Claws	流星爪
tbl1.pak	0x01364E29	Absolute Claws	绝对爪
tbl1.pak	0x01364FEF	Namekian Claws	那美克星人爪
tbl1.pak	0x013650B5	Magic Axe	魔法斧
tbl1.pak	0x01365201	Steel Axe	钢斧
tbl1.pak	0x013653E1	Silver Soul Axe	银色灵魂斧
# TAIWAN_OVERLAP_DISABLED_20260608	translation_in_taiwan_item_tables	refs=table_text_all_data.rdf:3:5090060:0;table_text_all_data.rdf:3:6690100:0;table_text_all_data.rdf:3:8290030:0
# tbl1.pak	0x01365463	Meteor Axe	流星斧
tbl1.pak	0x01365635	Light Axe	光斧
tbl1.pak	0x01365A43	Wind Scroll	风卷轴
tbl1.pak	0x01365B7D	Scroll of Honor	荣耀的卷轴
tbl1.pak	0x01365E27	Star Core Scroll	星核心卷轴
# TAIWAN_DEEP_OVERLAP_DISABLED_20260608	translation_any_taiwan	refs=table_text_all_data.rdf:3:5110010:0
# tbl1.pak	0x013661BF	Crystal	水晶
tbl1.pak	0x01366253	Diamond	钻石
tbl1.pak	0x01366495	Black Crystal	黑色水晶
tbl1.pak	0x013666A3	Black Gem	黑色宝石
tbl1.pak	0x01366739	Light Demon Stone	光恶魔石
tbl1.pak	0x013667F7	Golden Demon Stone	黄金恶魔石
tbl1.pak	0x013668AD	Dark Demon Stone	黑暗恶魔石
tbl1.pak	0x0136695F	Legendary Demon Stone	传说恶魔石
tbl1.pak	0x01366A39	Sapphire Demon Stone	蓝宝石恶魔石
tbl1.pak	0x01366B91	Korin Stick	卡林棍
tbl1.pak	0x01366C81	Steel Stick	钢棍
tbl1.pak	0x01366D41	Tiger Stick	老虎棍
# TAIWAN_OVERLAP_DISABLED_20260608	translation_in_taiwan_item_tables	refs=table_text_all_data.rdf:3:5120060:0;table_text_all_data.rdf:3:8320030:0
# tbl1.pak	0x01366EA1	Meteor Stick	流星棍
tbl1.pak	0x01366F1F	Injection Stick	注射棍
# TAIWAN_OVERLAP_DISABLED_20260608	translation_in_taiwan_item_tables	refs=table_text_all_data.rdf:3:5120080:0;table_text_all_data.rdf:3:5520080:0;table_text_all_data.rdf:3:5920080:0;table_text_all_data.rdf:3:6320080:0;table_text_all_data.rdf:3:7925040:0
# tbl1.pak	0x01366F99	Comet Stick	彗星棍
tbl1.pak	0x01367015	Diamond Stick	钻石棍
tbl1.pak	0x013670CB	Z Awakening Stick	Z觉醒棍
tbl1.pak	0x013673D9	White Wolf Sword	白色狼剑
tbl1.pak	0x01367573	Willow Sword	柳木剑
tbl1.pak	0x013676AB	Star Sword	星剑
tbl1.pak	0x01367723	Soul Sword	灵魂剑
tbl1.pak	0x0136784F	Thunder Sword	雷霆剑
tbl1.pak	0x01367973	Z Thunder Sword	Z雷霆剑
tbl1.pak	0x01367B0D	Crystal Wand	水晶短杖
tbl1.pak	0x01367B6D	Diamond Wand	钻石短杖
tbl1.pak	0x01367C07	Green Wand	绿色短杖
tbl1.pak	0x01367D5F	Comet Wand	彗星短杖
tbl1.pak	0x01367DEF	Z Wand	Z短杖
tbl1.pak	0x01367F11	Thunder Wand	雷霆短杖
tbl1.pak	0x01367FC5	Awakening Wand	觉醒短杖
# TAIWAN_OVERLAP_DISABLED_20260608	translation_in_taiwan_item_tables	refs=table_text_all_data.rdf:3:5150030:0
# tbl1.pak	0x01368321	Phoenix Fan	凤凰扇
tbl1.pak	0x01368397	Eye Fan	眼扇
# TAIWAN_OVERLAP_DISABLED_20260608	translation_in_taiwan_item_tables	refs=table_text_all_data.rdf:3:5150060:0;table_text_all_data.rdf:3:8350030:0
# tbl1.pak	0x01368475	Meteor Fan	流星扇
# TAIWAN_OVERLAP_DISABLED_20260608	translation_in_taiwan_item_tables	refs=table_text_all_data.rdf:3:5150090:0
# tbl1.pak	0x01368617	Lightning Fan	闪电扇
tbl1.pak	0x01368C05	Cannon Fire	炮火
tbl1.pak	0x01368C29	Trumpet	号角
tbl1.pak	0x01368E0F	Super Trumpet	超级号角
tbl1.pak	0x01368F51	Injection Trumpet	注射号角
tbl1.pak	0x01369077	Light Speed Trumpet	光速度号角
tbl1.pak	0x013691DD	Dark Trumpet	黑暗号角
tbl1.pak	0x01369263	Sparkling Trumpet	闪耀号角
tbl1.pak	0x013695C1	Corn Club	玉米棒
tbl1.pak	0x013696EB	Red Corn	红色玉米
tbl1.pak	0x01369AEF	Pound Drum	重击鼓
tbl1.pak	0x0136A179	Sky Drum	天空鼓
tbl1.pak	0x0136A1FF	Big Devil Drum	大魔鬼鼓
tbl1.pak	0x0137014B	O6Skilled Spiritualist beginners practice in this equip.	O6Skilled 气功师 beginners practice in this equip.
tbl1.pak	0x01370207	O6Skilled Spiritualist beginners practice in this equip.	O6Skilled 气功师 beginners practice in this equip.
tbl1.pak	0x013702C3	O6Skilled Spiritualist beginners practice in this equip.	O6Skilled 气功师 beginners practice in this equip.
tbl1.pak	0x01370379	OSEarly on the road to become a Spiritualist\nmaster, must wear these hermit clothes.	OSEarly on the road to become a 气功师\nmaster, must wear these hermit clothes.
tbl1.pak	0x0137046D	OSEarly on the road to become a Spiritualist\nmaster, must wear these hermit clothes.	OSEarly on the road to become a 气功师\nmaster, must wear these hermit clothes.
tbl1.pak	0x01370561	OSEarly on the road to become a Spiritualist\nmaster, must wear these hermit clothes.	OSEarly on the road to become a 气功师\nmaster, must wear these hermit clothes.
tbl1.pak	0x01370A27	ORGenuine Spiritualist masters, worked hard\nto make this high quality hermit equip.	ORGenuine 气功师 masters, worked hard\nto make this high quality hermit equip.
tbl1.pak	0x01370B09	ORGenuine Spiritualist masters, worked hard\nto make this high quality hermit equip.	ORGenuine 气功师 masters, worked hard\nto make this high quality hermit equip.
tbl1.pak	0x01370BEB	ORGenuine Spiritualist masters, worked hard\nto make this high quality hermit equip.	ORGenuine 气功师 masters, worked hard\nto make this high quality hermit equip.
tbl1.pak	0x01370ECB	OBSpiritualist master who used to practice most often wearing these.	OB气功师 master who used to practice most often wearing these.
tbl1.pak	0x01370F83	OBSpiritualist master who used to practice most often wearing these.	OB气功师 master who used to practice most often wearing these.
tbl1.pak	0x0137103B	OBSpiritualist master who used to practice most often wearing these.	OB气功师 master who used to practice most often wearing these.
tbl1.pak	0x0137192B	Spiritualist classic costume. Despite the costs\nof material, has a high quality manufacturing.	气功师 classic costume. Despite the costs\nof material, has a high quality manufacturing.
tbl1.pak	0x01371A3F	Spiritualist classic costume. Despite the costs\nof material, has a high quality manufacturing.	气功师 classic costume. Despite the costs\nof material, has a high quality manufacturing.
tbl1.pak	0x01371B53	Spiritualist classic costume. Despite the costs\nof material, has a high quality manufacturing.	气功师 classic costume. Despite the costs\nof material, has a high quality manufacturing.
tbl1.pak	0x013789C9	Shadow Warrior Equip (Top)	暗影战士装备(上衣)
tbl1.pak	0x01378A87	Shadow Warrior Equip (Pants)	暗影战士装备(裤子)
tbl1.pak	0x01378B49	Shadow Warrior Equip (Shoes)	暗影战士装备(鞋子)
tbl1.pak	0x0137C319	PZWhen you begin the Dragon Clan training wear this equip.\nLightweight and easy to move in.	PZWhen you begin the 那美克龙族 training wear this equip.\nLightweight and easy to move in.
tbl1.pak	0x0137C413	PZWhen you begin the Dragon Clan training wear this equip.\nLightweight and easy to move in.	PZWhen you begin the 那美克龙族 training wear this equip.\nLightweight and easy to move in.
tbl1.pak	0x0137C50D	PZWhen you begin the Dragon Clan training wear this equip.\nLightweight and easy to move in.	PZWhen you begin the 那美克龙族 training wear this equip.\nLightweight and easy to move in.
tbl1.pak	0x0137D10F	PONamekians from Dragon Clan used to\npractice most often wearing this in battle.	PONamekians from 那美克龙族 used to\npractice most often wearing this in battle.
tbl1.pak	0x0137D1F1	PONamekians from Dragon Clan used to\npractice most often wearing this in battle.	PONamekians from 那美克龙族 used to\npractice most often wearing this in battle.
tbl1.pak	0x0137D2D3	PONamekians from Dragon Clan used to\npractice most often wearing this in battle.	PONamekians from 那美克龙族 used to\npractice most often wearing this in battle.
tbl1.pak	0x0137D3BB	P3Ceremonial suit for the Namekians from Dragon Clan.	P3Ceremonial suit for the Namekians from 那美克龙族.
tbl1.pak	0x0137D46F	P3Ceremonial suit for the Namekians from Dragon Clan.	P3Ceremonial suit for the Namekians from 那美克龙族.
tbl1.pak	0x0137D523	P3Ceremonial suit for the Namekians from Dragon Clan.	P3Ceremonial suit for the Namekians from 那美克龙族.
tbl1.pak	0x0138C41F	Pleasant Wind Necklace	愉快风项链
tbl1.pak	0x0138C78B	PUSpiritualists love this necklace.\nIt's said that the symbol engraved is mysteriouse.	PU气功师 love this necklace.\nIt's said that the symbol engraved is mysteriouse.
tbl1.pak	0x0138C86D	PUSpiritualists love this necklace.\nIt's said that the symbol engraved is mysteriouse.	PU气功师 love this necklace.\nIt's said that the symbol engraved is mysteriouse.
tbl1.pak	0x0138C94F	PUSpiritualists love this necklace.\nIt's said that the symbol engraved is mysteriouse.	PU气功师 love this necklace.\nIt's said that the symbol engraved is mysteriouse.
tbl1.pak	0x0138CA31	PUSpiritualists love this necklace.\nIt's said that the symbol engraved is mysteriouse.	PU气功师 love this necklace.\nIt's said that the symbol engraved is mysteriouse.
tbl1.pak	0x0138CB13	PUSpiritualists love this necklace.\nIt's said that the symbol engraved is mysteriouse.	PU气功师 love this necklace.\nIt's said that the symbol engraved is mysteriouse.
tbl1.pak	0x0138CBF5	PUSpiritualists love this necklace.\nIt's said that the symbol engraved is mysteriouse.	PU气功师 love this necklace.\nIt's said that the symbol engraved is mysteriouse.
tbl1.pak	0x0138CCD7	PUSpiritualists love this necklace.\nIt's said that the symbol engraved is mysteriouse.	PU气功师 love this necklace.\nIt's said that the symbol engraved is mysteriouse.
tbl1.pak	0x0138CDB9	PUSpiritualists love this necklace.\nIt's said that the symbol engraved is mysteriouse.	PU气功师 love this necklace.\nIt's said that the symbol engraved is mysteriouse.
tbl1.pak	0x0138CE9B	PUSpiritualists love this necklace.\nIt's said that the symbol engraved is mysteriouse.	PU气功师 love this necklace.\nIt's said that the symbol engraved is mysteriouse.
tbl1.pak	0x0138CF7D	PUSpiritualists love this necklace.\nIt's said that the symbol engraved is mysteriouse.	PU气功师 love this necklace.\nIt's said that the symbol engraved is mysteriouse.
tbl1.pak	0x0138D05F	PUSpiritualists love this necklace.\nIt's said that the symbol engraved is mysteriouse.	PU气功师 love this necklace.\nIt's said that the symbol engraved is mysteriouse.
tbl1.pak	0x0138D133	PUSpiritualists love this necklace.\nIt's said that the symbol engraved is mysteriouse.	PU气功师 love this necklace.\nIt's said that the symbol engraved is mysteriouse.
tbl1.pak	0x0138D207	PUSpiritualists love this necklace.\nIt's said that the symbol engraved is mysteriouse.	PU气功师 love this necklace.\nIt's said that the symbol engraved is mysteriouse.
tbl1.pak	0x0138D2DB	PUSpiritualists love this necklace.\nIt's said that the symbol engraved is mysteriouse.	PU气功师 love this necklace.\nIt's said that the symbol engraved is mysteriouse.
tbl1.pak	0x0138D3AF	PUSpiritualists love this necklace.\nIt's said that the symbol engraved is mysteriouse.	PU气功师 love this necklace.\nIt's said that the symbol engraved is mysteriouse.
tbl1.pak	0x0138D483	PUSpiritualists love this necklace.\nIt's said that the symbol engraved is mysteriouse.	PU气功师 love this necklace.\nIt's said that the symbol engraved is mysteriouse.
tbl1.pak	0x0138E3F1	Fire Necklace	火项链
tbl1.pak	0x0138EC49	Strong Necklace	强力项链
tbl1.pak	0x01391277	Double Ring	双戒指
tbl1.pak	0x01391BF3	Ancient Ring	古代戒指
# TAIWAN_OVERLAP_DISABLED_20260608	translation_in_taiwan_item_tables	refs=table_text_all_data.rdf:3:5301890:0
# tbl1.pak	0x01398279	Practitioner Ring	修行者戒指
# tbl1.pak	0x01398565	Ultimate Warrior Ring	终极战士戒指
# tbl1.pak	0x013997A5	Ruby Earring	红宝石耳环
tbl1.pak	0x013A520F	New Scouter	新探测器
# tbl1.pak	0x013A5479	CC Scouter	CC探测器
# tbl1.pak	0x013A554B	Special CC Scouter	特殊CC探测器
# tbl1.pak	0x013A5611	Long Scouter	长探测器
tbl1.pak	0x013A587B	New Scouter SP	新探测器SP
tbl1.pak	0x013A5A3D	CC Scouter SP	CC探测器SP
tbl1.pak	0x013A5C3F	Long Scouter SP	长探测器SP
tbl1.pak	0x013A5F1B	Z Scouter	Z探测器
tbl1.pak	0x013A5FB9	Z Scouter SP	Z探测器SP
tbl1.pak	0x013A6425	Practitioner Scouter Chip	修行者探测器芯片
tbl1.pak	0x013A67D5	Basic Scouter Chip	基础探测器芯片
tbl1.pak	0x013A6C85	Blessed Scouter Chip	祝福探测器芯片
tbl1.pak	0x013A75F5	Dungeon Chip	副本芯片
tbl1.pak	0x013A8595	Battle Chip	战斗芯片
tbl1.pak	0x013A8A85	Light Speed Scouter Chip	光速度探测器芯片
tbl1.pak	0x013A8E91	Defense Chip 1	防御芯片1
tbl1.pak	0x013A8ED9	Defense Chip 3	防御芯片3
tbl1.pak	0x013A8F21	Defense Chip 5	防御芯片5
tbl1.pak	0x013A8F69	Defense Chip 7	防御芯片7
tbl1.pak	0x013A8FB1	Defense Chip 9	防御芯片9
tbl1.pak	0x013A938F	Dragon Ball Scouter Chip	龙珠探测器芯片
tbl1.pak	0x013AE61D	Comet Award Gauntlets	彗星奖励臂甲
tbl1.pak	0x013AE6DD	Prestige Dragon Gauntlets	威望龙臂甲
tbl1.pak	0x013AE775	Energy Ejection Gauntlets	气功喷射臂甲
tbl1.pak	0x013AE821	Soul Gauntlets	灵魂臂甲
tbl1.pak	0x013AFE0D	P Iron Gauntlets EX	P铁臂甲EX
tbl1.pak	0x013AFF33	P Metal Gauntlets EX	P金属臂甲EX
tbl1.pak	0x013B0303	P Namekian Gauntlets EX	P那美克星人臂甲EX
tbl1.pak	0x013B0421	P Elder Gauntlets EX	P长老臂甲EX
tbl1.pak	0x013B0761	P Lotus Dragon Gauntlets EX	P莲花龙臂甲EX
tbl1.pak	0x013B177F	E Iron Gauntlets EX	E铁臂甲EX
tbl1.pak	0x013B18A5	E Metal Gauntlets EX	E金属臂甲EX
tbl1.pak	0x013B1C77	E Namek Gauntlets EX	E那美克臂甲EX
tbl1.pak	0x013B1D8F	E Elder Gauntlets EX	E长老臂甲EX
tbl1.pak	0x013B21B1	High Grade Gauntlets	高级臂甲
tbl1.pak	0x013B2269	Ultimate Gauntlets	终极臂甲
tbl1.pak	0x013B2679	Advanced Gauntlets	高级臂甲
tbl1.pak	0x013B2707	Power Gauntlets	力量臂甲
tbl1.pak	0x013B2841	Namek Staff EX	那美克杖EX
tbl1.pak	0x013B29B7	Elder Staff EX	长老杖EX
tbl1.pak	0x013B2D2D	CC Elite Staff EX	CC精英杖EX
# TAIWAN_OVERLAP_DISABLED_20260608	translation_in_taiwan_item_tables	refs=table_text_all_data.rdf:3:5460090:0;table_text_all_data.rdf:3:7865020:0
# tbl1.pak	0x013B2DF5	Narak Staff EX	那拉克杖EX
tbl1.pak	0x013B2EFD	Capsule Staff EX	杖EX胶囊
tbl1.pak	0x013B30E1	Lizard Staff EX	蜥蜴杖EX
tbl1.pak	0x013B3585	Battle Staff	战斗杖
tbl1.pak	0x013B3677	Light Staff	光杖
tbl1.pak	0x013B36D3	Dragon King's Staff	龙王的杖
tbl1.pak	0x013B3827	Valkyrie Staff	女武神杖
# TAIWAN_OVERLAP_DISABLED_20260608	translation_in_taiwan_item_tables	refs=table_text_all_data.rdf:3:5470070:0
# tbl1.pak	0x013B3D51	Power Gun EX	力量枪EX
tbl1.pak	0x013B3FFD	Devil Claws EX	魔鬼爪EX
tbl1.pak	0x013B411B	Steel Claws EX	钢爪EX
# TAIWAN_OVERLAP_DISABLED_20260608	translation_in_taiwan_item_tables	refs=table_text_all_data.rdf:3:5480040:0;table_text_all_data.rdf:3:7885020:0;table_text_all_data.rdf:3:8283020:0
# tbl1.pak	0x013B41E3	Dragon Eye Claws EX	龙眼爪EX
tbl1.pak	0x013B425D	Silver Soul Claws EX	银色灵魂爪EX
# TAIWAN_OVERLAP_DISABLED_20260608	translation_in_taiwan_item_tables	refs=table_text_all_data.rdf:3:5480060:0;table_text_all_data.rdf:3:6680110:0;table_text_all_data.rdf:3:7885030:0;table_text_all_data.rdf:3:8283030:0
# tbl1.pak	0x013B42F1	Meteor Claws EX	流星爪EX
tbl1.pak	0x013B437F	Injection Claws	注射爪
tbl1.pak	0x013B44E1	Absolute Shadow EX	绝对暗影EX
tbl1.pak	0x013B4535	Strong Claws	强力爪
tbl1.pak	0x013B4587	Dragon Claws	龙爪
tbl1.pak	0x013B45EB	Nimbus Claws	筋斗云爪
tbl1.pak	0x013B4659	Absolute Light Claws	绝对光爪
tbl1.pak	0x013B46F3	Strong Warrior Claws	强力战士爪
tbl1.pak	0x013B4771	Mysterious Claws	神秘爪
tbl1.pak	0x013B4867	Magic Head Axe EX	魔法头斧EX
tbl1.pak	0x013B48CF	Namek Axe EX	那美克斧EX
tbl1.pak	0x013B4991	Steel Axe EX	钢斧EX
tbl1.pak	0x013B4AF3	Silver Soul Axe EX	银色灵魂斧EX
# TAIWAN_OVERLAP_DISABLED_20260608	translation_in_taiwan_item_tables	refs=table_text_all_data.rdf:3:5490060:0;table_text_all_data.rdf:3:6690110:0;table_text_all_data.rdf:3:7895030:0;table_text_all_data.rdf:3:8293030:0
# tbl1.pak	0x013B4B7B	Meteor Axe EX	流星斧EX
tbl1.pak	0x013B4CE9	Light Speed Axe EX	光速度斧EX
tbl1.pak	0x013B4D6B	Comodo Battle Axe	科莫多战斗斧
tbl1.pak	0x013B4DF9	Strong Battle Axe	强力战斗斧
tbl1.pak	0x013B4E8D	Light Cut Axe	光切割斧
tbl1.pak	0x013B4F1B	Dragon Battle Axe	龙战斗斧
tbl1.pak	0x013B4FE7	Halberd Axe	戟斧
tbl1.pak	0x013B503F	Death Axe	死亡之斧
tbl1.pak	0x013B50C7	Killer Axe	杀手斧
tbl1.pak	0x013B5121	Scroll of Honor EX	荣耀EX的卷轴
tbl1.pak	0x013B568D	Bao Yan Scroll	鲍岩卷轴
# TAIWAN_OVERLAP_DISABLED_20260608	translation_in_taiwan_item_tables	refs=table_text_all_data.rdf:3:5505010:0;table_text_all_data.rdf:3:5905010:0
# tbl1.pak	0x013B57B1	Taichu Scroll	太初卷轴
tbl1.pak	0x013B584B	Yellow Dragon Scroll	黄色龙卷轴
# TAIWAN_OVERLAP_DISABLED_20260608	translation_in_taiwan_item_tables	refs=table_text_all_data.rdf:3:5506510:0;table_text_all_data.rdf:3:5906510:0
# tbl1.pak	0x013B593B	Original Scroll	原始卷轴
tbl1.pak	0x013B59AF	Dragon Scroll	龙卷轴
tbl1.pak	0x013B5A21	Crystal Gem EX	水晶宝石EX
tbl1.pak	0x013B5A85	Diamond Gem EX	钻石宝石EX
tbl1.pak	0x013B5D5D	Black Crystal Gem EX	黑色水晶宝石EX
tbl1.pak	0x013B5DFB	Rainbow Light Gem	彩虹光宝石
tbl1.pak	0x013B5F6F	Dark Crystal Gem EX	黑暗水晶宝石EX
tbl1.pak	0x013B5FA3	Huang Gang Gem	黄刚宝石
tbl1.pak	0x013B6053	Purple Stone	紫色石
tbl1.pak	0x013B60D7	Green Stone	绿色石
tbl1.pak	0x013B6167	Black Stone	黑色石
tbl1.pak	0x013B61E1	Rainbow Gem	彩虹宝石
tbl1.pak	0x013B6261	Rock Stone Gem	岩石石宝石
tbl1.pak	0x013B62F7	Popo Gem	波波宝石
tbl1.pak	0x013B63E9	Korin Stick EX	卡林棍EX
tbl1.pak	0x013B64DF	Steel Stick EX	钢棍EX
tbl1.pak	0x013B65A5	Tiger Stick EX	老虎棍EX
# TAIWAN_OVERLAP_DISABLED_20260608	translation_in_taiwan_item_tables	refs=table_text_all_data.rdf:3:5520060:0;table_text_all_data.rdf:3:6720110:0;table_text_all_data.rdf:3:7925030:0;table_text_all_data.rdf:3:8323030:0
# tbl1.pak	0x013B6711	Meteor Stick EX	流星棍EX
tbl1.pak	0x013B688B	Diamond Stick EX	钻石棍EX
tbl1.pak	0x013B68B9	Z Awakening Stick EX	Z觉醒棍EX
tbl1.pak	0x013B6919	Hardcore Stick	硬核棍
tbl1.pak	0x013B69A1	Nova Stick	新星棍
# TAIWAN_DEEP_OVERLAP_DISABLED_20260608	translation_any_taiwan	refs=table_text_all_data.rdf:3:6720200:0
# tbl1.pak	0x013B6A17	Dragon Stick	龙棍
tbl1.pak	0x013B6AAB	New Grid Stick	新格纹棍
tbl1.pak	0x013B6D33	White Wolf Sword EX	白色狼剑EX
tbl1.pak	0x013B6ED9	Willow Sword EX	柳木剑EX
tbl1.pak	0x013B701D	Star Sword EX	星剑EX
tbl1.pak	0x013B71C7	Thunder Sword EX	雷霆剑EX
tbl1.pak	0x013B72ED	Plasma Sword	等离子剑
tbl1.pak	0x013B7669	Crystal Wand EX	水晶短杖EX
tbl1.pak	0x013B76CF	Diamond Wand EX	钻石短杖EX
tbl1.pak	0x013B776F	Green Wand EX	绿色短杖EX
tbl1.pak	0x013B78D9	Comet Wand EX	彗星短杖EX
tbl1.pak	0x013B7A91	Thunder Wand EX	雷霆短杖EX
tbl1.pak	0x013B7ABD	Awakening Wand EX	觉醒短杖EX
tbl1.pak	0x013B7B15	Huang Gang Wand	黄刚短杖
tbl1.pak	0x013B7BC5	Sapphire Wand	蓝宝石短杖
tbl1.pak	0x013B7C47	Dragon Energy Wand	龙气功短杖
tbl1.pak	0x013B7D9B	Plasma Wand	等离子短杖
tbl1.pak	0x013B7E13	Valkyrie Wand	女武神短杖
tbl1.pak	0x013B7E7D	Black Steel Wand	黑色钢短杖
# TAIWAN_OVERLAP_DISABLED_20260608	translation_in_taiwan_item_tables	refs=table_text_all_data.rdf:3:5550030:0;table_text_all_data.rdf:3:6750020:0
# tbl1.pak	0x013B807F	Phoenix Fan EX	凤凰扇EX
tbl1.pak	0x013B80FB	3 Eye Fan EX	3眼扇EX
# TAIWAN_OVERLAP_DISABLED_20260608	translation_in_taiwan_item_tables	refs=table_text_all_data.rdf:3:5550060:0;table_text_all_data.rdf:3:6750110:0;table_text_all_data.rdf:3:7955030:0;table_text_all_data.rdf:3:8353030:0
# tbl1.pak	0x013B81E9	Meteor Fan EX	流星扇EX
# TAIWAN_OVERLAP_DISABLED_20260608	translation_in_taiwan_item_tables	refs=table_text_all_data.rdf:3:5550090:0
# tbl1.pak	0x013B8391	Lightning Fan EX	闪电扇EX
tbl1.pak	0x013B8421	God Eye Fan	神眼扇
tbl1.pak	0x013B8557	Wheel of Light Fan	光扇的轮
tbl1.pak	0x013B8667	Long Hit Fan	长希特扇
tbl1.pak	0x013B86F1	Electro-Optic Fan	电光-光学扇
tbl1.pak	0x013B879B	Dragon Roar Fan	龙咆哮扇
tbl1.pak	0x013B8B93	Cannon Fire EX	炮火EX
tbl1.pak	0x013B8BBD	Trumpet EX	号角EX
tbl1.pak	0x013B8DBB	Super Trumpet EX	超级号角EX
tbl1.pak	0x013B902F	Light Speed Trumpet EX	光速度号角EX
tbl1.pak	0x013B90AF	Dark Trumpet EX	黑暗号角EX
tbl1.pak	0x013B90DB	Remembrance Trumpet	纪念号角
tbl1.pak	0x013B9187	Meteor Trumpet	流星号角
# TAIWAN_OVERLAP_DISABLED_20260608	translation_in_taiwan_item_tables	refs=table_text_all_data.rdf:3:5585010:0;table_text_all_data.rdf:3:5985010:0
# tbl1.pak	0x013B9209	Watercolor Trumpet	水彩号角
tbl1.pak	0x013B92D1	Legend Long Trumpet	传说长号角
tbl1.pak	0x013B9347	Light Trumpet	光号角
tbl1.pak	0x013B97AF	Corn Club EX	玉米棒EX
tbl1.pak	0x013B9A49	Red Hot Chili Corn	红色火辣辣椒玉米
tbl1.pak	0x013B9AE1	Smoked Fish	烟熏鱼
tbl1.pak	0x013B9D53	Pound Drum EX	重击鼓EX
tbl1.pak	0x013BA341	Frame Drum	框架鼓
tbl1.pak	0x013BA395	Dragon Drum	龙鼓
tbl1.pak	0x013BAAD1	Enraged Mask	狂怒面具
tbl1.pak	0x013BAC33	Dragon Mask	龙面具
tbl1.pak	0x013C02BD	U7Spiritualist beginner clothes.\nLight and easy to move.	U7气功师 beginner clothes.\nLight and easy to move.
tbl1.pak	0x013C0383	U7Spiritualist beginner clothes.\nLight and easy to move.	U7气功师 beginner clothes.\nLight and easy to move.
tbl1.pak	0x013C0449	U7Spiritualist beginner clothes.\nLight and easy to move.	U7气功师 beginner clothes.\nLight and easy to move.
tbl1.pak	0x013D95AB	Pleasant Wind Necklace EX	愉快风项链EX
tbl1.pak	0x013D99E1	VUSpiritualists love this necklace.\nIt's said that the symbol engraved is mysteriouse.	VU气功师 love this necklace.\nIt's said that the symbol engraved is mysteriouse.
tbl1.pak	0x013D9AC3	VUSpiritualists love this necklace.\nIt's said that the symbol engraved is mysteriouse.	VU气功师 love this necklace.\nIt's said that the symbol engraved is mysteriouse.
tbl1.pak	0x013D9BA5	VUSpiritualists love this necklace.\nIt's said that the symbol engraved is mysteriouse.	VU气功师 love this necklace.\nIt's said that the symbol engraved is mysteriouse.
tbl1.pak	0x013D9C87	VUSpiritualists love this necklace.\nIt's said that the symbol engraved is mysteriouse.	VU气功师 love this necklace.\nIt's said that the symbol engraved is mysteriouse.
tbl1.pak	0x013D9D69	VUSpiritualists love this necklace.\nIt's said that the symbol engraved is mysteriouse.	VU气功师 love this necklace.\nIt's said that the symbol engraved is mysteriouse.
tbl1.pak	0x013D9E4B	VUSpiritualists love this necklace.\nIt's said that the symbol engraved is mysteriouse.	VU气功师 love this necklace.\nIt's said that the symbol engraved is mysteriouse.
tbl1.pak	0x013D9F2D	VUSpiritualists love this necklace.\nIt's said that the symbol engraved is mysteriouse.	VU气功师 love this necklace.\nIt's said that the symbol engraved is mysteriouse.
tbl1.pak	0x013DA00F	VUSpiritualists love this necklace.\nIt's said that the symbol engraved is mysteriouse.	VU气功师 love this necklace.\nIt's said that the symbol engraved is mysteriouse.
tbl1.pak	0x013DA0E3	VUSpiritualists love this necklace.\nIt's said that the symbol engraved is mysteriouse.	VU气功师 love this necklace.\nIt's said that the symbol engraved is mysteriouse.
tbl1.pak	0x013DA1B7	VUSpiritualists love this necklace.\nIt's said that the symbol engraved is mysteriouse.	VU气功师 love this necklace.\nIt's said that the symbol engraved is mysteriouse.
tbl1.pak	0x013DA291	VUSpiritualists love this necklace.\nIt's said that the symbol engraved is mysteriouse.	VU气功师 love this necklace.\nIt's said that the symbol engraved is mysteriouse.
tbl1.pak	0x013DA36B	VUSpiritualists love this necklace.\nIt's said that the symbol engraved is mysteriouse.	VU气功师 love this necklace.\nIt's said that the symbol engraved is mysteriouse.
tbl1.pak	0x013DA445	VUSpiritualists love this necklace.\nIt's said that the symbol engraved is mysteriouse.	VU气功师 love this necklace.\nIt's said that the symbol engraved is mysteriouse.
tbl1.pak	0x013DA51F	VUSpiritualists love this necklace.\nIt's said that the symbol engraved is mysteriouse.	VU气功师 love this necklace.\nIt's said that the symbol engraved is mysteriouse.
tbl1.pak	0x013DA5F9	VUSpiritualists love this necklace.\nIt's said that the symbol engraved is mysteriouse.	VU气功师 love this necklace.\nIt's said that the symbol engraved is mysteriouse.
tbl1.pak	0x013DA6D3	VUSpiritualists love this necklace.\nIt's said that the symbol engraved is mysteriouse.	VU气功师 love this necklace.\nIt's said that the symbol engraved is mysteriouse.
# tbl1.pak	0x013DCE87	Double Ring EX	双戒指EX
# tbl1.pak	0x013E55F1	Ruby Earring EX	红宝石耳环EX
# tbl1.pak	0x013EF23F	New Scouter S	新探测器S
tbl1.pak	0x013EF3BB	CC Scouter S	CC探测器S
tbl1.pak	0x013EF491	Super CC Scouter S	超级CC探测器S
tbl1.pak	0x013EF557	Long Scouter S	长探测器S
tbl1.pak	0x013EF719	Z Scouter S	Z探测器S
tbl1.pak	0x013EF7BB	Super Z Scouter	超级Z探测器
tbl1.pak	0x013F1C55	Crystal Spirit Circuit 3	水晶精神电路3
tbl1.pak	0x013F1CCB	Crystal Spirit Circuit 5	水晶精神电路5
tbl1.pak	0x013F1D41	Crystal Spirit Circuit 10	水晶精神电路10
tbl1.pak	0x013F1DB9	Crystal Spirit Circuit 15	水晶精神电路15
tbl1.pak	0x013F1E31	Crystal Spirit Circuit 20	水晶精神电路20
tbl1.pak	0x013F1EA9	Crystal Spirit Circuit 25	水晶精神电路25
tbl1.pak	0x013F1F21	Crystal Spirit Circuit 30	水晶精神电路30
tbl1.pak	0x013F1F99	Crystal Spirit Circuit 35	水晶精神电路35
tbl1.pak	0x013F2011	Crystal Spirit Circuit 40	水晶精神电路40
tbl1.pak	0x013F2089	Crystal Spirit Circuit 45	水晶精神电路45
tbl1.pak	0x013F2101	Crystal Spirit Circuit 50	水晶精神电路50
tbl1.pak	0x013F2179	Crystal Spirit Circuit 55	水晶精神电路55
tbl1.pak	0x013F21F1	Crystal Spirit Circuit 60	水晶精神电路60
tbl1.pak	0x013F2269	Crystal Spirit Circuit 65	水晶精神电路65
tbl1.pak	0x013F22E1	Crystal Spirit Circuit 70	水晶精神电路70
tbl1.pak	0x013F2359	Crystal Spirit Circuit 75	水晶精神电路75
tbl1.pak	0x013F23D1	Crystal Spirit Circuit 80	水晶精神电路80
tbl1.pak	0x013F2449	Crystal Spirit Circuit 85	水晶精神电路85
tbl1.pak	0x013F24C1	Crystal Spirit Circuit 90	水晶精神电路90
tbl1.pak	0x013F2539	Crystal Spirit Circuit 95	水晶精神电路95
tbl1.pak	0x013F25B1	Crystal Spirit Circuit 100	水晶精神电路100
tbl1.pak	0x013F8EA3	P Iron Gauntlets R	P铁臂甲R
tbl1.pak	0x013F8FC7	P Metal Gauntlets R	P金属臂甲R
tbl1.pak	0x013F9391	P Namekian Gauntlets R	P那美克星人臂甲R
tbl1.pak	0x013F94AD	P Elder Gauntlets R	P长老臂甲R
tbl1.pak	0x013F9B79	Iron Gauntlets R	铁臂甲R
tbl1.pak	0x013F9C99	Metal Gauntlets R	金属臂甲R
tbl1.pak	0x013FA057	Namekian Gauntlets R	那美克星人臂甲R
tbl1.pak	0x013FA16F	Elder Gauntlets R	长老臂甲R
tbl1.pak	0x013FA82F	E Iron Gauntlets R	E铁臂甲R
tbl1.pak	0x013FA953	E Metal Gauntlets R	E金属臂甲R
tbl1.pak	0x013FAD1D	E Namekian Gauntlets R	E那美克星人臂甲R
tbl1.pak	0x013FAE39	E Elder Gauntlets R	E长老臂甲R
tbl1.pak	0x013FB169	E Lotus Dragon Gauntlets R	E莲花龙臂甲R
tbl1.pak	0x013FB3F5	Blast Gauntlets	爆破臂甲
tbl1.pak	0x013FB90F	Namek Staff R	那美克杖R
tbl1.pak	0x013FBA81	Elder Staff R	长老杖R
tbl1.pak	0x013FBDEF	CC Elite Staff R	CC精英杖R
# TAIWAN_OVERLAP_DISABLED_20260608	translation_in_taiwan_item_tables	refs=table_text_all_data.rdf:3:5860090:0
# tbl1.pak	0x013FBEB5	Narak Staff R	那拉克杖R
tbl1.pak	0x013FBFBB	Capsule Staff R	杖R胶囊
tbl1.pak	0x013FC19B	Lizard Staff R	蜥蜴杖R
# TAIWAN_OVERLAP_DISABLED_20260608	translation_in_taiwan_item_tables	refs=table_text_all_data.rdf:3:5870070:0
# tbl1.pak	0x013FCDFB	Power Gun R	力量枪R
tbl1.pak	0x013FD099	Devil Claws R	魔鬼爪R
tbl1.pak	0x013FD1B3	Steel Claws R	钢爪R
# TAIWAN_OVERLAP_DISABLED_20260608	translation_in_taiwan_item_tables	refs=table_text_all_data.rdf:3:5880040:0
# tbl1.pak	0x013FD279	Dragon Eye Claws R	龙眼爪R
tbl1.pak	0x013FD2F1	Silver Soul Claws R	银色灵魂爪R
# TAIWAN_OVERLAP_DISABLED_20260608	translation_in_taiwan_item_tables	refs=table_text_all_data.rdf:3:5880060:0
# tbl1.pak	0x013FD383	Meteor Claws R	流星爪R
tbl1.pak	0x013FD77B	Strong Warrior Claws	强力战士爪
tbl1.pak	0x013FD8EF	Magic Head Axe R	魔法头斧R
tbl1.pak	0x013FD955	Namek Axe R	那美克斧R
tbl1.pak	0x013FDA15	Steel Axe R	钢斧R
tbl1.pak	0x013FDB73	Silver Soul Axe R	银色灵魂斧R
# TAIWAN_OVERLAP_DISABLED_20260608	translation_in_taiwan_item_tables	refs=table_text_all_data.rdf:3:5890060:0
# tbl1.pak	0x013FDBF9	Meteor Axe R	流星斧R
tbl1.pak	0x013FDD65	Light Speed Axe R	光速度斧R
tbl1.pak	0x013FE191	Scroll of Honor R	荣耀R的卷轴
tbl1.pak	0x013FEA97	Crystal Gem R	水晶宝石R
tbl1.pak	0x013FEAF9	Diamond Gem R	钻石宝石R
tbl1.pak	0x013FEDC9	Black Crystal Gem R	黑色水晶宝石R
tbl1.pak	0x013FEFD5	Dark Crystal Gem R	黑暗水晶宝石R
tbl1.pak	0x013FF0B7	Purple Stone Gem	紫色石宝石
tbl1.pak	0x013FF143	Green Stone Gem	绿色石宝石
tbl1.pak	0x013FF1E3	Black Stone Gem	黑色石宝石
tbl1.pak	0x013FF46B	Korin Stick R	卡林棍R
tbl1.pak	0x013FF55F	Steel Stick R	钢棍R
tbl1.pak	0x013FF623	Tiger Stick R	老虎棍R
# TAIWAN_OVERLAP_DISABLED_20260608	translation_in_taiwan_item_tables	refs=table_text_all_data.rdf:3:5920060:0
# tbl1.pak	0x013FF78B	Meteor Stick R	流星棍R
tbl1.pak	0x013FF903	Diamond Stick R	钻石棍R
tbl1.pak	0x013FF92F	Z Awakening Stick R	Z觉醒棍R
tbl1.pak	0x013FFDAB	White Wolf Sword R	白色狼剑R
tbl1.pak	0x013FFF4D	Willow Sword R	柳木剑R
tbl1.pak	0x0140008D	Star Sword R	星剑R
tbl1.pak	0x01400235	Thunder Sword R	雷霆剑R
tbl1.pak	0x014006CF	Crystal Wand R	水晶短杖R
tbl1.pak	0x01400733	Diamond Wand R	钻石短杖R
tbl1.pak	0x014007D1	Green Wand R	绿色短杖R
tbl1.pak	0x01400935	Comet Wand R	彗星短杖R
tbl1.pak	0x01400AEB	Thunder Wand R	雷霆短杖R
tbl1.pak	0x01400B15	Awakening Wand R	觉醒短杖R
# TAIWAN_OVERLAP_DISABLED_20260608	translation_in_taiwan_item_tables	refs=table_text_all_data.rdf:3:5950030:0
# tbl1.pak	0x014010CF	Phoenix Fan R	凤凰扇R
tbl1.pak	0x01401149	3 Eye Fan R	3眼扇R
# TAIWAN_OVERLAP_DISABLED_20260608	translation_in_taiwan_item_tables	refs=table_text_all_data.rdf:3:5950060:0
# tbl1.pak	0x01401233	Meteor Fan R	流星扇R
# TAIWAN_OVERLAP_DISABLED_20260608	translation_in_taiwan_item_tables	refs=table_text_all_data.rdf:3:5950090:0
# tbl1.pak	0x014013D9	Lightning Fan R	闪电扇R
tbl1.pak	0x01401BB7	Flame Cannon R	火焰炮R
tbl1.pak	0x01401BE1	Trumpet R	号角R
tbl1.pak	0x01401DD7	Super Trumpet R	超级号角R
tbl1.pak	0x0140204F	Light Speed Trumpet R	光速度号角R
tbl1.pak	0x014020CB	Dark Trumpet R	黑暗号角R
tbl1.pak	0x014027BF	Corn Club R	玉米棒R
tbl1.pak	0x01402D5B	Pound Drum R	重击鼓R
tbl1.pak	0x01403263	Ultimate Gohan Pet	终极孙悟饭宠物
tbl1.pak	0x01403413	SS3 Bardock	超级赛亚人3巴达克
tbl1.pak	0x014093A3	7Spiritualist beginner clothes.\nLight and easy to move.	7气功师 beginner clothes.\nLight and easy to move.
tbl1.pak	0x01409467	7Spiritualist beginner clothes.\nLight and easy to move.	7气功师 beginner clothes.\nLight and easy to move.
tbl1.pak	0x0140952B	7Spiritualist beginner clothes.\nLight and easy to move.	7气功师 beginner clothes.\nLight and easy to move.
tbl1.pak	0x01422303	Pleasant Wind Necklace R	愉快风项链R
tbl1.pak	0x01422733	USpiritualists love this necklace.\nIt's said that the symbol engraved is mysteriouse.	U气功师 love this necklace.\nIt's said that the symbol engraved is mysteriouse.
tbl1.pak	0x01422819	USpiritualists love this necklace.\nIt's said that the symbol engraved is mysteriouse.	U气功师 love this necklace.\nIt's said that the symbol engraved is mysteriouse.
tbl1.pak	0x014228FF	USpiritualists love this necklace.\nIt's said that the symbol engraved is mysteriouse.	U气功师 love this necklace.\nIt's said that the symbol engraved is mysteriouse.
tbl1.pak	0x014229E5	USpiritualists love this necklace.\nIt's said that the symbol engraved is mysteriouse.	U气功师 love this necklace.\nIt's said that the symbol engraved is mysteriouse.
tbl1.pak	0x01422ACB	USpiritualists love this necklace.\nIt's said that the symbol engraved is mysteriouse.	U气功师 love this necklace.\nIt's said that the symbol engraved is mysteriouse.
tbl1.pak	0x01422BB1	USpiritualists love this necklace.\nIt's said that the symbol engraved is mysteriouse.	U气功师 love this necklace.\nIt's said that the symbol engraved is mysteriouse.
tbl1.pak	0x01422C97	USpiritualists love this necklace.\nIt's said that the symbol engraved is mysteriouse.	U气功师 love this necklace.\nIt's said that the symbol engraved is mysteriouse.
tbl1.pak	0x01422D7D	USpiritualists love this necklace.\nIt's said that the symbol engraved is mysteriouse.	U气功师 love this necklace.\nIt's said that the symbol engraved is mysteriouse.
tbl1.pak	0x01422E5F	USpiritualists love this necklace.\nIt's said that the symbol engraved is mysteriouse.	U气功师 love this necklace.\nIt's said that the symbol engraved is mysteriouse.
tbl1.pak	0x01422F41	USpiritualists love this necklace.\nIt's said that the symbol engraved is mysteriouse.	U气功师 love this necklace.\nIt's said that the symbol engraved is mysteriouse.
tbl1.pak	0x01423019	USpiritualists love this necklace.\nIt's said that the symbol engraved is mysteriouse.	U气功师 love this necklace.\nIt's said that the symbol engraved is mysteriouse.
tbl1.pak	0x014230F1	USpiritualists love this necklace.\nIt's said that the symbol engraved is mysteriouse.	U气功师 love this necklace.\nIt's said that the symbol engraved is mysteriouse.
tbl1.pak	0x014231C9	USpiritualists love this necklace.\nIt's said that the symbol engraved is mysteriouse.	U气功师 love this necklace.\nIt's said that the symbol engraved is mysteriouse.
tbl1.pak	0x014232A1	USpiritualists love this necklace.\nIt's said that the symbol engraved is mysteriouse.	U气功师 love this necklace.\nIt's said that the symbol engraved is mysteriouse.
tbl1.pak	0x01423379	USpiritualists love this necklace.\nIt's said that the symbol engraved is mysteriouse.	U气功师 love this necklace.\nIt's said that the symbol engraved is mysteriouse.
tbl1.pak	0x01423451	USpiritualists love this necklace.\nIt's said that the symbol engraved is mysteriouse.	U气功师 love this necklace.\nIt's said that the symbol engraved is mysteriouse.
# tbl1.pak	0x0142594F	Double Ring R	双戒指R
# tbl1.pak	0x01426303	Ancient Ring R	古代戒指R
# tbl1.pak	0x0142E1CF	Ruby Earring R	红宝石耳环R
tbl1.pak	0x01438987	Super Z Scouter SP	超级Z探测器SP
tbl1.pak	0x014399BD	Crystal Spirit Chip 20	水晶精神芯片20
tbl1.pak	0x01439A2F	Crystal Spirit Chip 25	水晶精神芯片25
tbl1.pak	0x01439AA1	Crystal Spirit Chip 30	水晶精神芯片30
tbl1.pak	0x01439B13	Crystal Spirit Chip 35	水晶精神芯片35
tbl1.pak	0x01439B85	Crystal Spirit Chip 40	水晶精神芯片40
tbl1.pak	0x01439BF7	Crystal Spirit Chip 45	水晶精神芯片45
tbl1.pak	0x01439C69	Crystal Spirit Chip 50	水晶精神芯片50
tbl1.pak	0x01439CDB	Crystal Spirit Chip 55	水晶精神芯片55
tbl1.pak	0x01439D4D	Crystal Spirit Chip 60	水晶精神芯片60
tbl1.pak	0x01439DBF	Crystal Spirit Chip 65	水晶精神芯片65
tbl1.pak	0x01439E31	Crystal Spirit Chip 70	水晶精神芯片70
tbl1.pak	0x01439EA3	Crystal Spirit Chip 75	水晶精神芯片75
tbl1.pak	0x01439F15	Crystal Spirit Chip 80	水晶精神芯片80
tbl1.pak	0x01439F87	Crystal Spirit Chip 85	水晶精神芯片85
tbl1.pak	0x01439FF9	Crystal Spirit Chip 90	水晶精神芯片90
tbl1.pak	0x0143A06B	Crystal Spirit Chip 95	水晶精神芯片95
tbl1.pak	0x0143A0DD	Crystal Spirit Chip 100	水晶精神芯片100
tbl1.pak	0x0143E87F	Injection  Gauntlets L	注射臂甲L
tbl1.pak	0x0143FA41	P Iron Gauntlets L	P铁臂甲L
tbl1.pak	0x0143FB65	P Metal Gauntlets L	P金属臂甲L
tbl1.pak	0x0143FF2F	P Namekian Gauntlets L	P那美克星人臂甲L
tbl1.pak	0x0144004B	P Elder Gauntlets L	P长老臂甲L
tbl1.pak	0x01440717	Iron Gauntlets L	铁臂甲L
tbl1.pak	0x01440837	Metal Gauntlets L	金属臂甲L
tbl1.pak	0x01440BF1	Namekian Gauntlets L	那美克星人臂甲L
tbl1.pak	0x01440D09	Elder Gauntlets L	长老臂甲L
tbl1.pak	0x014413C9	E Iron Gauntlets L	E铁臂甲L
tbl1.pak	0x014414ED	E Metal Gauntlets L	E金属臂甲L
tbl1.pak	0x014418B5	E Namekian Gauntlets L	E那美克星人臂甲L
tbl1.pak	0x014419D1	E Elder Gauntlets L	E长老臂甲L
tbl1.pak	0x01441E89	Namek Staff L	那美克杖L
tbl1.pak	0x01441FFB	Elder Staff L	长老杖L
tbl1.pak	0x01442369	CC Elite Staff L	CC精英杖L
# TAIWAN_OVERLAP_DISABLED_20260608	translation_in_taiwan_item_tables	refs=table_text_all_data.rdf:3:6260090:0
# tbl1.pak	0x0144242F	Narak Staff L	那拉克杖L
tbl1.pak	0x01442535	Capsule Staff L	杖L胶囊
tbl1.pak	0x01442715	Lizard Staff L	蜥蜴杖L
# TAIWAN_OVERLAP_DISABLED_20260608	translation_in_taiwan_item_tables	refs=table_text_all_data.rdf:3:6270070:0
# tbl1.pak	0x01442E2B	Power Gun L	力量枪L
tbl1.pak	0x014430D1	Devil Claws L	魔鬼爪L
tbl1.pak	0x014431EB	Steel Claws L	钢爪L
# TAIWAN_OVERLAP_DISABLED_20260608	translation_in_taiwan_item_tables	refs=table_text_all_data.rdf:3:6280040:0
# tbl1.pak	0x014432B1	Dragon Eye Claws L	龙眼爪L
tbl1.pak	0x01443329	Silver Soul Claws L	银色灵魂爪L
# TAIWAN_OVERLAP_DISABLED_20260608	translation_in_taiwan_item_tables	refs=table_text_all_data.rdf:3:6280060:0
# tbl1.pak	0x014433BB	Meteor Claws L	流星爪L
tbl1.pak	0x014435F5	Magic Head Axe L	魔法头斧L
tbl1.pak	0x0144365B	Namek Axe L	那美克斧L
tbl1.pak	0x0144371B	Steel Axe L	钢斧L
tbl1.pak	0x01443879	Silver Soul Axe L	银色灵魂斧L
# TAIWAN_OVERLAP_DISABLED_20260608	translation_in_taiwan_item_tables	refs=table_text_all_data.rdf:3:6290060:0
# tbl1.pak	0x014438FF	Meteor Axe L	流星斧L
tbl1.pak	0x01443A6B	Light Speed Axe L	光速度斧L
tbl1.pak	0x01443AE7	Scroll of Honor L	荣耀L的卷轴
tbl1.pak	0x01444053	Crystal Gem L	水晶宝石L
tbl1.pak	0x014440B5	Diamond Gem L	钻石宝石L
tbl1.pak	0x01444385	Black Crystal Gem L	黑色水晶宝石L
tbl1.pak	0x01444591	Dark Crystal Gem L	黑暗水晶宝石L
tbl1.pak	0x01444651	Korin Stick L	卡林棍L
tbl1.pak	0x01444745	Steel Stick L	钢棍L
tbl1.pak	0x01444809	Tiger  Stick L	老虎棍L
# TAIWAN_OVERLAP_DISABLED_20260608	translation_in_taiwan_item_tables	refs=table_text_all_data.rdf:3:6320060:0
# tbl1.pak	0x01444973	Meteor Stick L	流星棍L
tbl1.pak	0x01444AEB	Diamond Stick L	钻石棍L
tbl1.pak	0x01444B17	Z Awakening Stick L	Z觉醒棍L
tbl1.pak	0x01444BE5	White Wolf Sword L	白色狼剑L
tbl1.pak	0x01444D87	Willow Sword L	柳木剑L
tbl1.pak	0x01444EC7	Star Sword L	星剑L
tbl1.pak	0x0144506F	Thunder Sword L	雷霆剑L
tbl1.pak	0x014450FB	Crystal Wand L	水晶短杖L
tbl1.pak	0x0144515F	Diamond Wand L	钻石短杖L
tbl1.pak	0x014451FD	Green Wand L	绿色短杖L
tbl1.pak	0x01445361	Comet Wand L	彗星短杖L
tbl1.pak	0x01445517	Thunder Wand L	雷霆短杖L
tbl1.pak	0x01445541	Awakening Wand L	觉醒短杖L
# TAIWAN_OVERLAP_DISABLED_20260608	translation_in_taiwan_item_tables	refs=table_text_all_data.rdf:3:6350030:0
# tbl1.pak	0x014456E5	Phoenix Fan L	凤凰扇L
tbl1.pak	0x0144575F	3 Eye Fan L	3眼扇L
# TAIWAN_OVERLAP_DISABLED_20260608	translation_in_taiwan_item_tables	refs=table_text_all_data.rdf:3:6350060:0
# tbl1.pak	0x01445849	Meteor Fan L	流星扇L
# TAIWAN_OVERLAP_DISABLED_20260608	translation_in_taiwan_item_tables	refs=table_text_all_data.rdf:3:6350090:0
# tbl1.pak	0x014459EF	Lightning Fan L	闪电扇L
tbl1.pak	0x01445E21	Flame Cannon L	火焰炮L
tbl1.pak	0x01445E4B	Trumpet L	号角L
tbl1.pak	0x01446041	Super Trumpet L	超级号角L
tbl1.pak	0x014462B1	Light Speed Trumpet L	光速度号角L
tbl1.pak	0x0144632D	Dark Trumpet L	黑暗号角L
tbl1.pak	0x014465D5	Corn Club L	玉米棒L
tbl1.pak	0x014467DD	Pound Drum L	重击鼓L
tbl1.pak	0x0144B163	7Spiritualist beginner clothes.\nLight and easy to move.	7气功师 beginner clothes.\nLight and easy to move.
tbl1.pak	0x0144B227	7Spiritualist beginner clothes.\nLight and easy to move.	7气功师 beginner clothes.\nLight and easy to move.
tbl1.pak	0x0144B2EB	7Spiritualist beginner clothes.\nLight and easy to move.	7气功师 beginner clothes.\nLight and easy to move.
tbl1.pak	0x014610C7	Pleasant Wind Necklace L	愉快风项链L
tbl1.pak	0x01461B85	USpiritualists love this necklace.\nIt's said that the symbol engraved is mysteriouse.	U气功师 love this necklace.\nIt's said that the symbol engraved is mysteriouse.
tbl1.pak	0x01461C5D	USpiritualists love this necklace.\nIt's said that the symbol engraved is mysteriouse.	U气功师 love this necklace.\nIt's said that the symbol engraved is mysteriouse.
tbl1.pak	0x01461D35	USpiritualists love this necklace.\nIt's said that the symbol engraved is mysteriouse.	U气功师 love this necklace.\nIt's said that the symbol engraved is mysteriouse.
tbl1.pak	0x01461E0D	USpiritualists love this necklace.\nIt's said that the symbol engraved is mysteriouse.	U气功师 love this necklace.\nIt's said that the symbol engraved is mysteriouse.
tbl1.pak	0x01461EE5	USpiritualists love this necklace.\nIt's said that the symbol engraved is mysteriouse.	U气功师 love this necklace.\nIt's said that the symbol engraved is mysteriouse.
tbl1.pak	0x01461FBD	USpiritualists love this necklace.\nIt's said that the symbol engraved is mysteriouse.	U气功师 love this necklace.\nIt's said that the symbol engraved is mysteriouse.
tbl1.pak	0x01462095	USpiritualists love this necklace.\nIt's said that the symbol engraved is mysteriouse.	U气功师 love this necklace.\nIt's said that the symbol engraved is mysteriouse.
tbl1.pak	0x0146216D	USpiritualists love this necklace.\nIt's said that the symbol engraved is mysteriouse.	U气功师 love this necklace.\nIt's said that the symbol engraved is mysteriouse.
tbl1.pak	0x01462241	USpiritualists love this necklace.\nIt's said that the symbol engraved is mysteriouse.	U气功师 love this necklace.\nIt's said that the symbol engraved is mysteriouse.
tbl1.pak	0x01462315	USpiritualists love this necklace.\nIt's said that the symbol engraved is mysteriouse.	U气功师 love this necklace.\nIt's said that the symbol engraved is mysteriouse.
tbl1.pak	0x014623ED	USpiritualists love this necklace.\nIt's said that the symbol engraved is mysteriouse.	U气功师 love this necklace.\nIt's said that the symbol engraved is mysteriouse.
tbl1.pak	0x014624C5	USpiritualists love this necklace.\nIt's said that the symbol engraved is mysteriouse.	U气功师 love this necklace.\nIt's said that the symbol engraved is mysteriouse.
tbl1.pak	0x0146259D	USpiritualists love this necklace.\nIt's said that the symbol engraved is mysteriouse.	U气功师 love this necklace.\nIt's said that the symbol engraved is mysteriouse.
tbl1.pak	0x01462675	USpiritualists love this necklace.\nIt's said that the symbol engraved is mysteriouse.	U气功师 love this necklace.\nIt's said that the symbol engraved is mysteriouse.
tbl1.pak	0x0146274D	USpiritualists love this necklace.\nIt's said that the symbol engraved is mysteriouse.	U气功师 love this necklace.\nIt's said that the symbol engraved is mysteriouse.
tbl1.pak	0x01462825	USpiritualists love this necklace.\nIt's said that the symbol engraved is mysteriouse.	U气功师 love this necklace.\nIt's said that the symbol engraved is mysteriouse.
# tbl1.pak	0x0146372F	Fire Necklace L	火项链L
# tbl1.pak	0x01463867	Water Necklace L	水项链L
# tbl1.pak	0x01464947	Double Ring L	双戒指L
# tbl1.pak	0x0146517F	Ancient Ring L	古代戒指L
# tbl1.pak	0x0146D065	Ruby Earring L	红宝石耳环L
# tbl1.pak	0x0146D75D	Ascension Earring L	飞升耳环L
# tbl1.pak	0x0146DBCD	Ascension Earring	飞升耳环
tbl1.pak	0x01476C1D	Super Saiyan Scouter	超级赛亚人探测器
tbl1.pak	0x0147746D	Crystal Spirit Gem Chip 40	水晶精神宝石芯片40
tbl1.pak	0x014774E7	Crystal Spirit Gem Chip 50	水晶精神宝石芯片50
tbl1.pak	0x01477561	Crystal Spirit Gem Chip 60	水晶精神宝石芯片60
tbl1.pak	0x014775DB	Crystal Spirit Gem Chip 70	水晶精神宝石芯片70
tbl1.pak	0x01477655	Crystal Spirit Gem Chip 80	水晶精神宝石芯片80
tbl1.pak	0x014776CF	Crystal Spirit Gem Chip 90	水晶精神宝石芯片90
tbl1.pak	0x01477749	Crystal Spirit Gem Chip 100	水晶精神宝石芯片100
tbl1.pak	0x014777C5	Crystal Spirit Gem Chip 110	水晶精神宝石芯片110
tbl1.pak	0x0147A98D	P Red Dragon Gauntlets	P红色龙臂甲
tbl1.pak	0x0147F3CB	CC Energy Gauntlets	CC气功臂甲
tbl1.pak	0x01480453	E Red Dragon Gauntlets	E红色龙臂甲
tbl1.pak	0x01482511	E Lightning Gauntlets	E闪电臂甲
tbl1.pak	0x014826D9	Metal Gauntlets EX	金属臂甲EX
tbl1.pak	0x01482A3B	E Cricket Gauntlets	E蟋蟀臂甲
tbl1.pak	0x01482D6B	E Chaos Gauntlets	E混沌臂甲
tbl1.pak	0x01482DD7	Namekian Gauntlets EX	那美克星人臂甲EX
tbl1.pak	0x01484739	Limited Injection Staff	限定注射杖
tbl1.pak	0x01484D99	Palm Staff	棕榈杖
tbl1.pak	0x01484E0D	Dragon Soul Staff	龙灵魂杖
tbl1.pak	0x01484FA5	Old Dragon Staff	老旧龙杖
tbl1.pak	0x014850B5	Magic Power Staff	魔法力量杖
tbl1.pak	0x014852E1	Evil Dragon Staff	邪恶龙杖
tbl1.pak	0x0148540B	Iron Staff	铁杖
# TAIWAN_OVERLAP_DISABLED_20260608	translation_in_taiwan_item_tables	refs=table_text_all_data.rdf:3:5070070:0;table_text_all_data.rdf:3:6670070:0
# tbl1.pak	0x014857E3	Power Gun	力量枪
tbl1.pak	0x01486079	Invincible Damage Claws	无敌伤害爪
tbl1.pak	0x01486403	Magic Dragon Claws	魔法龙爪
tbl1.pak	0x014873A7	Magic Power Axe	魔法力量斧
tbl1.pak	0x01487441	CC New Metal Axe	CC新金属斧
# TAIWAN_OVERLAP_DISABLED_20260608	translation_in_taiwan_item_tables	refs=table_text_all_data.rdf:3:6700090:0
# tbl1.pak	0x01487AD9	Hellfire Scroll	地狱火卷轴
# TAIWAN_OVERLAP_DISABLED_20260608	translation_in_taiwan_item_tables	refs=table_text_all_data.rdf:3:6700140:0
# tbl1.pak	0x01487E19	Ultimate Scroll	终极卷轴
tbl1.pak	0x01487F4B	Dragon Roar Scroll	龙咆哮卷轴
tbl1.pak	0x014883C7	Crystal Gem Scroll	水晶宝石卷轴
tbl1.pak	0x0148848B	Dark Scroll	黑暗卷轴
tbl1.pak	0x01488BC5	Dark Crystal Gem	黑暗水晶宝石
tbl1.pak	0x014891FB	Dragon Magic Gem	龙魔法宝石
tbl1.pak	0x01489841	Awakening Stick	觉醒棍
tbl1.pak	0x01489C41	Phoenix Magic Stick	凤凰魔法棍
# TAIWAN_OVERLAP_DISABLED_20260608	translation_in_taiwan_item_tables	refs=table_text_all_data.rdf:3:5120100:0;table_text_all_data.rdf:3:8320050:0;table_text_all_data.rdf:3:8320070:0
# tbl1.pak	0x0148A36B	Awakening Z Stick	觉醒Z棍
tbl1.pak	0x0148A6BD	Warrior Sword	那美克战士剑
# TAIWAN_OVERLAP_DISABLED_20260608	translation_in_taiwan_item_tables	refs=table_text_all_data.rdf:3:6730090:0
# tbl1.pak	0x0148AA23	Mira Sword	米拉剑
tbl1.pak	0x0148AE19	King Lightning Sword	王闪电剑
# TAIWAN_OVERLAP_DISABLED_20260608	translation_in_taiwan_item_tables	refs=table_text_all_data.rdf:3:6730160:0
# tbl1.pak	0x0148AEC1	Phoenix Sword	凤凰剑
tbl1.pak	0x0148B047	Magic Soul Sword	魔法灵魂剑
tbl1.pak	0x0148B2B5	Red Star Sword	红色星剑
tbl1.pak	0x0148B3A7	Green Jade Wand EX	绿色翡翠短杖EX
tbl1.pak	0x0148B61B	Long Life Wand	长生命短杖
tbl1.pak	0x0148B741	Space Turtle Wand	空间龟短杖
tbl1.pak	0x0148BA35	Lightning Wand	闪电短杖
tbl1.pak	0x0148BAAD	King of Magic Wand	魔法短杖的王
tbl1.pak	0x0148BC31	Sound Wand	声音短杖
tbl1.pak	0x0148BED5	Magic Soul Wand	魔法灵魂短杖
tbl1.pak	0x0148C117	Z Awakening Wand	Z觉醒短杖
tbl1.pak	0x0148C1C7	Magic Meteor Wand	魔法流星短杖
tbl1.pak	0x0148CB6D	Purple Wind Fan	紫色风扇
tbl1.pak	0x0148CE8F	Dragon Scales Fan	龙鳞片扇
tbl1.pak	0x0148CF43	Gale Fan	疾风扇
tbl1.pak	0x0148D0AF	Red Flame Fan	红色火焰扇
tbl1.pak	0x0148E7D3	Magic Popsicle	魔法冰棒
tbl1.pak	0x0148EC43	Super Magic Club	超级魔法棒
tbl1.pak	0x0148F047	Sweet Magic Club	甜魔法棒
tbl1.pak	0x0148FB97	Unlimited Drum	无限鼓
tbl1.pak	0x0149055D	Thunder Drum	雷霆鼓
tbl1.pak	0x01490821	Ultra-Pure Mask	极限-纯粹面具
tbl1.pak	0x01490C93	Super Majin Mask	超级魔人面具
tbl1.pak	0x01490D49	Super Magic Majin Mask	超级魔法魔人面具
tbl1.pak	0x01491429	Mechanical Star Mask	机械星面具
tbl1.pak	0x014966F1	Original Spiritualist Shirt	Original 气功师 Shirt
tbl1.pak	0x014A1321	Combat Dragon Clan Equip	战斗龙族装备
tbl1.pak	0x014A14E7	Dragon Clan's general practice clothes. At the\nclothes are everywhere traces of insect bites.	那美克龙族's general practice clothes. At the\nclothes are everywhere traces of insect bites.
tbl1.pak	0x014A5BD7	Legendary Suit (Top)	传说套装(上衣)
tbl1.pak	0x014A5CA3	Legendary Suit (Pants)	传说套装(裤子)
tbl1.pak	0x014A5D73	Legendary Suit (Shoes)	传说套装(鞋子)
tbl1.pak	0x014B0801	Warrior Necklace	那美克战士项链
tbl1.pak	0x014B0A57	Light Necklace	光项链
# TAIWAN_OVERLAP_DISABLED_20260608	translation_in_taiwan_item_tables	refs=table_text_all_data.rdf:3:6890060:0
# tbl1.pak	0x014B0AC7	Classic Necklace	经典项链
tbl1.pak	0x014B0BCB	Combat Necklace	战斗项链
# TAIWAN_OVERLAP_DISABLED_20260608	translation_in_taiwan_item_tables	refs=table_text_all_data.rdf:3:6890090:0
# tbl1.pak	0x014B0C7F	Crystal Necklace	水晶项链
tbl1.pak	0x014B0E71	Silver Soul Necklace	银色灵魂项链
# TAIWAN_OVERLAP_DISABLED_20260608	translation_in_taiwan_item_tables	refs=table_text_all_data.rdf:3:6890130:0
# tbl1.pak	0x014B0EDF	Meteor Necklace	流星项链
tbl1.pak	0x014B13B7	Green Necklace	绿色项链
tbl1.pak	0x014B14E5	Dragon Roar Necklace	龙咆哮项链
tbl1.pak	0x014B154B	Spirit Necklace	精神项链
tbl1.pak	0x014B1631	Blue Sky Necklace	蓝色天空项链
tbl1.pak	0x014B175D	Double Soul Necklace	双灵魂项链
tbl1.pak	0x014B17DB	New Necklace 9	新项链9
tbl1.pak	0x014B181F	New Necklace 10	新项链10
tbl1.pak	0x014B188B	New Necklace 11	新项链11
tbl1.pak	0x014B18AF	New Necklace 12	新项链12
tbl1.pak	0x014B18F7	New Necklace 13	新项链13
tbl1.pak	0x014B193F	New Necklace 14	新项链14
tbl1.pak	0x014B1987	New Necklace 15	新项链15
tbl1.pak	0x014B19CF	New Necklace 16	新项链16
# TAIWAN_OVERLAP_DISABLED_20260608	translation_in_taiwan_item_tables	refs=table_text_all_data.rdf:3:6890380:0
# tbl1.pak	0x014B1BA3	Flame Necklace	火焰项链
tbl1.pak	0x014B1C73	Red Rock Necklace	红色岩石项链
tbl1.pak	0x014B1D73	Warrior Ring	那美克战士戒指
tbl1.pak	0x014B1F89	Light Ring	光戒指
# TAIWAN_OVERLAP_DISABLED_20260608	translation_in_taiwan_item_tables	refs=table_text_all_data.rdf:3:6900060:0
# tbl1.pak	0x014B1FE9	Classic Ring	经典戒指
tbl1.pak	0x014B20CB	Combat Ring	战斗戒指
tbl1.pak	0x014B2177	Crystal Ring	水晶戒指
tbl1.pak	0x014B2341	Silver Soul Ring	银色灵魂戒指
tbl1.pak	0x014B23A7	Meteor Ring	流星戒指
# TAIWAN_OVERLAP_DISABLED_20260608	translation_in_taiwan_item_tables	refs=table_text_all_data.rdf:3:6900240:0;table_text_all_data.rdf:3:6900241:0
# tbl1.pak	0x014B294F	New Ring 9	新戒指9
# TAIWAN_OVERLAP_DISABLED_20260608	translation_in_taiwan_item_tables	refs=table_text_all_data.rdf:3:6900250:0;table_text_all_data.rdf:3:6900251:0
# tbl1.pak	0x014B2983	New Ring 10	新戒指10
# TAIWAN_OVERLAP_DISABLED_20260608	translation_in_taiwan_item_tables	refs=table_text_all_data.rdf:3:6900260:0;table_text_all_data.rdf:3:6900261:0
# tbl1.pak	0x014B29BB	New Ring 11	新戒指11
# TAIWAN_OVERLAP_DISABLED_20260608	translation_in_taiwan_item_tables	refs=table_text_all_data.rdf:3:6900270:0;table_text_all_data.rdf:3:6900271:0
# tbl1.pak	0x014B29F3	New Ring 12	新戒指12
tbl1.pak	0x014B2A2B	Awakening Ring	觉醒戒指
tbl1.pak	0x014B2AA3	Strong Ring	强力戒指
tbl1.pak	0x014B2B55	Devil Ring	魔鬼戒指
tbl1.pak	0x014B2BAF	Dark Devil Ring	黑暗魔鬼戒指
tbl1.pak	0x014B2C13	Warrior Earring	那美克战士耳环
tbl1.pak	0x014B2E59	Light Earring	光耳环
# TAIWAN_OVERLAP_DISABLED_20260608	translation_in_taiwan_item_tables	refs=table_text_all_data.rdf:3:6910060:0
# tbl1.pak	0x014B2EC5	Classic Earring	经典耳环
tbl1.pak	0x014B2FBF	Combat Earring	战斗耳环
# TAIWAN_OVERLAP_DISABLED_20260608	translation_in_taiwan_item_tables	refs=table_text_all_data.rdf:3:6910090:0
# tbl1.pak	0x014B3071	Crystal Earring	水晶耳环
tbl1.pak	0x014B3259	Silver Soul Earring	银色灵魂耳环
# TAIWAN_OVERLAP_DISABLED_20260608	translation_in_taiwan_item_tables	refs=table_text_all_data.rdf:3:6910130:0
# tbl1.pak	0x014B32C5	Meteor Earring	流星耳环
# TAIWAN_OVERLAP_DISABLED_20260608	translation_in_taiwan_item_tables	refs=table_text_all_data.rdf:3:6910220:0
# tbl1.pak	0x014B37D1	Unlimited Life Earring	无限生命耳环
tbl1.pak	0x014B38A5	Red Ghost Earring	红色幽灵耳环
tbl1.pak	0x014B3AED	Red-Purple Earring	红色-紫色耳环
tbl1.pak	0x014B3B77	Green Ghost Earring	绿色幽灵耳环
tbl1.pak	0x014B3DC3	New Earring 9	新耳环9
tbl1.pak	0x014B3E03	New Earring 10	新耳环10
tbl1.pak	0x014B3E47	New Earring 11	新耳环11
tbl1.pak	0x014B3E8B	New Earring 12	新耳环12
tbl1.pak	0x014B443D	Prototype Scouter Chip	原型探测器芯片
# TAIWAN_OVERLAP_DISABLED_20260608	same_source_translation_in_taiwan_rdf	refs=table_text_all_data.rdf:3:7000213:0
# tbl1.pak	0x014B482F	Lucy Hair	露西发型
# TAIWAN_OVERLAP_DISABLED_20260608	same_source_translation_in_taiwan_rdf	refs=table_text_all_data.rdf:3:7000214:0
# tbl1.pak	0x014B4847	Erza Hair	艾露莎发型
# TAIWAN_OVERLAP_DISABLED_20260608	same_source_translation_in_taiwan_rdf	refs=table_text_all_data.rdf:3:7000217:0
# tbl1.pak	0x014B48B5	Aqua Outfit	阿库娅套装
# TAIWAN_OVERLAP_DISABLED_20260608	same_source_translation_in_taiwan_rdf	refs=table_text_all_data.rdf:3:7000220:0
# tbl1.pak	0x014B48D1	Fire Wings	火翅膀
# TAIWAN_OVERLAP_DISABLED_20260608	same_source_translation_in_taiwan_rdf	refs=table_text_all_data.rdf:3:7000230:0
# tbl1.pak	0x014B49DD	Pink Outfit	粉色套装
# TAIWAN_OVERLAP_DISABLED_20260608	same_source_translation_in_taiwan_rdf	refs=table_text_all_data.rdf:3:7000238:0
# tbl1.pak	0x014B4AD1	Android 21 Outfit	人造人21套装
tbl1.pak	0x014B4E75	Death Axe Transmog	死亡之斧幻化
tbl1.pak	0x014B4E9F	Two Handed Sword	双手剑
tbl1.pak	0x014B50F9	Oozaru Coin	大猿硬币
tbl1.pak	0x014B5115	Martial Oozaru	武道家大猿
tbl1.pak	0x014B5137	Spiritualist Oozaru	气功师大猿
# tbl1.pak	0x014B5261	Dragon Soul (Green)	龙灵魂(绿色)
tbl1.pak	0x014B544B	Super Saiyan 4 Outfit	超级赛亚人4套装
tbl1.pak	0x014B547B	Super Saiyan 4 Hair	超级赛亚人4发型
tbl1.pak	0x014B54DD	Halloween Box	万圣节盒
tbl1.pak	0x014B56AD	Halloween Title	万圣节称号
tbl1.pak	0x014B56D1	Martial Golden Oozaru	武道家黄金大猿
tbl1.pak	0x014B5701	Spiritualist Golden Oozaru	气功师黄金大猿
tbl1.pak	0x014B57FD	Weapon Lv 80 Stone	武器Lv80石
tbl1.pak	0x014B5827	White Lv 80 Stone	白色Lv80石
tbl1.pak	0x014B58F5	EV Capsule Box Z56	EV胶囊盒Z56
tbl1.pak	0x014B5DF9	Ruby Dragon Soul	红宝石龙灵魂
tbl1.pak	0x014B5E1F	Ice Dragon Soul	冰龙灵魂
tbl1.pak	0x014B5E71	Cosmic Dragon Soul	宇宙龙灵魂
tbl1.pak	0x014B5E9B	Leaf Dragon Soul	叶龙灵魂
tbl1.pak	0x014B5FCD	Event Sample	活动样品
tbl1.pak	0x014B605F	BMO Backpack	BMO背包
tbl1.pak	0x014B6389	Battle Z Coin	战斗Z硬币
tbl1.pak	0x014B64C3	Blue Sky Claws	蓝色天空爪
tbl1.pak	0x014B6637	Dark Claws	黑暗爪
tbl1.pak	0x014B67A7	Phoenix Claws	凤凰爪
tbl1.pak	0x014B6947	King Claws	王爪
tbl1.pak	0x014B69B3	Ginyu Soul Claws	基纽灵魂爪
tbl1.pak	0x014B6CD9	Blue Sky Axe	蓝色天空斧
tbl1.pak	0x014B6E41	Dark Axe	黑暗斧
tbl1.pak	0x014B6FA1	Phoenix Axe	凤凰斧
tbl1.pak	0x014B7135	King Axe	王斧
tbl1.pak	0x014B719D	Ginyu Soul Axe	基纽灵魂斧
tbl1.pak	0x014B74CD	Blue Sky Scroll	蓝色天空卷轴
tbl1.pak	0x014B77BF	Phoenix Scroll	凤凰卷轴
tbl1.pak	0x014B7965	King Scroll	王卷轴
tbl1.pak	0x014B79D3	Ginyu Soul Scroll	基纽灵魂卷轴
tbl1.pak	0x014B7CED	Blue Sky Gem	蓝色天空宝石
tbl1.pak	0x014B7E51	Dark Gem	黑暗宝石
tbl1.pak	0x014B7FA1	Phoenix Gem	凤凰宝石
tbl1.pak	0x014B8135	King Gem	王宝石
tbl1.pak	0x014B819D	Ginyu Soul Gem	基纽灵魂宝石
tbl1.pak	0x014B850B	Blue Sky Stick	蓝色天空棍
tbl1.pak	0x014B867F	Dark Stick	黑暗棍
tbl1.pak	0x014B87EF	Phoenix Stick	凤凰棍
tbl1.pak	0x014B898F	King Stick	王棍
tbl1.pak	0x014B89FB	Ginyu Soul Stick	基纽灵魂棍
tbl1.pak	0x014B8D3D	Blue Sky Sword	蓝色天空剑
tbl1.pak	0x014B8EB1	Dark Sword	黑暗剑
tbl1.pak	0x014B91C1	King Sword	王剑
tbl1.pak	0x014B922D	Ginyu Soul Sword	基纽灵魂剑
tbl1.pak	0x014B9569	Sky Blue Wand	天空蓝色短杖
tbl1.pak	0x014B96D7	Dark Wand	黑暗短杖
tbl1.pak	0x014B983F	Phoenix Wand	凤凰短杖
tbl1.pak	0x014B99D9	King Wand	王短杖
tbl1.pak	0x014B9A43	Ginyu Soul Wand	基纽灵魂短杖
tbl1.pak	0x014B9D6D	Blue Sky Fan	蓝色天空扇
tbl1.pak	0x014B9ED5	Dark Fan	黑暗扇
tbl1.pak	0x014BA1D1	King Fan	王扇
tbl1.pak	0x014BA239	Ginyu Soul Fan	基纽灵魂扇
tbl1.pak	0x014BA56D	Blue Sky Trumpet	蓝色天空号角
tbl1.pak	0x014BA879	Phoenix Trumpet	凤凰号角
tbl1.pak	0x014BAA25	King Trumpet	王号角
tbl1.pak	0x014BAA95	Ginyu Soul Trumpet	基纽灵魂号角
tbl1.pak	0x014BADEF	Blue Sky Club	蓝色天空棒
tbl1.pak	0x014BAF5D	Dark Club	黑暗棒
tbl1.pak	0x014BB0C5	Phoenix Club	凤凰棒
tbl1.pak	0x014BB25F	King Club	王棒
tbl1.pak	0x014BB2C9	Ginyu Soul Club	基纽灵魂棒
tbl1.pak	0x014BB5F9	Blue Sky Drum	蓝色天空鼓
tbl1.pak	0x014BB767	Dark Drum	黑暗鼓
tbl1.pak	0x014BB8CF	Phoenix Drum	凤凰鼓
tbl1.pak	0x014BBA69	King Drum	王鼓
tbl1.pak	0x014BBAD3	Ginyu Soul Drum	基纽灵魂鼓
tbl1.pak	0x014BBE03	Blue Sky Mask	蓝色天空面具
tbl1.pak	0x014BBF71	Dark Mask	黑暗面具
tbl1.pak	0x014BC0D9	Phoenix Mask	凤凰面具
tbl1.pak	0x014BC273	King Mask	王面具
tbl1.pak	0x014BC2DD	Ginyu Soul Mask	基纽灵魂面具
tbl1.pak	0x014F5FE7	Invincible Battle Gauntlets	无敌战斗臂甲
tbl1.pak	0x014F730D	Steel Power Staff	钢力量杖
tbl1.pak	0x014F74E9	True Staff	真杖
tbl1.pak	0x014F75B7	Invincible Battle Staff	无敌战斗杖
tbl1.pak	0x014F773F	Intense Fire Staff	浓烈火杖
tbl1.pak	0x014F7DD1	Big Surprise Battle Staff	大惊喜战斗杖
tbl1.pak	0x014F8EB5	Red Claws Axe	红色爪斧
tbl1.pak	0x014F9AC5	Eye of Tiamat	提亚马特的眼
tbl1.pak	0x014FA0F7	Dragon Stick EX	龙棍EX
tbl1.pak	0x014FB739	Energy Damage	气功伤害
tbl1.pak	0x014FBD5B	Magic Dragon Trumpet EX	魔法龙号角EX
tbl1.pak	0x014FC2B3	Spicy Meat	辛辣肉
tbl1.pak	0x014FCD5F	Demon Mask EX	恶魔面具EX
tbl1.pak	0x014FCE3F	Iron Mask	铁面具
tbl1.pak	0x01506855	Elder Gauntlets EX	长老臂甲EX
tbl1.pak	0x01506B13	Lotus Dragon Gauntlets EX	莲花龙臂甲EX
tbl1.pak	0x0150814D	JHigh properties manufactured staff,\nonly for the glory of Namek Warriors.	JHigh properties manufactured staff,\nonly for the glory of 那美克战士s.
tbl1.pak	0x015081E9	Fire-Water Staff	火-水杖
tbl1.pak	0x015087F1	Evil Magic Staff	邪恶魔法杖
tbl1.pak	0x01508E89	Dragon Beat Claws R	龙节拍爪R
tbl1.pak	0x01509457	Dragon Fury Axe R	龙狂怒斧R
tbl1.pak	0x015094BD	Dragon Cut Axe R	龙切割斧R
tbl1.pak	0x01509A4F	Dragon Law Scroll R	龙法则卷轴R
# TAIWAN_OVERLAP_DISABLED_20260608	translation_in_taiwan_item_tables	refs=table_text_all_data.rdf:3:7900030:0;table_text_all_data.rdf:3:7900050:0
# tbl1.pak	0x01509B5D	Dragon King Scroll R	龙王卷轴R
tbl1.pak	0x0150A179	Dragon Crystal Gem R	龙水晶宝石R
tbl1.pak	0x0150A28B	Tiamat Eye R	提亚马特眼R
tbl1.pak	0x0150A797	Dragon Force Stick R	龙力量棍R
tbl1.pak	0x0150A8E5	Dragon Fire Stick R	龙火棍R
# TAIWAN_OVERLAP_DISABLED_20260608	translation_in_taiwan_item_tables	refs=table_text_all_data.rdf:3:7930010:0
# tbl1.pak	0x0150AD97	Dragon Sword R	龙剑R
tbl1.pak	0x0150AF27	Star Stone Sword	星石剑
# TAIWAN_DEEP_OVERLAP_DISABLED_20260608	translation_any_taiwan	refs=table_text_all_data.rdf:3:7935050:0
# tbl1.pak	0x0150B243	Stone Sword	石剑
tbl1.pak	0x0150B3BF	Dragon King Wand R	龙王短杖R
tbl1.pak	0x0150B42F	Dragon King Wand	龙王短杖
tbl1.pak	0x0150B5A5	Magic Law Wand	魔法法则短杖
tbl1.pak	0x0150B891	Steel Wand	钢短杖
# TAIWAN_OVERLAP_DISABLED_20260608	translation_in_taiwan_item_tables	refs=table_text_all_data.rdf:3:7950020:0
# tbl1.pak	0x0150BA05	Dragon King Fan R	龙王扇R
tbl1.pak	0x0150BE19	Steel Fan	钢扇
# TAIWAN_OVERLAP_DISABLED_20260608	translation_in_taiwan_item_tables	refs=table_text_all_data.rdf:3:7960020:0
# tbl1.pak	0x0150BF8F	Dragon King Cannon R	龙王炮R
# TAIWAN_OVERLAP_DISABLED_20260608	translation_in_taiwan_item_tables	refs=table_text_all_data.rdf:3:7985050:0
# tbl1.pak	0x0150C857	Buu Trumpet	布欧号角
# TAIWAN_DEEP_OVERLAP_DISABLED_20260608	translation_any_taiwan	refs=table_text_all_data.rdf:3:7990010:0
# tbl1.pak	0x0150C95F	Meat R	肉R
tbl1.pak	0x0150CAB3	Spicy Meat R	辛辣肉R
tbl1.pak	0x0150CF13	Sound Drum R	声音鼓R
# TAIWAN_OVERLAP_DISABLED_20260608	translation_in_taiwan_item_tables	refs=table_text_all_data.rdf:3:8000030:0;table_text_all_data.rdf:3:8000050:0
# tbl1.pak	0x0150CF97	Dragon Drum R	龙鼓R
tbl1.pak	0x0150D48B	Tiamat Mask R	提亚马特面具R
# TAIWAN_OVERLAP_DISABLED_20260608	translation_in_taiwan_item_tables	refs=table_text_all_data.rdf:3:8010020:0
# tbl1.pak	0x0150D4F7	Dragon King Mask	龙王面具
tbl1.pak	0x0150D5D5	Dragon Mask R	龙面具R
tbl1.pak	0x0150D651	Buu Mask	布欧面具
tbl1.pak	0x0151B1F5	CEach Dragon Clan are waiting for this suit, contain mystery powers.	CEach 那美克龙族 are waiting for this suit, contain mystery powers.
tbl1.pak	0x0151B2C9	CEach Dragon Clan are waiting for this suit, contain mystery powers.	CEach 那美克龙族 are waiting for this suit, contain mystery powers.
tbl1.pak	0x0151B39D	CEach Dragon Clan are waiting for this suit, contain mystery powers.	CEach 那美克龙族 are waiting for this suit, contain mystery powers.
tbl1.pak	0x01525239	Special Scouter Chip	特殊探测器芯片
tbl1.pak	0x01526CBD	P Red Comet Gauntlets	P红色彗星臂甲
tbl1.pak	0x01526FCD	Capsule Machine 70	机器70胶囊
tbl1.pak	0x01527CCD	Red Comet Gauntlets	红色彗星臂甲
tbl1.pak	0x015284EF	Red Comet Gauntlets EX	红色彗星臂甲EX
tbl1.pak	0x015288EB	Capsule Machine 70 EX	机器70EX胶囊
tbl1.pak	0x01528DB7	E Red Comet Gauntlets	E红色彗星臂甲
tbl1.pak	0x0152966F	E Red Comet Gauntlets EX	E红色彗星臂甲EX
tbl1.pak	0x01529D93	Practitioner Injection Gauntlets	修行者注射臂甲
tbl1.pak	0x01529E8F	Namek Soul Gauntlets	那美克灵魂臂甲
tbl1.pak	0x01529F17	Steel Beetle Gauntlets	钢甲虫臂甲
tbl1.pak	0x0152A46D	Iron Gauntlets EX	铁臂甲EX
tbl1.pak	0x0152A68B	Practitioner Injection Gauntlets EX	修行者注射臂甲EX
tbl1.pak	0x0152A78D	Namek Soul Gauntlets EX	那美克灵魂臂甲EX
tbl1.pak	0x0152A81B	Steel Beetle Gauntlets EX	钢甲虫臂甲EX
tbl1.pak	0x0152C0DD	E Practitioner Z Gauntlets	E修行者Z臂甲
tbl1.pak	0x0152C1CD	E Namek Spirit Gauntlets	E那美克精神臂甲
tbl1.pak	0x0152C997	E Practitioner Z Gauntlets EX	E修行者Z臂甲EX
tbl1.pak	0x0152CA8D	E Namek Spirit Gauntlets EX	E那美克精神臂甲EX
# TAIWAN_OVERLAP_DISABLED_20260608	translation_in_taiwan_item_tables	refs=table_text_all_data.rdf:3:8260070:0;table_text_all_data.rdf:3:8263070:0
# tbl1.pak	0x0152D3E7	Narak Elder Staff	那拉克长老杖
tbl1.pak	0x0152DE1B	Earth Magic Staff	大地魔法杖
tbl1.pak	0x0152E0E1	Capsule Machine 60	机器60胶囊
tbl1.pak	0x0152E113	Capsule Machine 65	机器65胶囊
tbl1.pak	0x0152E37F	Capsule Machine 60 EX	机器60EX胶囊
tbl1.pak	0x0152E3B7	Capsule Machine 65 EX	机器65EX胶囊
tbl1.pak	0x0152EBF7	Namek Axe	那美克斧
tbl1.pak	0x0152EF0F	Absolute Soul Axe	绝对灵魂斧
tbl1.pak	0x0152FBAB	Diamond Gem	钻石宝石
tbl1.pak	0x0152FCC3	Black Crystal Gem	黑色水晶宝石
tbl1.pak	0x01530153	God Eye	神眼
tbl1.pak	0x015305E9	Devil Stick	魔鬼棍
tbl1.pak	0x01531A51	3 Eye Fan	3眼扇
# TAIWAN_OVERLAP_DISABLED_20260608	translation_in_taiwan_item_tables	refs=table_text_all_data.rdf:3:5590060:0;table_text_all_data.rdf:3:6790100:0;table_text_all_data.rdf:3:7995030:0;table_text_all_data.rdf:3:8393030:0
# tbl1.pak	0x01533097	Corn EX	玉米EX
tbl1.pak	0x015341D1	Chaos Mask	混沌面具
tbl1.pak	0x01545141	CEach Dragon Clan are waiting for this suit, contain mystery powers.	CEach 那美克龙族 are waiting for this suit, contain mystery powers.
tbl1.pak	0x0154520F	CEach Dragon Clan are waiting for this suit, contain mystery powers.	CEach 那美克龙族 are waiting for this suit, contain mystery powers.
tbl1.pak	0x015452DD	CEach Dragon Clan are waiting for this suit, contain mystery powers.	CEach 那美克龙族 are waiting for this suit, contain mystery powers.
tbl1.pak	0x01547221	CEach Dragon Clan are waiting for this suit, contain mystery powers.	CEach 那美克龙族 are waiting for this suit, contain mystery powers.
tbl1.pak	0x015472F5	CEach Dragon Clan are waiting for this suit, contain mystery powers.	CEach 那美克龙族 are waiting for this suit, contain mystery powers.
tbl1.pak	0x015473C9	CEach Dragon Clan are waiting for this suit, contain mystery powers.	CEach 那美克龙族 are waiting for this suit, contain mystery powers.
tbl1.pak	0x01551F1D	Capsule Machine Advanced Necklace S	机器高级项链S胶囊
tbl1.pak	0x0155467D	Capsule Machine Advanced Necklace	机器高级项链胶囊
tbl1.pak	0x01556095	Capsule Machine Special Necklace EX	机器特殊项链EX胶囊
tbl1.pak	0x015587F5	Capsule Machine Special Necklace	机器特殊项链胶囊
tbl1.pak	0x0155CD91	Capsule Machine Advanced Ring S	机器高级戒指S胶囊
tbl1.pak	0x0155EFC9	Capsule Machine Advanced Ring	机器高级戒指胶囊
tbl1.pak	0x01560671	Capsule Machine Super Ring EX	机器超级戒指EX胶囊
tbl1.pak	0x015627B9	Capsule Machine Super Ring	机器超级戒指胶囊
tbl1.pak	0x01566341	Capsule Machine Advanced Earring S	机器高级耳环S胶囊
tbl1.pak	0x01568759	Capsule Machine Advanced Earring	机器高级耳环胶囊
tbl1.pak	0x01569F41	Capsule Machine Extra Earring EX	机器特级耳环EX胶囊
tbl1.pak	0x0156C269	Capsule Machine Extra Earring	机器特级耳环胶囊
tbl1.pak	0x01570161	Basic Scouter	基础探测器
tbl1.pak	0x01570765	Super Scouter EX	超级探测器EX
tbl1.pak	0x015711E5	Advanced Scouter Chip	高级探测器芯片
tbl1.pak	0x0157418D	Capsule Machine Premium Scouter Chip EX	机器高级探测器芯片EX胶囊
tbl1.pak	0x01574D15	Capsule Machine Premium Scouter Chip	机器高级探测器芯片胶囊
tbl1.pak	0x01581AD9	Every Staff R	全杖R
# TAIWAN_OVERLAP_DISABLED_20260608	translation_in_taiwan_item_tables	refs=table_text_all_data.rdf:3:8670020:0
# tbl1.pak	0x01581E75	Popo Gun R	波波枪R
# TAIWAN_OVERLAP_DISABLED_20260608	translation_in_taiwan_item_tables	refs=table_text_all_data.rdf:3:8670030:0
# tbl1.pak	0x01581E97	Popo Gun	波波枪
tbl1.pak	0x01581F7D	Spiritual Cut Claws R	精神切割爪R
# TAIWAN_OVERLAP_DISABLED_20260608	translation_in_taiwan_item_tables	refs=table_text_all_data.rdf:3:8690010:0
# tbl1.pak	0x0158224D	Soul Axe R	灵魂斧R
# TAIWAN_OVERLAP_DISABLED_20260608	translation_in_taiwan_item_tables	refs=table_text_all_data.rdf:3:8690030:0;table_text_all_data.rdf:3:8690050:0
# tbl1.pak	0x01582389	Popo Axe R	波波斧R
tbl1.pak	0x01582439	Ice Axe	冰斧
tbl1.pak	0x01582B8F	Double Stick	双棍
tbl1.pak	0x01582D05	Prototype Injection Sword R	原型注射剑R
tbl1.pak	0x01582DC7	Korin Sword R	卡林剑R
tbl1.pak	0x0158308B	Korin Wand R	卡林短杖R
tbl1.pak	0x01583417	Fan R	扇R
tbl1.pak	0x015836DB	King of Battle R	战斗R的王
# TAIWAN_OVERLAP_DISABLED_20260608	translation_in_taiwan_item_tables	refs=table_text_all_data.rdf:3:8800020:0
# tbl1.pak	0x01583D91	Popo Drum	波波鼓
# TAIWAN_OVERLAP_DISABLED_20260608	translation_in_taiwan_item_tables	refs=table_text_all_data.rdf:3:8810030:0;table_text_all_data.rdf:3:8810050:0
# tbl1.pak	0x015840CF	Popo Mask R	波波面具R
tbl1.pak	0x01589115	Dragon Necklace	龙项链
tbl1.pak	0x0158931B	Dragon Ring	龙戒指
tbl1.pak	0x01589B05	Dragon Earring	龙耳环
# TAIWAN_OVERLAP_DISABLED_20260608	translation_in_taiwan_item_tables	refs=table_text_all_data.rdf:3:8910110:0
# tbl1.pak	0x01589FA3	Chaos Earring	混沌耳环
# TAIWAN_OVERLAP_DISABLED_20260608	translation_in_taiwan_item_tables	refs=table_text_all_data.rdf:3:9085010:0
# tbl1.pak	0x0158F515	Metal Axe L	金属斧L
# TAIWAN_OVERLAP_DISABLED_20260608	translation_in_taiwan_item_tables	refs=table_text_all_data.rdf:3:9090010:0
# tbl1.pak	0x0158FAA7	Dragon King Scroll L	龙王卷轴L
tbl1.pak	0x015903E7	Dragon Stick L	龙棍L
tbl1.pak	0x01590EDD	Dragon Wand L	龙短杖L
# TAIWAN_OVERLAP_DISABLED_20260608	translation_in_taiwan_item_tables	refs=table_text_all_data.rdf:3:9140010:0
# tbl1.pak	0x01592157	Dragon Drum L	龙鼓L
tbl1.pak	0x015B0C63	Strong Warrior Claws premium recipe	高级强力战士爪配方
tbl1.pak	0x015B3C71	Warrior Gloves premium recipe.	高级那美克战士手套配方
tbl1.pak	0x015B751F	Strong Warrior Claws premium recipe	高级强力战士爪配方
tbl1.pak	0x015B97AF	M Capsule Box	M胶囊盒
tbl1.pak	0x015BC115	White Stone Capsule	白色石胶囊
tbl1.pak	0x015BCB7B	Android 19 Set Capsule	人造人19套装胶囊
tbl1.pak	0x015C0F43	Silver Chest Key	银色胸甲钥匙
tbl1.pak	0x015C1ADF	Gold Chest Key	黄金胸甲钥匙
tbl1.pak	0x015C71FD	HL Capsule Box Z20 Combo	HL胶囊盒Z20连击
tbl1.pak	0x015C7279	HL Capsule Box Z24 Combo	HL胶囊盒Z24连击
tbl1.pak	0x015C72F5	HL Capsule Box Z28 Combo	HL胶囊盒Z28连击
tbl1.pak	0x015C7371	HL Capsule Box Z32 Combo	HL胶囊盒Z32连击
# TAIWAN_OVERLAP_DISABLED_20260608	translation_in_taiwan_item_tables	refs=table_text_all_data.rdf:3:111400370:0;table_text_all_data.rdf:3:29000450:0
# tbl1.pak	0x015C74BB	CC Pill Capsule L	CC药丸胶囊L
# TAIWAN_OVERLAP_DISABLED_20260608	translation_in_taiwan_item_tables	refs=table_text_all_data.rdf:3:111400330:0;table_text_all_data.rdf:3:29000440:0
# tbl1.pak	0x015C7745	CC Pill Capsule M	CC药丸胶囊M
tbl1.pak	0x015C91F1	Popo Stone Capsule	波波石胶囊
tbl1.pak	0x015C9281	Upgrade Capsule U30	升级胶囊U30
# TAIWAN_OVERLAP_DISABLED_20260608	translation_in_taiwan_item_tables	refs=table_text_all_data.rdf:3:111401030:0;table_text_all_data.rdf:3:29000790:0
# tbl1.pak	0x015C93E1	HL Pill Capsule	HL药丸胶囊
tbl1.pak	0x015C9AD5	Detoxification Pill	解毒药丸
tbl1.pak	0x015C9BC7	Pain Treatment Pill	疼痛治疗药丸
tbl1.pak	0x015CBE27	Super Saiyan Potion [Spiritualist]	超级赛亚人药水[气功师]
tbl1.pak	0x015CE0FB	Silver Treasure Chest	银色宝箱
tbl1.pak	0x015CE1BF	Silver Powerful Chest	银色强力胸甲
# TAIWAN_OVERLAP_DISABLED_20260608	translation_in_taiwan_item_tables	refs=table_text_all_data.rdf:3:1302020:0;table_text_all_data.rdf:3:14100150:0
# tbl1.pak	0x015CE343	Gold Treasure Chest	黄金宝箱
tbl1.pak	0x015CE403	Gold Powerful Chest	黄金强力胸甲
tbl1.pak	0x015D0B9D	Android 18 Outfit	人造人18套装
tbl1.pak	0x015D12B5	Devil's Wings	魔鬼的翅膀
tbl1.pak	0x015D13B5	Bulma Outfit	布尔玛套装
tbl1.pak	0x015D1413	Great Pain Treatment Pill	巨大疼痛治疗药丸
tbl1.pak	0x015D31C9	9Arrogant Rabbit Boss made through the Martial Artist top.	9Arrogant Rabbit Boss made through the 武道家 top.
tbl1.pak	0x015D327D	9Arrogant Rabbit Boss made through the Martial Artist top.	9Arrogant Rabbit Boss made through the 武道家 top.
tbl1.pak	0x015D3331	9Arrogant Rabbit Boss made through the Martial Artist top.	9Arrogant Rabbit Boss made through the 武道家 top.
tbl1.pak	0x015D4AE7	Vegito Outfit	贝吉特套装
tbl1.pak	0x015D516D	Bulma Space Outfit	布尔玛空间套装
tbl1.pak	0x015D5D7F	Devil Set Capsule	魔鬼套装胶囊
tbl1.pak	0x015D6699	EV Energy Potion	EV气功药水
tbl1.pak	0x015D6715	EV Soul Potion	EV灵魂药水
tbl1.pak	0x015D6795	EV Speed Potion	EV速度药水
tbl1.pak	0x015D709F	EV Weapon Upgrade Stone U50	EV武器升级石U50
tbl1.pak	0x015D720F	EV Weapon Upgrade Stone U53	EV武器升级石U53
tbl1.pak	0x015D737F	EV Weapon Upgrade Stone U55	EV武器升级石U55
tbl1.pak	0x015D792D	EV Advanced Weapon Upgrade Stone U50	EV高级武器升级石U50
tbl1.pak	0x015D7A5F	EV Advanced Weapon Upgrade Stone U53	EV高级武器升级石U53
tbl1.pak	0x015D7B91	EV Advanced Weapon Upgrade Stone U55	EV高级武器升级石U55
tbl1.pak	0x015D855B	EV Party Popo	EV组队波波
tbl1.pak	0x015D9447	EV Life Pill X	EV生命药丸X
tbl1.pak	0x015D94ED	EV Magic Pill X	EV魔法药丸X
tbl1.pak	0x015D993F	EV Great Namek Potion	EV巨大那美克药水
tbl1.pak	0x015D9AF7	EV Pure Majin Potion	EV纯粹魔人药水
tbl1.pak	0x015D9C67	EV Super Saiyan Potion [Spiritualist]	EV超级赛亚人药水[气功师]
tbl1.pak	0x015DD2A9	U38 Upgrade Capsule	U38升级胶囊
tbl1.pak	0x015DD343	U42 Upgrade Capsule	U42升级胶囊
tbl1.pak	0x015DD3DD	U46 Upgrade Capsule	U46升级胶囊
tbl1.pak	0x015DD477	U50 Upgrade Capsule	U50升级胶囊
tbl1.pak	0x015DD511	U53 Upgrade Capsule	U53升级胶囊
tbl1.pak	0x015DD5AB	U55 Upgrade Capsule	U55升级胶囊
tbl1.pak	0x015DD645	White Stone U55	白色石U55
tbl1.pak	0x015DD8F3	EV Potion Capsule	EV药水胶囊
tbl1.pak	0x015DD96D	Potion Capsule	胶囊药水
tbl1.pak	0x015DD9E1	EV White Stone U55	EV白色石U55
tbl1.pak	0x015E0AB3	EV Weapon Upgrade Stone U60	EV武器升级石U60
tbl1.pak	0x015E0D8D	EV Advanced Weapon Upgrade Stone U60	EV高级武器升级石U60
tbl1.pak	0x015E1B6D	[Spiritualist] LV UP 30! Cookie	[气功师] LV UP 30! Cookie
tbl1.pak	0x015E1BB1	[Spiritualist] LV UP 30! Cookie	[气功师] LV UP 30! Cookie
tbl1.pak	0x015E1C69	[Dragon Clan] LV UP 30! Cookie	[那美克龙族] LV UP 30! Cookie
tbl1.pak	0x015E1CAB	[Dragon Clan] LV UP 30! Cookie	[那美克龙族] LV UP 30! Cookie
tbl1.pak	0x015E1D75	[Wonder Majin] LV UP 30! Cookie	[意魔人] LV UP 30! Cookie
tbl1.pak	0x015E1DB9	[Wonder Majin] LV UP 30! Cookie	[意魔人] LV UP 30! Cookie
tbl1.pak	0x015E31E7	Pilaf Outfit	皮拉夫套装
tbl1.pak	0x015E3691	Pilot Outfit	驾驶员套装
# TAIWAN_OVERLAP_DISABLED_20260608	translation_in_taiwan_item_tables	refs=table_text_all_data.rdf:3:111402660:0;table_text_all_data.rdf:3:29005820:0
# tbl1.pak	0x015E3863	Popo Set Capsule	波波套装胶囊
tbl1.pak	0x015E38CB	Pilaf Set Capsule	皮拉夫套装胶囊
tbl1.pak	0x015E39B3	Pilot Set Capsule	驾驶员套装胶囊
tbl1.pak	0x015E3A8F	White Stone U60	白色石U60
tbl1.pak	0x015E4D33	General White Outfit Type A	将军白色套装A型
tbl1.pak	0x015E4E39	General White Outfit Type B	将军白色套装B型
tbl1.pak	0x015E4F3F	General White Outfit Type C	将军白色套装C型
tbl1.pak	0x015E64A7	LV70 Treasure Chest	LV70宝箱
tbl1.pak	0x015E6F97	White Stone U70	白色石U70
tbl1.pak	0x015E70DF	EV Dragon Ball Chest	EV龙珠胸甲
tbl1.pak	0x015E7335	EV Supply Box	EV补给盒
tbl1.pak	0x015E73B3	Popo's Outfit Type A	波波的套装A型
tbl1.pak	0x015E74A1	Popo's Outfit Type B	波波的套装B型
tbl1.pak	0x015E7591	Popo's Outfit Type C	波波的套装C型
tbl1.pak	0x015E79DD	Popo's Outfit A Set Capsule	波波的套装A套装胶囊
tbl1.pak	0x015E7A69	Popo's Outfit B Set Capsule	波波的套装B套装胶囊
tbl1.pak	0x015E7AF5	Popo's Outfit C Set Capsule	波波的套装C套装胶囊
tbl1.pak	0x015E99AB	Black Pet Capsule	黑色宠物胶囊
# TAIWAN_OVERLAP_DISABLED_20260608	translation_in_taiwan_item_tables	refs=table_text_all_data.rdf:3:111403470:0;table_text_all_data.rdf:3:29007080:0
# tbl1.pak	0x015E9A2D	Super Pet Capsule	超级宠物胶囊
tbl1.pak	0x015E9E31	Gotenks Outfit	悟天克斯套装
tbl1.pak	0x015EA5DF	Towa's Outfit	托娃的套装
tbl1.pak	0x015EA6BB	Krillin's Outfit	克林的套装
tbl1.pak	0x015EA7EF	Ozaru Outfit	大猿套装
tbl1.pak	0x015EA8BD	Ozaru's Head	大猿的头
tbl1.pak	0x015EAA4B	Pet Support Capsule	宠物支援胶囊
# TAIWAN_OVERLAP_DISABLED_20260608	translation_in_taiwan_item_tables	refs=table_text_all_data.rdf:3:111403550:0;table_text_all_data.rdf:3:29007320:0
# tbl1.pak	0x015EAAB5	Krillin Set Capsule	克林套装胶囊
tbl1.pak	0x015EACC9	Legendary Scouter Coupon	传说探测器券
tbl1.pak	0x015EB7AD	Scouter Reward E-1	探测器奖励E-1
tbl1.pak	0x015EB825	Scouter Reward E-2	探测器奖励E-2
tbl1.pak	0x015EB89D	Scouter Reward E-3	探测器奖励E-3
tbl1.pak	0x015EB915	Scouter Reward E-4	探测器奖励E-4
tbl1.pak	0x015EBB09	Silver Chest	银色胸甲
tbl1.pak	0x015ECAF3	CC Special Battle Coin	CC特殊战斗硬币
tbl1.pak	0x015ED3BB	CC Engineer Outfit	CC工程师套装
tbl1.pak	0x015ED48B	CC Field Engineer Trainee Outfit	CC野外工程师见习套装
tbl1.pak	0x015ED5D3	Fairy Wings	仙女翅膀
tbl1.pak	0x015EE027	Frieza	弗利萨
tbl1.pak	0x015EE105	Mysterious Warrior Mask	神秘战士面具
# TAIWAN_OVERLAP_DISABLED_20260608	translation_in_taiwan_item_tables	refs=table_text_all_data.rdf:3:112000160:0;table_text_all_data.rdf:3:29011200:0
# tbl1.pak	0x015EE6A7	Mushroom Hat	蘑菇帽子
tbl1.pak	0x015EE7FD	Dinosaur Head	恐龙头
tbl1.pak	0x015EEE2D	Frieza Head (Normal)	弗利萨头(普通)
tbl1.pak	0x015F0445	Frieza Dogi (Normal)	弗利萨时装(普通)
tbl1.pak	0x015F1389	CC Staff Outfit (Yellow)	CC杖套装(黄色)
tbl1.pak	0x015F13BF	CC Staff Outfit (Green)	CC杖套装(绿色)
tbl1.pak	0x015F13F3	CC Space Outfit	CC空间套装
# TAIWAN_OVERLAP_DISABLED_20260608	translation_in_taiwan_item_tables	refs=table_text_all_data.rdf:3:29610040:0
# tbl1.pak	0x015F155D	Fire Rock	火岩石
tbl1.pak	0x015F1F97	Lizard Skin	蜥蜴皮肤
tbl1.pak	0x015F2055	Frog Skin	青蛙皮肤
tbl1.pak	0x015F2185	Cuckoo Skin	咕咕鸡皮肤
tbl1.pak	0x015F2335	Silver	银色
tbl1.pak	0x015F2A79	Cuckoo Meat	咕咕鸡肉
tbl1.pak	0x015F2BC7	Wolf Meat	狼肉
# TAIWAN_OVERLAP_DISABLED_20260608	translation_in_taiwan_item_tables	refs=table_text_all_data.rdf:3:29700050:0
# tbl1.pak	0x015F3703	Fire Diamond	火钻石
tbl1.pak	0x015F4117	Mole Cricket Leather	鼹鼠蟋蟀皮革
tbl1.pak	0x015F41C3	Kiri Skin	基里皮肤
# TAIWAN_OVERLAP_DISABLED_20260608	translation_in_taiwan_item_tables	refs=table_text_all_data.rdf:3:29740020:0
# tbl1.pak	0x015F430F	Liquid Fuel	液体燃料
tbl1.pak	0x015F4517	Special Steel	特殊钢
tbl1.pak	0x015F50A5	Purple Crystal Gem	紫色水晶宝石
tbl1.pak	0x015F57D3	Black Mask	黑色面具
tbl1.pak	0x015F59A9	Alien Skin	异星皮肤
tbl1.pak	0x015F5D89	Space Metal	空间金属
tbl1.pak	0x015F68FD	Spirit King Stone	精神王石
tbl1.pak	0x015F6CFD	Energy Hair	气功发型
tbl1.pak	0x015F70CD	Magic Skin	魔法皮肤
tbl1.pak	0x015F747B	Frieza Metal	弗利萨金属
tbl1.pak	0x015F7B17	Tiamat Meat	提亚马特肉
tbl1.pak	0x0161F715	Rabbit Robot T-002	兔子机器人T-002
tbl1.pak	0x0161F7AB	Rabbit Robot T-003	兔子机器人T-003
tbl1.pak	0x0161F841	Rabbit Robot T-004	兔子机器人T-004
tbl1.pak	0x016203CB	Red Puar	红色普尔
tbl1.pak	0x01621105	Cat Pet	猫宠物
# TAIWAN_OVERLAP_DISABLED_20260608	translation_in_taiwan_item_tables	refs=table_text_all_data.rdf:3:60000760:0;table_text_all_data.rdf:3:60000770:0;table_text_all_data.rdf:3:60000780:0;table_text_all_data.rdf:3:60000790:0
# tbl1.pak	0x016211F5	Ghost Pet	幽灵宠物
# TAIWAN_OVERLAP_DISABLED_20260608	translation_in_taiwan_item_tables	refs=table_text_all_data.rdf:3:60000800:0
# tbl1.pak	0x016212FD	Broly Egg	布罗利蛋
tbl1.pak	0x01621373	Broly Pet (Normal)	布罗利宠物(普通)
tbl1.pak	0x01621417	Broly Pet (Super Saiyan)	布罗利宠物(超级赛亚人)
tbl1.pak	0x016214D1	Broly Pet (Legendary Super Saiyan)	布罗利宠物(传说超级赛亚人)
tbl1.pak	0x01621573	Flexarot (Normal)	弗莱克萨罗特(普通)
tbl1.pak	0x01621671	Flexarot (Super Saiyan)	弗莱克萨罗特(超级赛亚人)
tbl1.pak	0x01621783	Flexarot (Super Saiyan God)	弗莱克萨罗特(超级赛亚人之神)
tbl1.pak	0x01621859	Flexarot (Super Saiyan God Blue)	弗莱克萨罗特(超级赛亚人之神蓝色)
# TAIWAN_OVERLAP_DISABLED_20260608	translation_in_taiwan_item_tables	refs=table_text_all_data.rdf:3:60000880:0
# tbl1.pak	0x01621945	Mr Popo Pet	波波先生宠物
tbl1.pak	0x01621ABF	Ultimate Gohan LV4	终极孙悟饭Lv4
# TAIWAN_OVERLAP_DISABLED_20260608	translation_in_taiwan_item_tables	refs=table_text_all_data.rdf:3:26000040:0;table_text_all_data.rdf:3:4210010:0;table_text_all_data.rdf:3:60050100:0
# tbl1.pak	0x01623F1B	Rainbow Pet Capsule	彩虹宠物胶囊
tbl1.pak	0x01625341	Material Arts Capsule Lv1	材料武道胶囊Lv1
tbl1.pak	0x016253DF	Material Arts Capsule Lv2	材料武道胶囊Lv2
tbl1.pak	0x0162547D	Material Arts Capsule Lv3	材料武道胶囊Lv3
tbl1.pak	0x0162551B	Material Arts Capsule Lv4	材料武道胶囊Lv4
tbl1.pak	0x016255B9	Material Arts Capsule Lv5	材料武道胶囊Lv5
tbl1.pak	0x01625657	Material Arts Capsule Lv6	材料武道胶囊Lv6
tbl1.pak	0x016256F5	Material Arts Capsule Lv7	材料武道胶囊Lv7
tbl1.pak	0x01625793	Material Arts Capsule Lv8	材料武道胶囊Lv8
tbl1.pak	0x01625831	Material Arts Capsule Lv9	材料武道胶囊Lv9
tbl1.pak	0x016258CF	Material Arts Capsule Lv10	材料武道胶囊Lv10
tbl1.pak	0x01625F89	Warrior Capsule Lv1	那美克战士胶囊Lv1
tbl1.pak	0x0162601B	Warrior Capsule Lv2	那美克战士胶囊Lv2
tbl1.pak	0x016260AD	Warrior Capsule Lv3	那美克战士胶囊Lv3
tbl1.pak	0x0162613F	Warrior Capsule Lv4	那美克战士胶囊Lv4
tbl1.pak	0x016261D1	Warrior Capsule Lv5	那美克战士胶囊Lv5
tbl1.pak	0x01626263	Warrior Capsule Lv6	那美克战士胶囊Lv6
tbl1.pak	0x016262F5	Warrior Capsule Lv7	那美克战士胶囊Lv7
tbl1.pak	0x01626387	Warrior Capsule Lv8	那美克战士胶囊Lv8
tbl1.pak	0x01626419	Warrior Capsule Lv9	那美克战士胶囊Lv9
tbl1.pak	0x016264AB	Warrior Capsule Lv10	那美克战士胶囊Lv10
tbl1.pak	0x01626B31	Might Majin Capsule Lv1	大魔人胶囊Lv1
tbl1.pak	0x01626BCB	Might Majin Capsule Lv2	大魔人胶囊Lv2
tbl1.pak	0x01626C65	Might Majin Capsule Lv3	大魔人胶囊Lv3
tbl1.pak	0x01626CFF	Might Majin Capsule Lv4	大魔人胶囊Lv4
tbl1.pak	0x01626D99	Might Majin Capsule Lv5	大魔人胶囊Lv5
tbl1.pak	0x01626E33	Might Majin Capsule Lv6	大魔人胶囊Lv6
tbl1.pak	0x01626ECD	Might Majin Capsule Lv7	大魔人胶囊Lv7
tbl1.pak	0x01626F67	Might Majin Capsule Lv8	大魔人胶囊Lv8
tbl1.pak	0x01627001	Might Majin Capsule Lv9	大魔人胶囊Lv9
tbl1.pak	0x0162709B	Might Majin Capsule Lv10	大魔人胶囊Lv10
tbl1.pak	0x01627137	Wonder Majin Capsule Lv1	意魔人胶囊Lv1
tbl1.pak	0x016271D3	Wonder Majin Capsule Lv2	意魔人胶囊Lv2
tbl1.pak	0x0162726F	Wonder Majin Capsule Lv3	意魔人胶囊Lv3
tbl1.pak	0x0162730B	Wonder Majin Capsule Lv4	意魔人胶囊Lv4
tbl1.pak	0x016273A7	Wonder Majin Capsule Lv5	意魔人胶囊Lv5
tbl1.pak	0x01627443	Wonder Majin Capsule Lv6	意魔人胶囊Lv6
tbl1.pak	0x016274DF	Wonder Majin Capsule Lv7	意魔人胶囊Lv7
tbl1.pak	0x0162757B	Wonder Majin Capsule Lv8	意魔人胶囊Lv8
tbl1.pak	0x01627617	Wonder Majin Capsule Lv9	意魔人胶囊Lv9
tbl1.pak	0x016276B3	Wonder Majin Capsule Lv10	意魔人胶囊Lv10
tbl1.pak	0x016288F5	Special Weapon Material Box	特殊武器材料盒
tbl1.pak	0x0163CDDB	Super Powerful Shadow Claws	超级强力暗影爪
tbl1.pak	0x0163CFF9	Super Powerful Dark Gem	超级强力黑暗宝石
tbl1.pak	0x0163D09F	Super Powerful Awakening Stick	超级强力觉醒棍
tbl1.pak	0x0163D153	Super Powerful Thunder Sword	超级强力雷霆剑
tbl1.pak	0x0163D2B1	Super Powerful Awakening Wand	超级强力觉醒短杖
tbl1.pak	0x0163D565	Super Powerful Mysterious Mask	超级强力神秘面具
tbl1.pak	0x0164070B	Dark Soul Claws	黑暗灵魂爪
tbl1.pak	0x016407E1	Dark Soul Axe	黑暗灵魂斧
tbl1.pak	0x01640863	Dark Soul Scroll	黑暗灵魂卷轴
tbl1.pak	0x01640929	Dark Soul Gem	黑暗灵魂宝石
tbl1.pak	0x016409BD	Dark Soul Stick	黑暗灵魂棍
tbl1.pak	0x01640A57	Dark Soul Sword	黑暗灵魂剑
tbl1.pak	0x01640AED	Dark Soul Fan	黑暗灵魂扇
tbl1.pak	0x01640B91	Dark Soul Wand	黑暗灵魂短杖
tbl1.pak	0x01640C31	Dark Soul Trumpet	黑暗灵魂号角
tbl1.pak	0x01640CCF	Dark Soul Club	黑暗灵魂棒
tbl1.pak	0x01640D73	Dark Soul Drum	黑暗灵魂鼓
tbl1.pak	0x01640E13	Dark Soul Mask	黑暗灵魂面具
tbl1.pak	0x01641F3F	Staff of Blazing Wings (Poko Master)	炽热翅膀的杖(波可大师)
tbl1.pak	0x016430FD	Blazing Blade Claws (Dark Warrior)	炽热刃爪(黑暗战士)
tbl1.pak	0x01643C3D	Blazing Thunder Drum (Plasma Majin)	炽热雷霆鼓(等离子魔人)
tbl1.pak	0x016467F1	LP Awakening Lv1	LP觉醒Lv1
tbl1.pak	0x01646863	EP Awakening Lv1	EP觉醒Lv1
tbl1.pak	0x016468D7	LP Awakening Lv2	LP觉醒Lv2
tbl1.pak	0x01646949	EP Awakening Lv2	EP觉醒Lv2
tbl1.pak	0x016469BD	LP Awakening Lv3	LP觉醒Lv3
tbl1.pak	0x01646A2F	EP Awakening Lv3	EP觉醒Lv3
tbl1.pak	0x01646AA3	LP Awakening Lv4	LP觉醒Lv4
tbl1.pak	0x01646B15	EP Awakening Lv4	EP觉醒Lv4
tbl1.pak	0x01646B89	LP Awakening Lv5	LP觉醒Lv5
tbl1.pak	0x01646BFB	EP Awakening Lv5	EP觉醒Lv5
tbl1.pak	0x01646C6F	LP Awakening Lv6	LP觉醒Lv6
tbl1.pak	0x01646CE1	EP Awakening Lv6	EP觉醒Lv6
tbl1.pak	0x01646D55	LP Awakening Lv7	LP觉醒Lv7
tbl1.pak	0x01646DC7	EP Awakening Lv7	EP觉醒Lv7
tbl1.pak	0x01646E3B	LP Awakening Lv8	LP觉醒Lv8
tbl1.pak	0x01646EAD	EP Awakening Lv8	EP觉醒Lv8
tbl1.pak	0x01646F21	LP Awakening Lv9	LP觉醒Lv9
tbl1.pak	0x01646F93	EP Awakening Lv9	EP觉醒Lv9
tbl1.pak	0x01647007	LP Awakening Lv10	LP觉醒Lv10
tbl1.pak	0x0164707B	EP Awakening Lv10	EP觉醒Lv10
tbl1.pak	0x01647219	CC Battle Coin	CC战斗硬币
# TAIWAN_OVERLAP_DISABLED_20260608	translation_in_taiwan_item_tables	refs=table_text_all_data.rdf:3:70030460:0
# tbl1.pak	0x01647897	CC Blessed Ruby	CC祝福红宝石
tbl1.pak	0x01647A11	CC Blessed Blue Ruby	CC祝福蓝色红宝石
# TAIWAN_OVERLAP_DISABLED_20260608	translation_in_taiwan_item_tables	refs=table_text_all_data.rdf:3:70060040:0
# tbl1.pak	0x016539AB	Prototype Parts	原型零件
tbl1.pak	0x01654825	Dragon Scroll Transmog	龙卷轴幻化
tbl1.pak	0x016548F1	Android 21 Hair	人造人21发型
tbl1.pak	0x01654EC9	Popo Gem Transmog (Poko)	波波宝石幻化(波可)
tbl1.pak	0x01654FBB	Magic Stick Transmog (Fighter)	魔法棍幻化(战士)
tbl1.pak	0x01654FFD	Trunks Sword Transmog (Sword)	特兰克斯剑幻化(剑)
tbl1.pak	0x016550FD	Popo Drum Transmog (Plasma)	波波鼓幻化(等离子)
# TAIWAN_OVERLAP_DISABLED_20260608	same_source_translation_in_taiwan_rdf	refs=table_text_all_data.rdf:3:99199977:0
# tbl1.pak	0x016552E7	Tanjiro Hair	炭治郎发型
# TAIWAN_OVERLAP_DISABLED_20260608	translation_in_taiwan_item_tables	refs=table_text_all_data.rdf:3:99990000:0
# tbl1.pak	0x01655363	Super Saiyan 3	超级赛亚人3
tbl1.pak	0x01655385	Martial Super Saiyan 3	武道家超级赛亚人3
tbl1.pak	0x016553B7	Spiritualist Super Saiyan 3	气功师超级赛亚人3
tbl1.pak	0x016553F3	Might Bootenks	大魔人布欧悟天克斯
tbl1.pak	0x01655415	Wonder Bootenks	意魔人布欧悟天克斯
tbl1.pak	0x01655439	Warrior Dark Namek	那美克战士黑暗那美克
tbl1.pak	0x01655463	Dragon Dark Namek	龙黑暗那美克
tbl1.pak	0x0165548B	Martial Legendary Super Saiyan	武道家传说超级赛亚人
tbl1.pak	0x016554CD	Spiritualist Legendary Super Saiyan	气功师传说超级赛亚人
# TAIWAN_DEEP_OVERLAP_DISABLED_20260608	translation_any_taiwan	refs=local_data.dat:DST_SYSTEMEFFECT_ENERGY
# tbl1.pak	0x01655683	Energy	气功
# TAIWAN_DEEP_OVERLAP_DISABLED_20260608	translation_any_taiwan	refs=table_text_all_data.rdf:13:1016:0
# tbl1.pak	0x016556FB	Attack	攻击
# TAIWAN_DEEP_OVERLAP_DISABLED_20260608	translation_any_taiwan	refs=table_text_all_data.rdf:13:1034:0
# tbl1.pak	0x016557FB	Attack Speed	攻击速度
tbl1.pak	0x016558F9	Manufacturing Extract 01	制造萃取物01
tbl1.pak	0x01655965	Special Parts 01	特殊零件01
tbl1.pak	0x01655A11	Legendary Gem 01	传说宝石01
tbl1.pak	0x01655DEF	EV Life Potion	EV生命药水
tbl1.pak	0x01655E6F	EV Magic Potion	EV魔法药水
tbl1.pak	0x01656151	EV Life Pill Y	EV生命药丸Y
tbl1.pak	0x016562BB	EV Magic Pill Y	EV魔法药丸Y
tbl1.pak	0x01656E35	EV Detoxification Pill S	EV解毒药丸S
tbl1.pak	0x01656EB1	EV Pain Treatment Pill S	EV疼痛治疗药丸S
tbl1.pak	0x01658505	[VIP] Spiritualist Integrated Package	[VIP] 气功师 Integrated Package
tbl1.pak	0x016585BB	[VIP] Dragon Clan Integrated Package	[VIP] 那美克龙族 Integrated Package
tbl1.pak	0x01658679	[VIP] Wonder Majin Integrated Package	[VIP] 意魔人 Integrated Package
tbl1.pak	0x01658737	[CBT] Spiritualist Integrated Package	[CBT] 气功师 Integrated Package
tbl1.pak	0x016587ED	[CBT] Dragon Clan Integrated Package	[CBT] 那美克龙族 Integrated Package
tbl1.pak	0x016588AB	[CBT] Wonder Majin Integrated Package	[CBT] 意魔人 Integrated Package
tbl1.pak	0x0165F121	Golden Chest Key	黄金胸甲钥匙
tbl1.pak	0x0165F8FF	Super Saiyan Potion [Martial Artist]	超级赛亚人药水[武道家]
tbl1.pak	0x0165FE09	Super Saiyan Potion [Spiritualist]	超级赛亚人药水[气功师]
tbl1.pak	0x01662D9B	EV Super Saiyan Potion [Martial Artist]	EV超级赛亚人药水[武道家]
tbl1.pak	0x016632B7	EV Super Saiyan Potion [Spiritualist]	EV超级赛亚人药水[气功师]
tbl1.pak	0x0166517F	3The acquisition of skills!\nPower UP (Spiritualist)	3The acquisition of skills!\nPower UP (气功师)
tbl1.pak	0x0166522B	The acquisition of skills!\nPower UP (Warrior)	The acquisition of skills!\nPower UP (那美克战士)
tbl1.pak	0x016652C9	2The acquisition of skills!\nPower UP (Dragon Clan)	2The acquisition of skills!\nPower UP (那美克龙族)
tbl1.pak	0x0166541B	3The acquisition of skills!\nPower UP (Wonder Majin)	3The acquisition of skills!\nPower UP (意魔人)
tbl1.pak	0x01665595	0The acquisition of skills!\nGuard (Spiritualist)	0The acquisition of skills!\nGuard (气功师)
tbl1.pak	0x01665669	The acquisition of skills!\nGuard (Warrior)	The acquisition of skills!\nGuard (那美克战士)
tbl1.pak	0x01665731	The acquisition of skills!\nGuard (Dragon Clan)	The acquisition of skills!\nGuard (那美克龙族)
tbl1.pak	0x016658D1	0The acquisition of skills!\nGuard (Wonder Majin)	0The acquisition of skills!\nGuard (意魔人)
tbl1.pak	0x01665B3F	The acquisition of skills!\nDash (Warrior)	The acquisition of skills!\nDash (那美克战士)
tbl1.pak	0x01665C03	The acquisition of skills!\nDash (Dragon Clan)	The acquisition of skills!\nDash (那美克龙族)
tbl1.pak	0x01665D9D	The acquisition of skills!\nDash (Wonder Majin)	The acquisition of skills!\nDash (意魔人)
tbl1.pak	0x01666053	4The acquisition of skills!\nCounter Attack (Warrior)	4The acquisition of skills!\nCounter Attack (那美克战士)
tbl1.pak	0x0166613F	8The acquisition of skills!\nCounter Attack (Dragon Clan)	8The acquisition of skills!\nCounter Attack (那美克龙族)
tbl1.pak	0x01666329	9The acquisition of skills!\nCounter Attack (Wonder Majin)	9The acquisition of skills!\nCounter Attack (意魔人)
tbl1.pak	0x016664B3	Flight Skill (Spiritualist)	飞行技能(气功师)
tbl1.pak	0x01666547	Flight Skill (Warrior)	飞行技能(那美克战士)
tbl1.pak	0x016665D1	Flight Skill (Dragon Clan)	飞行技能(那美克龙族)
tbl1.pak	0x016666F7	Flight Skill (Wonder Majin)	飞行技能(意魔人)
tbl1.pak	0x01668293	EV White Stone U60	EV白色石U60
tbl1.pak	0x0166A05B	Popo Ring Lv70	波波戒指Lv70
tbl1.pak	0x0166B7E5	White Stone U75	白色石U75
tbl1.pak	0x0166B833	EV Legendary Dogi Ball	EV传说时装球
tbl1.pak	0x0166C085	EV Super Magic Pill 30	EV超级魔法药丸30
tbl1.pak	0x0166C0F7	EV Super Life Pill 30	EV超级生命药丸30
tbl1.pak	0x0166C599	EV White Stone U70	EV白色石U70
tbl1.pak	0x01670085	[VIP] Spiritualist Capsule Box	[VIP] 气功师 Capsule Box
tbl1.pak	0x016701AD	Spiritualist Equipment Capsule	气功师 Equipment Capsule
tbl1.pak	0x0167040D	[VIP] Dragon Clan Capsule Box	[VIP] 那美克龙族 Capsule Box
tbl1.pak	0x01670531	Dragon Clan Equipment Capsule	那美克龙族 Equipment Capsule
tbl1.pak	0x016707B5	[VIP] Wonder Majin Capsule Box	[VIP] 意魔人 Capsule Box
tbl1.pak	0x016708DD	Wonder Majin Equipment Capsule	意魔人 Equipment Capsule
tbl1.pak	0x01670B6D	[CBT] Spiritualist Capsule Box	[CBT] 气功师 Capsule Box
tbl1.pak	0x01670C95	Spiritualist Equipment Capsule	气功师 Equipment Capsule
tbl1.pak	0x01670EF5	[CBT] Dragon Clan Capsule Box	[CBT] 那美克龙族 Capsule Box
tbl1.pak	0x01671019	Dragon Clan Equipment Capsule	那美克龙族 Equipment Capsule
tbl1.pak	0x0167129B	[CBT] Wonder Majin Capsule Box	[CBT] 意魔人 Capsule Box
tbl1.pak	0x016713C3	Wonder Majin Equipment Capsule	意魔人 Equipment Capsule
tbl1.pak	0x01671473	Martial Artist Skills Capsule	武道家 Skills Capsule
tbl1.pak	0x01671543	Spiritualist Skills Capsule	气功师 Skills Capsule
tbl1.pak	0x016716D1	Dragon Clan Skills Capsule	那美克龙族 Skills Capsule
tbl1.pak	0x01671867	Wonder Majin Skills Capsule	意魔人 Skills Capsule
tbl1.pak	0x01672DA5	Namekian Gift Box Lv2	那美克星人礼物盒Lv2
tbl1.pak	0x01672E69	Namekian Gift Box Lv7	那美克星人礼物盒Lv7
tbl1.pak	0x01672F2D	Namekian Gift Box Lv12	那美克星人礼物盒Lv12
tbl1.pak	0x01672FF3	Namekian Gift Box Lv15	那美克星人礼物盒Lv15
tbl1.pak	0x016730B9	Namekian Gift Box Lv18	那美克星人礼物盒Lv18
tbl1.pak	0x0167317F	Namekian Gift Box Lv21	那美克星人礼物盒Lv21
tbl1.pak	0x01673245	Namekian Gift Box Lv23	那美克星人礼物盒Lv23
tbl1.pak	0x0167330B	Namekian Gift Box Lv25	那美克星人礼物盒Lv25
tbl1.pak	0x016733D1	Namekian Gift Box Lv27	那美克星人礼物盒Lv27
tbl1.pak	0x01673497	Namekian Gift Box Lv30	那美克星人礼物盒Lv30
tbl1.pak	0x01674835	U30 Upgrade Stone Capsule	U30升级石胶囊
# TAIWAN_OVERLAP_DISABLED_20260608	translation_in_taiwan_item_tables	refs=table_text_all_data.rdf:3:111401240:0
# tbl1.pak	0x01675FCF	Key Capsule (Silver)	钥匙胶囊(银色)
tbl1.pak	0x0167608F	Key Capsule (Gold)	钥匙胶囊(黄金)
tbl1.pak	0x0167C02B	[Spiritualist] LV UP 30! Cookie	[气功师] LV UP 30! Cookie
tbl1.pak	0x0167C101	[Dragon Clan] LV UP 30! Cookie	[那美克龙族] LV UP 30! Cookie
tbl1.pak	0x0167C1DF	[Wonder Majin] LV UP 30! Cookie	[意魔人] LV UP 30! Cookie
tbl1.pak	0x0167C2FD	[Spiritualist] Skill Set	[气功师] Skill Set
tbl1.pak	0x0167C453	[Dragon Clan] Skill Set	[那美克龙族] Skill Set
tbl1.pak	0x0167C5B1	[Wonder Majin] Skill Set	[意魔人] Skill Set
tbl1.pak	0x0167C6D1	[Spiritualist] Item Set	[气功师] Item Set
tbl1.pak	0x0167C7AB	[Dragon Clan] Item Set	[那美克龙族] Item Set
tbl1.pak	0x0167C88D	[Wonder Majin] Item Set	[意魔人] Item Set
tbl1.pak	0x0167CBFF	Popo Gift Box LV2	波波礼物盒Lv2
tbl1.pak	0x0167CD2F	Popo Gift Box LV6	波波礼物盒Lv6
tbl1.pak	0x0167CE5F	Popo Gift Box LV8	波波礼物盒Lv8
tbl1.pak	0x0167CF8F	Popo Gift Box LV11	波波礼物盒Lv11
tbl1.pak	0x0167D0C1	Popo Gift Box LV13	波波礼物盒Lv13
tbl1.pak	0x0167D1F3	Popo Gift Box LV16	波波礼物盒Lv16
tbl1.pak	0x0167D325	Popo Gift Box LV21	波波礼物盒Lv21
tbl1.pak	0x0167D457	Popo Gift Box LV26	波波礼物盒Lv26
tbl1.pak	0x0167D589	Popo Gift Box LV30	波波礼物盒Lv30
tbl1.pak	0x0167D6BB	Popo Gift Box LV34	波波礼物盒Lv34
tbl1.pak	0x0167D7ED	Popo Gift Box LV38	波波礼物盒Lv38
tbl1.pak	0x0167D91F	Popo Gift Box LV42	波波礼物盒Lv42
tbl1.pak	0x0167E0FB	Popo Gift Box LV4	波波礼物盒Lv4
tbl1.pak	0x0167E22B	Popo Gift Box LV10	波波礼物盒Lv10
tbl1.pak	0x0167E35D	Popo Gift Box LV17	波波礼物盒Lv17
tbl1.pak	0x0167E48F	Popo Gift Box LV22	波波礼物盒Lv22
tbl1.pak	0x0167E5C1	Popo Gift Box LV27	波波礼物盒Lv27
tbl1.pak	0x0167E6F3	Popo Gift Box LV44	波波礼物盒Lv44
tbl1.pak	0x0167E825	Popo Gift Box LV45	波波礼物盒Lv45
tbl1.pak	0x0167E957	Popo Gift Box LV50	波波礼物盒Lv50
tbl1.pak	0x0167EA89	Popo Gift Box LV55	波波礼物盒Lv55
tbl1.pak	0x0167EBBB	Popo Gift Box LV60	波波礼物盒Lv60
tbl1.pak	0x0167ECED	Popo Gift Box LV61	波波礼物盒Lv61
tbl1.pak	0x0167EE1F	Popo Gift Box LV65	波波礼物盒Lv65
tbl1.pak	0x0167EF51	Popo Gift Box LV70	波波礼物盒Lv70
tbl1.pak	0x01681C4B	Krillin Costume Capsule	克林服装胶囊
tbl1.pak	0x01681D89	EV Power Potion Treasure Chest	EV力量药水宝箱
tbl1.pak	0x016842FD	Event Coin	活动硬币
tbl1.pak	0x0168496B	Mysterious Liquid A	神秘液体A
tbl1.pak	0x01684A01	Mysterious Liquid B	神秘液体B
tbl1.pak	0x01684A9B	Mysterious Liquid C	神秘液体C
tbl1.pak	0x01684B37	Mysterious Liquid D	神秘液体D
tbl1.pak	0x01684BD1	Mysterious Tool	神秘工具
# TAIWAN_OVERLAP_DISABLED_20260608	translation_in_taiwan_item_tables	refs=table_text_all_data.rdf:3:111600250:0
# tbl1.pak	0x01684F41	Halloween Set Coupon	万圣节套装券
tbl1.pak	0x016851C1	EV Event Coin	EV活动硬币
tbl1.pak	0x016855F7	Popo Chest Coupon	波波胸甲券
tbl1.pak	0x01686565	Weapon Upgrade Stone U75	武器升级石U75
tbl1.pak	0x01686833	Advanced Weapon Upgrade Stone U80	高级武器升级石U80
tbl1.pak	0x01686A87	White Stone U80	白色石U80
tbl1.pak	0x01687FBF	Android 18 Set 1	人造人18套装1
tbl1.pak	0x01688061	Android 18 Set 2	人造人18套装2
tbl1.pak	0x01688103	Android 18 Set 3	人造人18套装3
tbl1.pak	0x0168994D	QArrogant Rabbit Boss clothing made\nthrough the Martial Artist clothing material.	QArrogant Rabbit Boss clothing made\nthrough the 武道家 clothing material.
tbl1.pak	0x01689A37	QArrogant Rabbit Boss clothing made\nthrough the Martial Artist clothing material.	QArrogant Rabbit Boss clothing made\nthrough the 武道家 clothing material.
tbl1.pak	0x01689B21	QArrogant Rabbit Boss clothing made\nthrough the Martial Artist clothing material.	QArrogant Rabbit Boss clothing made\nthrough the 武道家 clothing material.
tbl1.pak	0x0168DD6D	Ancient Dragon Ball Outfit A	古代龙珠套装A
tbl1.pak	0x0168DE79	Ancient Dragon Ball Outfit B	古代龙珠套装B
tbl1.pak	0x0168E1C5	Ancient Soldier's Outfit A	古代士兵的套装A
tbl1.pak	0x0168E295	Ancient Soldier's Outfit B	古代士兵的套装B
# TAIWAN_OVERLAP_DISABLED_20260608	same_source_translation_in_taiwan_rdf	refs=table_text_all_data.rdf:3:111702910:0
# tbl1.pak	0x01692E35	Piccolo Outfit	比克套装
# TAIWAN_OVERLAP_DISABLED_20260608	same_source_translation_in_taiwan_rdf	refs=table_text_all_data.rdf:3:111702930:0
# tbl1.pak	0x01692F6B	Human Outfit	人类套装
# TAIWAN_OVERLAP_DISABLED_20260608	same_source_translation_in_taiwan_rdf	refs=table_text_all_data.rdf:3:111702940:0
# tbl1.pak	0x01692FBB	Namek Outfit	那美克套装
# TAIWAN_OVERLAP_DISABLED_20260608	same_source_translation_in_taiwan_rdf	refs=table_text_all_data.rdf:3:111702950:0
# tbl1.pak	0x01693011	Majin Outfit	魔人套装
tbl1.pak	0x016931A5	Skilled Martial Artist Outfit	Skilled 武道家 Outfit
tbl1.pak	0x016931E5	This Outfit were worn by a Very\n Well Skilled Martial Artist	This Outfit were worn by a Very\n Well Skilled 武道家
tbl1.pak	0x016935AB	Fairy King Wings	仙女王翅膀
# TAIWAN_OVERLAP_DISABLED_20260608	translation_in_taiwan_item_tables	refs=table_text_all_data.rdf:3:111703240:0
# tbl1.pak	0x01693C25	Namek Warrior	那美克战士
tbl1.pak	0x01693FA1	Buu Costume	布欧服装
tbl1.pak	0x01693FFD	Xeno Goku Outfit	异次元孙悟空套装
# TAIWAN_OVERLAP_DISABLED_20260608	translation_in_taiwan_item_tables	refs=table_text_all_data.rdf:3:111703430:0
# tbl1.pak	0x0169404D	Bardock Hair	巴达克发型
# TAIWAN_OVERLAP_DISABLED_20260608	translation_in_taiwan_item_tables	refs=table_text_all_data.rdf:3:111703440:0
# tbl1.pak	0x01694077	Human Hair-01	人类发型-01
# TAIWAN_OVERLAP_DISABLED_20260608	translation_in_taiwan_item_tables	refs=table_text_all_data.rdf:3:111703450:0
# tbl1.pak	0x016940D1	Human Hair-02	人类发型-02
# TAIWAN_OVERLAP_DISABLED_20260608	translation_in_taiwan_item_tables	refs=table_text_all_data.rdf:3:111703460:0
# tbl1.pak	0x0169412B	Human Hair-03	人类发型-03
# TAIWAN_OVERLAP_DISABLED_20260608	translation_in_taiwan_item_tables	refs=table_text_all_data.rdf:3:111703470:0
# tbl1.pak	0x01694185	Human Hair-04	人类发型-04
# TAIWAN_OVERLAP_DISABLED_20260608	translation_in_taiwan_item_tables	refs=table_text_all_data.rdf:3:111703480:0
# tbl1.pak	0x016941DF	Human Hair-05	人类发型-05
# TAIWAN_OVERLAP_DISABLED_20260608	translation_in_taiwan_item_tables	refs=table_text_all_data.rdf:3:111703490:0
# tbl1.pak	0x01694239	Human Hair-06	人类发型-06
# TAIWAN_OVERLAP_DISABLED_20260608	translation_in_taiwan_item_tables	refs=table_text_all_data.rdf:3:111703500:0
# tbl1.pak	0x01694293	Human Hair-07	人类发型-07
# TAIWAN_OVERLAP_DISABLED_20260608	translation_in_taiwan_item_tables	refs=table_text_all_data.rdf:3:111703510:0
# tbl1.pak	0x016942ED	Human Hair-08	人类发型-08
tbl1.pak	0x01694347	Human Hair-9	人类发型-9
# TAIWAN_OVERLAP_DISABLED_20260608	translation_in_taiwan_item_tables	refs=table_text_all_data.rdf:3:111703530:0
# tbl1.pak	0x0169439F	Human Hair-10	人类发型-10
tbl1.pak	0x016943F9	Human Hair Super Saiyan-01	人类发型超级赛亚人-01
tbl1.pak	0x0169446D	Human Hair Super Saiyan-02	人类发型超级赛亚人-02
tbl1.pak	0x016944E1	Human Hair Super Saiyan-03	人类发型超级赛亚人-03
tbl1.pak	0x01694555	Human Hair Super Saiyan-04	人类发型超级赛亚人-04
tbl1.pak	0x016945C9	Human Hair Super Saiyan-05	人类发型超级赛亚人-05
tbl1.pak	0x0169463D	Human Hair Super Saiyan-06	人类发型超级赛亚人-06
tbl1.pak	0x016946B1	Human Hair Super Saiyan-07	人类发型超级赛亚人-07
tbl1.pak	0x01694725	Human Hair Super Saiyan-08	人类发型超级赛亚人-08
tbl1.pak	0x01694799	Human Hair Super Saiyan-09	人类发型超级赛亚人-09
tbl1.pak	0x0169480D	Human Hair Super Saiyan-10	人类发型超级赛亚人-10
# TAIWAN_OVERLAP_DISABLED_20260608	translation_in_taiwan_item_tables	refs=table_text_all_data.rdf:3:111703640:0
# tbl1.pak	0x01694881	Namekian Hair-01	那美克星人发型-01
# TAIWAN_OVERLAP_DISABLED_20260608	translation_in_taiwan_item_tables	refs=table_text_all_data.rdf:3:111703650:0
# tbl1.pak	0x016948E1	Namekian Hair-02	那美克星人发型-02
# TAIWAN_OVERLAP_DISABLED_20260608	translation_in_taiwan_item_tables	refs=table_text_all_data.rdf:3:111703660:0
# tbl1.pak	0x01694941	Namekian Hair-03	那美克星人发型-03
# TAIWAN_OVERLAP_DISABLED_20260608	translation_in_taiwan_item_tables	refs=table_text_all_data.rdf:3:111703670:0
# tbl1.pak	0x016949A1	Namekian Hair-04	那美克星人发型-04
# TAIWAN_OVERLAP_DISABLED_20260608	translation_in_taiwan_item_tables	refs=table_text_all_data.rdf:3:111703680:0
# tbl1.pak	0x01694A01	Namekian Hair-05	那美克星人发型-05
# TAIWAN_OVERLAP_DISABLED_20260608	translation_in_taiwan_item_tables	refs=table_text_all_data.rdf:3:111703690:0
# tbl1.pak	0x01694A61	Namekian Hair-06	那美克星人发型-06
# TAIWAN_OVERLAP_DISABLED_20260608	translation_in_taiwan_item_tables	refs=table_text_all_data.rdf:3:111703700:0
# tbl1.pak	0x01694AC1	Namekian Hair-07	那美克星人发型-07
# TAIWAN_OVERLAP_DISABLED_20260608	translation_in_taiwan_item_tables	refs=table_text_all_data.rdf:3:111703710:0
# tbl1.pak	0x01694B21	Namekian Hair-08	那美克星人发型-08
# TAIWAN_OVERLAP_DISABLED_20260608	translation_in_taiwan_item_tables	refs=table_text_all_data.rdf:3:111703720:0
# tbl1.pak	0x01694B81	Namekian Hair-09	那美克星人发型-09
# TAIWAN_OVERLAP_DISABLED_20260608	translation_in_taiwan_item_tables	refs=table_text_all_data.rdf:3:111703730:0
# tbl1.pak	0x01694BE1	Namekian Hair-10	那美克星人发型-10
# TAIWAN_OVERLAP_DISABLED_20260608	translation_in_taiwan_item_tables	refs=table_text_all_data.rdf:3:111703740:0
# tbl1.pak	0x01694C41	Majin Hair-01	魔人发型-01
# TAIWAN_OVERLAP_DISABLED_20260608	translation_in_taiwan_item_tables	refs=table_text_all_data.rdf:3:111703750:0
# tbl1.pak	0x01694C9B	Majin Hair-02	魔人发型-02
# TAIWAN_OVERLAP_DISABLED_20260608	translation_in_taiwan_item_tables	refs=table_text_all_data.rdf:3:111703760:0
# tbl1.pak	0x01694CF5	Majin Hair-03	魔人发型-03
# TAIWAN_OVERLAP_DISABLED_20260608	translation_in_taiwan_item_tables	refs=table_text_all_data.rdf:3:111703770:0
# tbl1.pak	0x01694D4F	Majin Hair-04	魔人发型-04
# TAIWAN_OVERLAP_DISABLED_20260608	translation_in_taiwan_item_tables	refs=table_text_all_data.rdf:3:111703780:0
# tbl1.pak	0x01694DA9	Majin Hair-05	魔人发型-05
# TAIWAN_OVERLAP_DISABLED_20260608	translation_in_taiwan_item_tables	refs=table_text_all_data.rdf:3:111703790:0
# tbl1.pak	0x01694E03	Majin Hair-06	魔人发型-06
# TAIWAN_OVERLAP_DISABLED_20260608	translation_in_taiwan_item_tables	refs=table_text_all_data.rdf:3:111703800:0
# tbl1.pak	0x01694E5D	Majin Hair-07	魔人发型-07
# TAIWAN_OVERLAP_DISABLED_20260608	translation_in_taiwan_item_tables	refs=table_text_all_data.rdf:3:111703810:0
# tbl1.pak	0x01694EB7	Majin Hair-08	魔人发型-08
# TAIWAN_OVERLAP_DISABLED_20260608	translation_in_taiwan_item_tables	refs=table_text_all_data.rdf:3:111703820:0
# tbl1.pak	0x01694F11	Majin Hair-09	魔人发型-09
# TAIWAN_OVERLAP_DISABLED_20260608	translation_in_taiwan_item_tables	refs=table_text_all_data.rdf:3:111703830:0
# tbl1.pak	0x01694F6B	Majin Hair-10	魔人发型-10
tbl1.pak	0x016951A5	Soul King Title	灵魂王称号
tbl1.pak	0x0169520B	Strong Soul Title	强力灵魂称号
tbl1.pak	0x016953B3	Broly Outfit	布罗利套装
tbl1.pak	0x01696D09	Legendary Super Saiyan Title	传说超级赛亚人称号
# TAIWAN_OVERLAP_DISABLED_20260608	translation_in_taiwan_item_tables	refs=table_text_all_data.rdf:3:111705310:0
# tbl1.pak	0x01696D53	Pure Evil	纯粹邪恶
# TAIWAN_OVERLAP_DISABLED_20260608	translation_in_taiwan_item_tables	refs=table_text_all_data.rdf:3:111705330:0
# tbl1.pak	0x01696DA5	Time Chamber Buff	精神时光屋增益
tbl1.pak	0x01696FDD	Demon Dragon Wings	恶魔龙翅膀
tbl1.pak	0x016971A9	Majin Buu Outfit	魔人布欧套装
tbl1.pak	0x0169737D	Whitebeard's Outfit	白胡子的套装
tbl1.pak	0x01697555	Epic Weapon Upgrade Stone U75	史诗武器升级石U75
tbl1.pak	0x01697B97	Nappa's Saiyan Outfit	那巴的赛亚人套装
# TAIWAN_OVERLAP_DISABLED_20260608	translation_in_taiwan_item_tables	refs=table_text_all_data.rdf:3:111705640:0
# tbl1.pak	0x01697FD7	GM Weapon Upgrade Stone	GM武器升级石
tbl1.pak	0x0169852F	Whitebeard's Hat	白胡子的帽子
tbl1.pak	0x016985CD	Whitebeard's Staff	白胡子的杖
tbl1.pak	0x0169866F	Fairy Speed Wings	仙女速度翅膀
tbl1.pak	0x0169870F	Black Axe Transmog	黑色斧幻化
tbl1.pak	0x01698A29	Beerus Outfit	比鲁斯套装
tbl1.pak	0x01698A95	Goku Black Outfit	孙悟空黑色套装
tbl1.pak	0x01699013	Shenron Wings (Golden)	神龙翅膀(黄金)
tbl1.pak	0x01699607	Vegeta Buu's Outfit	贝吉塔布欧的套装
tbl1.pak	0x01699A45	Pride Outfit	骄傲套装
tbl1.pak	0x01699C19	Popo Ring LV11	波波戒指Lv11
tbl1.pak	0x01699C99	Popo Earring LV11	波波耳环Lv11
tbl1.pak	0x01699D1F	Popo Necklace LV11	波波项链Lv11
tbl1.pak	0x01699DA7	Popo Ring LV21	波波戒指Lv21
tbl1.pak	0x01699E27	Popo Earring LV21	波波耳环Lv21
tbl1.pak	0x01699EAD	Popo Necklace LV21	波波项链Lv21
tbl1.pak	0x01699F35	Popo Ring LV30	波波戒指Lv30
tbl1.pak	0x01699FB5	Popo Earring LV30	波波耳环Lv30
tbl1.pak	0x0169A03B	Popo Necklace LV30	波波项链Lv30
tbl1.pak	0x0169A0C3	Popo Ring LV38	波波戒指Lv38
tbl1.pak	0x0169A143	Popo Earring LV38	波波耳环Lv38
tbl1.pak	0x0169A1C9	Popo Necklace LV38	波波项链Lv38
tbl1.pak	0x0169B45D	Mysterious Warrior Mask	神秘战士面具
tbl1.pak	0x0169E30D	CC Red Outfit	CC红色套装
tbl1.pak	0x0169E361	CC Yellow Outfit	CC黄色套装
tbl1.pak	0x0169E387	CC Blue Outfit	CC蓝色套装
tbl1.pak	0x0169E3A9	CC White Outfit	CC白色套装
tbl1.pak	0x0169E447	CC New Outfit	CC新套装
tbl1.pak	0x0169E467	CC Purple Outfit	CC紫色套装
tbl1.pak	0x0169E671	Warrior's Outfit(type A)	那美克战士的套装(A型)
tbl1.pak	0x0169E6AF	Warrior's Outfit(type B)	那美克战士的套装(B型)
tbl1.pak	0x0169EB47	Manufacturing Extract 02	制造萃取物02
tbl1.pak	0x0169EBB3	Special Parts 02	特殊零件02
tbl1.pak	0x0169EC5F	Legendary Gem 02	传说宝石02
tbl1.pak	0x016A05E7	UD Coin	UD硬币
tbl1.pak	0x016A0813	Epic Weapon Upgrade Stone U70	史诗武器升级石U70
tbl1.pak	0x016A0C37	Vegeta Outfit (Super)	贝吉塔套装(超级)
tbl1.pak	0x016A0C67	Goku Outfit (Super)	孙悟空套装(超级)
tbl1.pak	0x016A0D11	Manufacturing Extract 03	制造萃取物03
tbl1.pak	0x016A0D7D	Special Parts 03	特殊零件03
tbl1.pak	0x016A0E29	Legendary Gem 03	传说宝石03
tbl1.pak	0x016A1313	Octopus Earring	章鱼耳环
tbl1.pak	0x016A13C7	Octopus Necklace	章鱼项链
tbl1.pak	0x016AA7C7	Manufacturing Extract 04	制造萃取物04
tbl1.pak	0x016AA833	Special Parts 04	特殊零件04
tbl1.pak	0x016AA8DF	Legendary Gem 04	传说宝石04
tbl1.pak	0x016AC037	Manufacturing Extract 05	制造萃取物05
tbl1.pak	0x016AC0A3	Special Parts 05	特殊零件05
tbl1.pak	0x016AC14F	Legendary Gem 05	传说宝石05
tbl1.pak	0x016ACC61	Z-Scouter	Z-探测器
tbl1.pak	0x016ACCFF	Power Scouter	力量探测器
tbl1.pak	0x016ACEBD	Normal Scouter A	普通探测器A
tbl1.pak	0x016ACFED	Normal Scouter B	普通探测器B
tbl1.pak	0x016ADC93	Crystal Scouter	水晶探测器
tbl1.pak	0x016ADD1D	Diamond Scouter	钻石探测器
tbl1.pak	0x016AE145	Manufacturing Extract 06	制造萃取物06
tbl1.pak	0x016AE1B1	Special Parts 06	特殊零件06
tbl1.pak	0x016AE25D	Legendary Gem 06	传说宝石06
tbl1.pak	0x016AE42B	Manufacturing Extract 07	制造萃取物07
tbl1.pak	0x016AE497	Special Parts 07	特殊零件07
tbl1.pak	0x016AE543	Legendary Gem 07	传说宝石07
tbl1.pak	0x016AE5AF	Manufacturing Extract 08	制造萃取物08
tbl1.pak	0x016AE61B	Special Parts 08	特殊零件08
tbl1.pak	0x016AE6C7	Legendary Gem 08	传说宝石08
tbl1.pak	0x016AE879	Manufacturing Extract 09	制造萃取物09
tbl1.pak	0x016AE8E5	Special Parts 09	特殊零件09
tbl1.pak	0x016AE991	Legendary Gem 09	传说宝石09
tbl1.pak	0x016AF75B	Legendary Super Saiyan Martial	传说超级赛亚人武道家
tbl1.pak	0x016AF7A9	Legendary Super Saiyan Spiritualist	传说超级赛亚人气功师
tbl1.pak	0x016AF835	Ultra Ego Spiritualist	Ultra Ego 气功师
tbl1.pak	0x016AF8B5	Kamicollo-Sama Dragon Clan	Kamicollo-Sama 那美克龙族
tbl1.pak	0x016AF935	Saiyan Beast Spiritualist	Saiyan Beast 气功师
tbl1.pak	0x016AF9CF	(Super Saiyan Blue Evolution Spiritualist	(Super Saiyan Blue Evolution 气功师
tbl1.pak	0x016AFA33	Super Saiyan Blue Spiritualist	超级赛亚人蓝气功师
tbl1.pak	0x016AFA81	Fake Super Saiyan Spiritualist	Fake Super Saiyan 气功师
tbl1.pak	0x016AFB99	Super Saiyan 2 Martial	超级赛亚人2武道家
tbl1.pak	0x016AFBD7	Super Saiyan 2 Spiritualist	超级赛亚人2气功师
tbl1.pak	0x016AFC1F	Super Saiyan Blue Martial	超级赛亚人蓝武道家
tbl1.pak	0x016AFC63	Super Saiyan Blue Spiritualist	超级赛亚人蓝气功师
tbl1.pak	0x016AFD23	Super Saiyan 4 Spiritualist	超级赛亚人4气功师
tbl1.pak	0x016AFD95	Super Saiyan 4 Martial	超级赛亚人4武道家
tbl1.pak	0x016AFE6D	Spiritualist SSRose	气功师 SSRose
tbl1.pak	0x016B0703	Natsu Hair	纳兹发型
tbl1.pak	0x016B10F1	Special Shadow Part	特殊暗影零件
tbl1.pak	0x016B11A3	Manufacturing Extract Shadow	制造萃取物暗影
tbl1.pak	0x016B11E1	Shadow Star Material	暗影星材料
tbl1.pak	0x016B1251	Shadow Steel	暗影钢
tbl1.pak	0x016B34ED	Ruby Box	红宝石盒
tbl1.pak	0x016B3857	UD 1 Coin	UD1硬币
tbl1.pak	0x016B38BB	UD 2 Coin	UD2硬币
tbl1.pak	0x016B391F	UD 3 Coin	UD3硬币
tbl1.pak	0x016B3983	Shadow Coin	暗影硬币
tbl1.pak	0x016B4801	BID Bardock Coin	BID巴达克硬币
tbl1.pak	0x016B4905	Bardock Pet	巴达克宠物
tbl1.pak	0x016B4971	Bardock Pet (Super Saiyan)	巴达克宠物(超级赛亚人)
tbl1.pak	0x016B49FB	Bardock Pet (Super Saiyan 3)	巴达克宠物(超级赛亚人3)
tbl1.pak	0x016B5591	Weapon Downgrade Stone U85	武器降级石U85
tbl1.pak	0x016B5CB5	Moro Coin	摩罗硬币
tbl1.pak	0x016B5F49	Android 18	人造人18
tbl1.pak	0x016B8BC9	(Martial) Potion Super Saiyan LegendaryS	(武道家) Potion Super Saiyan LegendaryS
tbl1.pak	0x016B8CB1	(Spiritualist) Potion Super Saiyan 1	(气功师)超级赛亚人1药水
tbl1.pak	0x016B8EF3	(Spiritualist) Potion Super Saiyan LegendaryS	(气功师) Potion Super Saiyan LegendaryS
tbl1.pak	0x016B9145	(Dragon) Potion Great Namek	(龙族)巨大那美克药水
tbl1.pak	0x016B9181	(Dragon) Potion Kamiccolo	(龙族)卡米克洛药水
tbl1.pak	0x016B91B9	(Dragon) Potion Dark Namek	(龙族)黑暗那美克药水
tbl1.pak	0x016B91F3	(Dragon) Potion Great Orange	(龙族) Potion Great Orange
tbl1.pak	0x016B9231	(Dragon) Potion Orange	(龙族) Potion Orange
tbl1.pak	0x016B9263	(Dragon) Potion Muscle Orange	(龙族) Potion Muscle Orange
tbl1.pak	0x016B92A3	(Dragon) Potion Imperator	(龙族)帝王药水
tbl1.pak	0x016B92DB	(Might) Potion Pure Majin	(大魔人)纯粹魔人药水
tbl1.pak	0x016B9313	(Might) Potion Unleashed Potential	(大魔人) Potion Unleashed Potential
tbl1.pak	0x016B935D	(Might) Potion Super Boo	(大魔人)超级布欧药水
tbl1.pak	0x016B9393	(Might) Potion Bootenks	(大魔人)布欧悟天克斯药水
tbl1.pak	0x016B93C7	(Might) Potion Buuhan	(大魔人)布欧悟饭药水
tbl1.pak	0x016B93F7	(Might) Potion SS3	(大魔人)超级赛亚人3药水
tbl1.pak	0x016B9421	(Might) Potion Xeno	(大魔人)异次元药水
tbl1.pak	0x016B944D	(Wonder) Potion Pure Majin	(意魔人)纯粹魔人药水
tbl1.pak	0x016B9487	(Wonder) Potion Unleashed Potential	(意魔人) Potion Unleashed Potential
tbl1.pak	0x016B94D3	(Wonder) Potion Super Boo	(意魔人)超级布欧药水
tbl1.pak	0x016B950B	(Wonder) Potion Bootenks	(意魔人)布欧悟天克斯药水
tbl1.pak	0x016B9541	(Wonder) Potion Buuhan	(意魔人)布欧悟饭药水
tbl1.pak	0x016B9573	(Wonder) Potion SS3	(意魔人)超级赛亚人3药水
tbl1.pak	0x016B959F	(Wonder) Potion Xeno	(意魔人)异次元药水
tbl1.pak	0x016BE7A9	(Martial) (7 days) Super Saiyan LegendaryS	(武道家) (7 days) Super Saiyan LegendaryS
tbl1.pak	0x016BE89D	(Spiritualist) (7 days) Super Saiyan 1	(气功师)(7天)超级赛亚人1
tbl1.pak	0x016BED7B	(Dragon) (7 days) Great Namek	(龙族) (7 days) Great Namek
tbl1.pak	0x016BEDBB	(Dragon) (7 days) Kamiccolo	(龙族) (7 days) Kamiccolo
tbl1.pak	0x016BEDF7	(Dragon) (7 days) Dark Namek	(龙族) (7 days) Dark Namek
tbl1.pak	0x016BEE35	(Dragon) (7 days) Great Orange	(龙族) (7 days) Great Orange
tbl1.pak	0x016BEE77	(Dragon) (7 days) Orange	(龙族) (7 days) Orange
tbl1.pak	0x016BEEAD	(Dragon) (7 days) Muscle Orange	(龙族) (7 days) Muscle Orange
tbl1.pak	0x016BEEF1	(Dragon) (7 days) Imperator	(龙族) (7 days) Imperator
tbl1.pak	0x016BEF2D	(Might) (7 days) Pure Majin	(大魔人) (7 days) Pure Majin
tbl1.pak	0x016BEF69	(Might) (7 days) Unleashed Potential	(大魔人) (7 days) Unleashed Potential
tbl1.pak	0x016BEFB7	(Might) (7 days) Super Boo	(大魔人) (7 days) Super Boo
tbl1.pak	0x016BEFF1	(Might) (7 days) Bootenks	(大魔人) (7 days) Bootenks
tbl1.pak	0x016BF029	(Might) (7 days) Buuhan	(大魔人) (7 days) Buuhan
tbl1.pak	0x016BF05D	(Might) (7 days) SS3	(大魔人) (7 days) SS3
tbl1.pak	0x016BF08B	(Might) (7 days) Xeno	(大魔人) (7 days) Xeno
tbl1.pak	0x016BF0BB	(Wonder) (7 days) Pure Majin	(意魔人) (7 days) Pure Majin
tbl1.pak	0x016BF0F9	(Wonder) (7 days) Unleashed Potential	(意魔人) (7 days) Unleashed Potential
tbl1.pak	0x016BF149	(Wonder) (7 days) Super Boo	(意魔人) (7 days) Super Boo
tbl1.pak	0x016BF185	(Wonder) (7 days) Bootenks	(意魔人) (7 days) Bootenks
tbl1.pak	0x016BF1BF	(Wonder) (7 days) Buuhan	(意魔人) (7 days) Buuhan
tbl1.pak	0x016BF1F5	(Wonder) (7 days) SS3	(意魔人) (7 days) SS3
tbl1.pak	0x016BF225	(Wonder) (7 days) Xeno	(意魔人) (7 days) Xeno
tbl1.pak	0x016C29BD	Vegeta Black Outfit	贝吉塔黑色套装
tbl1.pak	0x016C2A87	Super Box	超级盒
tbl1.pak	0x016CC7B1	Ultra Devil	极限魔鬼
tbl1.pak	0x016CD051	Iron Saibaman	铁栽培人
tbl1.pak	0x016CED9D	Mushroom Gang Guard	蘑菇刚守卫
tbl1.pak	0x016CEDC9	Mushroom Gang Pilot	蘑菇刚驾驶员
tbl1.pak	0x016CF72D	Paella Robot	皮拉夫机器人
tbl1.pak	0x016CFEE3	Super Capsule Robot RP	超级胶囊机器人RP
tbl1.pak	0x016D0159	Advanced Robot	高级机器人
tbl1.pak	0x016D0FAF	Red Captain	红色队长
tbl1.pak	0x016D2979	Ancient Shenron Chest	古代神龙胸甲
tbl1.pak	0x016D3D19	Field Saibaman	野外栽培人
tbl1.pak	0x016D3D7F	Light Saibaman	光栽培人
tbl1.pak	0x016D3DE5	Golden Saibaman	黄金栽培人
tbl1.pak	0x016D3E51	Golden Light Saibaman	黄金光栽培人
tbl1.pak	0x016D3EE1	Pure Golden Saibaman	纯粹黄金栽培人
tbl1.pak	0x016D5433	Metal Energy Pudding	金属气功布丁
# TAIWAN_DEEP_OVERLAP_DISABLED_20260608	translation_any_taiwan	refs=table_text_all_data.rdf:5:2311116:0;table_text_all_data.rdf:5:2311117:0;table_text_all_data.rdf:5:2311118:0
# tbl1.pak	0x016D730F	Water Lizard	水蜥蜴
tbl1.pak	0x016D785B	Rock Lizard	岩石蜥蜴
tbl1.pak	0x016D78AF	Ghost Rock Lizard	幽灵岩石蜥蜴
tbl1.pak	0x016D7CB9	Kiri Power Controller	基里力量控制器
# TAIWAN_DEEP_OVERLAP_DISABLED_20260608	translation_any_taiwan	refs=table_text_all_data.rdf:5:2612134:0;table_text_all_data.rdf:5:2612135:0;table_text_all_data.rdf:5:2612136:0;table_text_all_data.rdf:5:6011134:0;table_text_all_data.rdf:5:717621320:0
# tbl1.pak	0x016D8DB1	Battle Robot	战斗机器人
tbl1.pak	0x016D977B	Dodoria	多多利亚
tbl1.pak	0x016D982F	Brainwashed Dodoria	被洗脑多多利亚
# TAIWAN_DEEP_OVERLAP_DISABLED_20260608	translation_any_taiwan	refs=table_text_all_data.rdf:5:2841104:0;table_text_all_data.rdf:5:2841105:0
# tbl1.pak	0x016D9BCF	Beetle Egg	甲虫蛋
tbl1.pak	0x016D9C03	Eye of Darkness	达克妮斯的眼
tbl1.pak	0x016DA31D	Dark Eye	黑暗眼
tbl1.pak	0x016DA59B	Dragon Frog	龙青蛙
tbl1.pak	0x016DA6DF	King Dragon Frog	王龙青蛙
tbl1.pak	0x016DA8C5	Strong Dragon Frog	强力龙青蛙
tbl1.pak	0x016DA99D	RP Special Frog	RP特殊青蛙
tbl1.pak	0x016DAA8D	Rock Frog	岩石青蛙
tbl1.pak	0x016DAAD5	Water Frog	水青蛙
tbl1.pak	0x016DAB8F	Pet Frog	宠物青蛙
tbl1.pak	0x016DAC03	Brainwashed Frog	被洗脑青蛙
tbl1.pak	0x016DAC29	King Frog	王青蛙
tbl1.pak	0x016DAD85	Black Frog	黑色青蛙
tbl1.pak	0x016DB9D3	Brainwashed Ginyu Frog	被洗脑基纽青蛙
# TAIWAN_DEEP_OVERLAP_DISABLED_20260608	translation_any_taiwan	refs=table_text_all_data.rdf:5:3501101:0;table_text_all_data.rdf:5:3501102:0;table_text_all_data.rdf:5:3501103:0;table_text_all_data.rdf:5:3501152:0;table_text_all_data.rdf:5:3503137:0
# tbl1.pak	0x016DBAD5	Beetle	甲虫
tbl1.pak	0x016DBF95	Iron Beetle	铁甲虫
tbl1.pak	0x016DC26D	Brainwashed Beetle	被洗脑甲虫
tbl1.pak	0x016DCA31	Pure Majin Guard	纯粹魔人守卫
tbl1.pak	0x016DEDA7	Delinquent Martial Artist	Delinquent 武道家
tbl1.pak	0x016DEDDF	Delinquent Martial Artist	Delinquent 武道家
tbl1.pak	0x016DEE17	Delinquent Martial Artist	Delinquent 武道家
tbl1.pak	0x016DEECD	Delinquent Spiritualist	Delinquent 气功师
tbl1.pak	0x016DEF01	Delinquent Spiritualist	Delinquent 气功师
tbl1.pak	0x016DEF35	Delinquent Spiritualist	Delinquent 气功师
tbl1.pak	0x016DFA0F	Zarbon	萨博
tbl1.pak	0x016E1667	Brainwashed Zarbon	被洗脑萨博
tbl1.pak	0x016E16E5	Android 9	人造人9
tbl1.pak	0x016E1763	Strong Brainwashed Zarbon	强力被洗脑萨博
tbl1.pak	0x016E182D	Android 19000 SP	人造人19000SP
tbl1.pak	0x016E1B9B	Android Soldier	人造人士兵
tbl1.pak	0x016E1F8D	Mira's Military Captain	米拉军队长
tbl1.pak	0x016E282D	Android 16	人造人16
tbl1.pak	0x016E48B1	Classic Kiri Scouter	经典基里探测器
tbl1.pak	0x016E51A1	Ancient Magic Dragon	古代魔法龙
# TAIWAN_DEEP_OVERLAP_DISABLED_20260608	translation_any_taiwan	refs=table_text_all_data.rdf:5:5211101:0;table_text_all_data.rdf:5:5211102:0;table_text_all_data.rdf:5:5211103:0
# tbl1.pak	0x016E5839	Fan Saibaman	扇栽培人
# TAIWAN_DEEP_OVERLAP_DISABLED_20260608	translation_any_taiwan	refs=table_text_all_data.rdf:5:5211110:0;table_text_all_data.rdf:5:5211111:0;table_text_all_data.rdf:5:5211112:0
# tbl1.pak	0x016E5893	Wind Saibaman	风栽培人
tbl1.pak	0x016E597D	Dark Fan Saibaman	黑暗扇栽培人
tbl1.pak	0x016E5A31	Big Fan Saibaman	大扇栽培人
tbl1.pak	0x016E5AA3	Giant Fan Saibaman	巨大扇栽培人
tbl1.pak	0x016E5B21	Head-Wind Saibaman	头-风栽培人
tbl1.pak	0x016E5CA1	King Fan Saibaman	王扇栽培人
# TAIWAN_DEEP_OVERLAP_DISABLED_20260608	translation_any_taiwan	refs=table_text_all_data.rdf:5:5213104:0;table_text_all_data.rdf:5:5213105:0;table_text_all_data.rdf:5:5213106:0
# tbl1.pak	0x016E5D19	Water Fan Saibaman	水扇栽培人
tbl1.pak	0x016E5F11	Needle-Fan Saibaman	针-扇栽培人
tbl1.pak	0x016E5F95	Brainwashed Fan Saibaman	被洗脑扇栽培人
tbl1.pak	0x016E6667	Helmet Soldier	头盔士兵
tbl1.pak	0x016E6AF9	Wild Helmet Fighter	狂野头盔战士
tbl1.pak	0x016E7C41	Helmet Defense Unit	头盔防御部队
tbl1.pak	0x016E8407	Helmet Military Engineer	头盔军用工程师
tbl1.pak	0x016E86FF	Helmet Scouter	头盔探测器
tbl1.pak	0x016E888B	Honor Guard	荣耀守卫
tbl1.pak	0x016E8F0B	Mushroom Gang Warrior	蘑菇刚战士
tbl1.pak	0x016EA14D	Sky Mushroom	天空蘑菇
# TAIWAN_DEEP_OVERLAP_DISABLED_20260608	translation_any_taiwan	refs=table_text_all_data.rdf:7:890978:0
# tbl1.pak	0x016EA95D	Dark Namekian	黑暗那美克星人
tbl1.pak	0x016EAAA7	Narak Devil Practitioner	那拉克魔鬼修行者
tbl1.pak	0x016EAB49	Narak Warrior	那拉克战士
tbl1.pak	0x016EAB69	Black Warrior	黑色战士
# TAIWAN_DEEP_OVERLAP_DISABLED_20260608	translation_any_taiwan	refs=table_text_all_data.rdf:5:5812307:0;table_text_all_data.rdf:5:5812308:0;table_text_all_data.rdf:5:5812309:0
# tbl1.pak	0x016EB6F3	Ancient Starfish Saibaman	古代海星栽培人
tbl1.pak	0x016EBC79	Time Breaker Saibaman	时空破坏者栽培人
# TAIWAN_DEEP_OVERLAP_DISABLED_20260608	translation_any_taiwan	refs=table_text_all_data.rdf:5:5871101:0;table_text_all_data.rdf:5:5871102:0;table_text_all_data.rdf:5:5871103:0
# tbl1.pak	0x016EC209	Narak Soldier	那拉克士兵
tbl1.pak	0x016EC33B	Warrior of Chaos	混沌的那美克战士
tbl1.pak	0x016EC38B	Narak Special Force	那拉克特殊力量
tbl1.pak	0x016EC4F1	Dark Devil Warrior	黑暗魔鬼战士
tbl1.pak	0x016EC52B	Narak Defense Warrior	那拉克防御战士
tbl1.pak	0x016ED777	Robot Guard	机器人守卫
tbl1.pak	0x016EDEFD	Mushroom Robot	蘑菇机器人
tbl1.pak	0x016EE221	New Kiri Robot	新基里机器人
tbl1.pak	0x016EE651	Kiri-Robot	基里-机器人
# TAIWAN_DEEP_OVERLAP_DISABLED_20260608	translation_any_taiwan	refs=table_text_all_data.rdf:5:6013104:0;table_text_all_data.rdf:5:6013105:0;table_text_all_data.rdf:5:6013106:0
# tbl1.pak	0x016EE859	Ghost Robot	幽灵机器人
tbl1.pak	0x016EF305	Mole Cricket	鼹鼠蟋蟀
tbl1.pak	0x016EF48F	Drum Mole Cricket	鼓鼹鼠蟋蟀
tbl1.pak	0x016EF699	Great Mole Cricket	巨大鼹鼠蟋蟀
tbl1.pak	0x016EF795	Metal Mole Cricket	金属鼹鼠蟋蟀
tbl1.pak	0x016EF9EB	King Mole Cricket	王鼹鼠蟋蟀
tbl1.pak	0x016EFCA3	Chaos Mole Cricket	混沌鼹鼠蟋蟀
tbl1.pak	0x016EFF85	Star Mole Cricket	星鼹鼠蟋蟀
tbl1.pak	0x016F061F	Mushroom Mole Cricket	蘑菇鼹鼠蟋蟀
tbl1.pak	0x016F175D	Special Force	特殊力量
tbl1.pak	0x016F25D5	Helmet Supply Manager	头盔补给管理员
tbl1.pak	0x016F3FA7	Mushroom Gang Fighter	蘑菇刚战士
tbl1.pak	0x016F4031	Devil Dragon	魔鬼龙
tbl1.pak	0x016F40FD	Narak Devil Dragon	那拉克魔鬼龙
tbl1.pak	0x016F47ED	Weapon Master Robot	武器大师机器人
# TAIWAN_DEEP_OVERLAP_DISABLED_20260608	translation_any_taiwan	refs=table_text_all_data.rdf:5:6811128:0;table_text_all_data.rdf:5:6811129:0;table_text_all_data.rdf:5:6811130:0
# tbl1.pak	0x016F4C97	Original Saibaman	原始栽培人
tbl1.pak	0x016F5155	Advanced Original Saibaman	高级原始栽培人
tbl1.pak	0x016F576D	Tiger Saibaman	老虎栽培人
tbl1.pak	0x016F5FEF	Brainwashed Cui	被洗脑丘夷
tbl1.pak	0x016F622F	Suspicious Alien	可疑异星
tbl1.pak	0x016F9D71	Brainwashed Kiri Manager	被洗脑基里管理员
tbl1.pak	0x016FA439	Guard Unit Warrior	守卫部队战士
tbl1.pak	0x016FA463	Guard Unit Warrior	守卫部队战士
tbl1.pak	0x016FA48D	Guard Unit Warrior	守卫部队战士
tbl1.pak	0x016FC991	Mira's Advanced Unit	米拉的高级部队
tbl1.pak	0x016FCF33	Brainwashed Defense Unit	被洗脑防御部队
tbl1.pak	0x016FD0AD	Recoome	利库姆
tbl1.pak	0x016FD125	Brainwashed Recoome	被洗脑利库姆
# TAIWAN_DEEP_OVERLAP_DISABLED_20260608	translation_any_taiwan	refs=table_text_all_data.rdf:13:10012:0;table_text_all_data.rdf:5:17311101:0;table_text_all_data.rdf:5:7311101:0;table_text_all_data.rdf:5:7311102:0;table_text_all_data.rdf:5:7311103:0;table_text_all_data.rdf:5:7311104:0
# tbl1.pak	0x016FE0A9	Saibaman	栽培人
tbl1.pak	0x016FE12B	Special Force Saibaman	特殊力量栽培人
tbl1.pak	0x016FE15D	Shadow Saibaman	暗影栽培人
tbl1.pak	0x016FE1C9	Evil Saibaman	邪恶栽培人
tbl1.pak	0x016FE229	Brainwashed Saibaman	被洗脑栽培人
tbl1.pak	0x016FE9BF	Martial Artist Examiner	武道家 Examiner
tbl1.pak	0x016FE9F3	Martial Artist Examiner	武道家 Examiner
tbl1.pak	0x016FEA27	Martial Artist Examiner	武道家 Examiner
tbl1.pak	0x016FF315	M - Boss Robot	M-首领机器人
tbl1.pak	0x016FF337	Mira Military Robot	米拉军用机器人
tbl1.pak	0x016FF601	M - Dark Robot	M-黑暗机器人
tbl1.pak	0x016FF6FD	Mira's Army Fighter	米拉军战士
tbl1.pak	0x016FF729	M - Combat Robot	M-战斗机器人
tbl1.pak	0x01700113	Big Evil	大邪恶
tbl1.pak	0x01700485	Evil Spirit	邪恶精神
tbl1.pak	0x017004D9	Big Evil Spirit	大邪恶精神
tbl1.pak	0x017006E9	Sparkling Spirit	闪耀精神
tbl1.pak	0x017015D1	Mushroom Saibaman	蘑菇栽培人
tbl1.pak	0x01701717	Needle Saibaman	针栽培人
tbl1.pak	0x01701A89	Great Needle Saibaman	巨大针栽培人
tbl1.pak	0x01701B19	Hot Needle Saibaman	火辣针栽培人
tbl1.pak	0x01703943	Mushroom Gang General	蘑菇刚将军
tbl1.pak	0x01703B45	Mushroom Gang Captain	蘑菇刚队长
tbl1.pak	0x01703D6F	Bomb Guard Soldier	炸弹守卫士兵
tbl1.pak	0x017040A1	Practitioner Saibaman	修行者栽培人
tbl1.pak	0x01704C0F	Wild Wolf	狂野狼
tbl1.pak	0x01704DF5	Korin Wolf	卡林狼
tbl1.pak	0x01704E43	Shadow Army Wolf	暗影军狼
tbl1.pak	0x01704F09	Brainwashed Mira Wolf	被洗脑米拉狼
tbl1.pak	0x0170546F	Dark Wolf	黑暗狼
tbl1.pak	0x01705A57	White Gang Wolf	白色刚狼
tbl1.pak	0x0170753F	Guard Unit Bull	守卫部队公牛
tbl1.pak	0x01707DE3	Bull Guard	公牛守卫
tbl1.pak	0x017096B3	General Red	将军红色
tbl1.pak	0x017098BD	Majin Android	魔人人造人
tbl1.pak	0x0170A037	Giant Bomb	巨大炸弹
tbl1.pak	0x0170A3FF	Pink Dragon	粉色龙
tbl1.pak	0x0170A46F	Popo's Chest	波波的胸甲
tbl1.pak	0x0170ABE9	Black Space Cat	黑色空间猫
tbl1.pak	0x0170AC0D	White Space Cat	白色空间猫
tbl1.pak	0x0170B1F1	Combat Pure-Cell	战斗纯粹-沙鲁
tbl1.pak	0x0170B217	Spiritualist Cell	气功师沙鲁
tbl1.pak	0x0170B2B7	Soldier Cell	士兵沙鲁
tbl1.pak	0x0170B2D5	Cell-X	沙鲁-X
tbl1.pak	0x0170B353	Ghost Lizard	幽灵蜥蜴
tbl1.pak	0x0170B371	Evil Lizard	邪恶蜥蜴
tbl1.pak	0x0170B3C7	Pure Majin-X	纯粹魔人-X
tbl1.pak	0x0170B5AF	Healing Egg	治疗蛋
# TAIWAN_DEEP_OVERLAP_DISABLED_20260608	translation_any_taiwan	refs=table_text_all_data.rdf:5:12841107:0;table_text_all_data.rdf:5:12841110:0;table_text_all_data.rdf:5:12841113:0;table_text_all_data.rdf:5:12841116:0;table_text_all_data.rdf:5:12841119:0;table_text_all_data.rdf:5:12841122:0
# tbl1.pak	0x0170B5E3	Machine Egg	机器蛋
tbl1.pak	0x0170B867	Demon Pirate	恶魔海盗
tbl1.pak	0x0170BAF7	Ancient Dragon Frog	古代龙青蛙
tbl1.pak	0x0170BEC1	Frieza Combat Robot	弗利萨战斗机器人
tbl1.pak	0x0170C0BD	Super Machine Gun	超级机器枪
tbl1.pak	0x0170C0E5	Supply Machine Gun	补给机器枪
tbl1.pak	0x0170C51F	Swordsman Stick	剑术家棍
tbl1.pak	0x0170CD23	Daily Mushroom	每日蘑菇
tbl1.pak	0x0170CDA5	Narak Spiritualist	那拉克气功师
tbl1.pak	0x0170CDCF	Narak Spiritualist	那拉克气功师
tbl1.pak	0x0170CE39	Evil Narak Warrior	邪恶那拉克战士
tbl1.pak	0x0170CFB3	Narak Giant Warrior	那拉克巨大战士
tbl1.pak	0x0170D0ED	Narak Dark Warrior	那拉克黑暗战士
tbl1.pak	0x0170D1E5	Narak Shadow Warrior	那拉克暗影战士
tbl1.pak	0x0170D2A3	Narak Guard	那拉克守卫
tbl1.pak	0x0170D353	Narak Axe Warrior	那拉克斧战士
tbl1.pak	0x0170D5A5	Narak Secret Warrior	那拉克秘密战士
tbl1.pak	0x0170D8CB	Narak Alchemist Master	那拉克炼金大师
tbl1.pak	0x0170D92F	Narak Defense Unit	那拉克防御部队
tbl1.pak	0x0170D959	Narak Dark-Magic Master	那拉克黑暗-魔法大师
tbl1.pak	0x0170DB9B	Narak Combat Master	那拉克战斗大师
tbl1.pak	0x0170DBE9	Machine Octopus	机器章鱼
tbl1.pak	0x0170DC0D	Invincible Machine Octopus	无敌机器章鱼
tbl1.pak	0x0170E225	Pink Fairy	粉色仙女
tbl1.pak	0x0170E839	Bomb-King	炸弹-王
tbl1.pak	0x0170E8DD	Head-Axe Saibaman	头-斧栽培人
tbl1.pak	0x0170E905	Giant Saibaman	巨大栽培人
tbl1.pak	0x0170EAD1	Brainwashed Mira's Manager	被洗脑米拉的管理员
tbl1.pak	0x0170ED83	Bomb Manager	炸弹管理员
tbl1.pak	0x0170EFFB	Saibaman Shadow	栽培人暗影
tbl1.pak	0x0170F06F	Saibaman Dragon	栽培人龙
# TAIWAN_DEEP_OVERLAP_DISABLED_20260608	translation_any_taiwan	refs=table_text_all_data.rdf:5:17771201:0
# tbl1.pak	0x0170F785	Mira's Army Treatment Robot	米拉军治疗机器人
# TAIWAN_DEEP_OVERLAP_DISABLED_20260608	translation_any_taiwan	refs=table_text_all_data.rdf:5:17773201:0
# tbl1.pak	0x0170F7C1	Mira's Army Supply Robot	米拉军补给机器人
tbl1.pak	0x0170FCC1	Frieza's Army Soldier	弗利萨军士兵
tbl1.pak	0x0171027B	Narak Dark Wolf	那拉克黑暗狼
tbl1.pak	0x01710345	Evil White Wolf	邪恶白色狼
tbl1.pak	0x01710395	Giant Red Eye Wolf	巨大红色眼狼
tbl1.pak	0x017103BF	Giant Captain Wolf	巨大队长狼
tbl1.pak	0x01710453	Ghost Wolf	幽灵狼
tbl1.pak	0x017104DB	Demon Pirate Wolf	恶魔海盗狼
tbl1.pak	0x01710503	Shadow Wolf	暗影狼
tbl1.pak	0x0171061B	Bull Head Devil Pirate	公牛头魔鬼海盗
tbl1.pak	0x01710C43	Ghost Power Devil Pirate	幽灵力量魔鬼海盗
tbl1.pak	0x01711623	Spirit of Namekian	那美克星人的精神
tbl1.pak	0x017117D9	Narak Axe Master	那拉克斧大师
tbl1.pak	0x017118D7	Spiritualist Tanta	气功师 Tanta
tbl1.pak	0x01711935	Narak Spiritual Master	那拉克精神大师
tbl1.pak	0x017119E1	Narak Poko Master	那拉克波可大师
tbl1.pak	0x017121D3	Brainwashed Advanced Guard	被洗脑高级守卫
tbl1.pak	0x0171220D	Brainwashed Special Guard	被洗脑特殊守卫
tbl1.pak	0x01712301	Time Crystal	时间水晶
tbl1.pak	0x0171252D	Healing Eye	治疗眼
tbl1.pak	0x01712665	Ginyu Frog	基纽青蛙
tbl1.pak	0x017126B3	Giant Ginyu Frog	巨大基纽青蛙
tbl1.pak	0x017126D9	Ginyu Goku	基纽孙悟空
tbl1.pak	0x017127DF	Mira Soldier	米拉士兵
tbl1.pak	0x01713295	Devil King Piccolo	魔鬼王比克
tbl1.pak	0x0171351F	Frieza's Field Battle Soldier	弗利萨的野外战斗士兵
tbl1.pak	0x01713719	Frieza's Field Robot	弗利萨的野外机器人
# TAIWAN_DEEP_OVERLAP_DISABLED_20260608	translation_any_taiwan	refs=table_text_all_data.rdf:5:68131391:0
# tbl1.pak	0x01713B99	Super Saiyan Broly	超级赛亚人布罗利
tbl1.pak	0x01713BEF	3 Star Dragon	3星龙
tbl1.pak	0x01713C0F	4 Star Dragon	4星龙
tbl1.pak	0x01713C2F	1 Star Dragon	1星龙
tbl1.pak	0x01713EAF	King Piccolo	王比克
tbl1.pak	0x0171401D	Vegeta Blue	贝吉塔蓝色
tbl1.pak	0x01714055	Goku Blue	孙悟空蓝色
tbl1.pak	0x0171408D	Majin Buu	魔人布欧
tbl1.pak	0x017140C5	Towa Soldier	托娃士兵
tbl1.pak	0x01714169	Towa Saibaman Green	托娃栽培人绿色
tbl1.pak	0x01714195	Towa Saibaman Rock	托娃栽培人岩石
tbl1.pak	0x017141BF	Towa Xeno Saibaman	托娃异次元栽培人
tbl1.pak	0x017141E9	Towa Saibaman Aqua	托娃栽培人阿库娅
tbl1.pak	0x01714213	Towa Saibaman Black	托娃栽培人黑色
tbl1.pak	0x017142CD	King Wolf	王狼
# TAIWAN_DEEP_OVERLAP_DISABLED_20260608	translation_any_taiwan	refs=table_text_all_data.rdf:5:717621290:0
# tbl1.pak	0x017143C1	Sword Fish	剑鱼
# TAIWAN_DEEP_OVERLAP_DISABLED_20260608	translation_any_taiwan	refs=table_text_all_data.rdf:5:2612134:0;table_text_all_data.rdf:5:2612135:0;table_text_all_data.rdf:5:2612136:0;table_text_all_data.rdf:5:6011134:0;table_text_all_data.rdf:5:717621320:0
# tbl1.pak	0x01714417	Combat Robot	战斗机器人
tbl1.pak	0x01714451	Giant Boss Bull	巨大首领公牛
tbl1.pak	0x01714475	Strong Machine	强力机器
tbl1.pak	0x017145D5	Evil Bardock	邪恶巴达克
tbl1.pak	0x0171460F	Bardock SS3	巴达克超级赛亚人3
tbl1.pak	0x0177B133	Super Devil Cannon	超级魔鬼炮
tbl1.pak	0x0177B15D	Super Devil Cannon - Vegeta	超级魔鬼炮-贝吉塔
# TAIWAN_DEEP_OVERLAP_DISABLED_20260608	translation_any_taiwan	refs=table_text_all_data.rdf:7:9104910:0;table_text_all_data.rdf:7:9104920:0;table_text_all_data.rdf:7:9104930:0;table_text_all_data.rdf:7:9104940:0;table_text_all_data.rdf:7:9104950:0
# tbl1.pak	0x0177B9FF	Energy Cannon	气功炮
tbl1.pak	0x0177BA1F	Energy Cannon-Piccolo	气功炮-比克
tbl1.pak	0x0177BBBD	Spirit Ball	精神球
# TAIWAN_DEEP_OVERLAP_DISABLED_20260608	translation_any_taiwan	refs=table_text_all_data.rdf:7:16010:0;table_text_all_data.rdf:7:16011:0
# tbl1.pak	0x0177C531	Saiyan Spirit	赛亚人精神
tbl1.pak	0x0177CEDF	Double Blow	双打击
tbl1.pak	0x0177D377	Double Spirit Gun	双精神枪
tbl1.pak	0x0177D7BF	Eye Beam	眼光束
tbl1.pak	0x0177EA47	Spiritual Recovery	精神恢复
tbl1.pak	0x0177EC6F	Spiritual Gun	精神枪
tbl1.pak	0x0177ECEB	Super Spiritual Gun	超级精神枪
tbl1.pak	0x0177F107	Ball Blast	球爆破
# TAIWAN_DEEP_OVERLAP_DISABLED_20260608	translation_any_taiwan	refs=table_text_all_data.rdf:7:21000:0;table_text_all_data.rdf:7:21001:0
# tbl1.pak	0x0177F2C3	Kiri Kiri Kiri	基里基里基里
tbl1.pak	0x0177F343	Energy Ball	气功球
tbl1.pak	0x0177F4DF	Sky Claws	天空爪
tbl1.pak	0x017801F3	Double Slash	双斩击
tbl1.pak	0x01780741	Ultimate Magic Gun	终极魔法枪
tbl1.pak	0x01780D1F	Wild Memory	狂野存储器
tbl1.pak	0x0178106F	X-Cut	X-切割
tbl1.pak	0x01781133	Long Wind	长风
tbl1.pak	0x0178121F	Chaos Wings	混沌翅膀
tbl1.pak	0x017813AB	Magic Gun	魔法枪
tbl1.pak	0x017815A7	Area Attack	区域攻击
tbl1.pak	0x0178164F	Wild Healing	狂野治疗
tbl1.pak	0x0178177F	Halberd Hit	戟希特
tbl1.pak	0x017817B7	Dragon Healing	龙治疗
tbl1.pak	0x017817FB	Light of Healing	治疗的光
tbl1.pak	0x0178210B	Healing Water	治疗水
tbl1.pak	0x01782867	Magic Defense	魔法防御
tbl1.pak	0x01782A4F	Healing Magic	治疗魔法
# TAIWAN_DEEP_OVERLAP_DISABLED_20260608	translation_any_taiwan	refs=table_text_all_data.rdf:7:23850:0;table_text_all_data.rdf:7:23851:0;table_text_all_data.rdf:7:26180:0;table_text_all_data.rdf:7:26181:0
# tbl1.pak	0x01783AAB	Invincible	无敌
tbl1.pak	0x0178401B	Energy Roar	气功咆哮
# TAIWAN_DEEP_OVERLAP_DISABLED_20260608	translation_any_taiwan	refs=table_text_all_data.rdf:7:19480:0;table_text_all_data.rdf:7:19481:0
# tbl1.pak	0x01784053	Double Hit	双重打击
tbl1.pak	0x01784D4B	Double Gun	双枪
tbl1.pak	0x01784D7F	Power Supply	力量补给
tbl1.pak	0x01784E67	Double Attack	双攻击
tbl1.pak	0x0178599F	Dragon Fire	龙火
tbl1.pak	0x017859D7	Dragon Roar	龙咆哮
tbl1.pak	0x01785A0F	Dragon Blade	龙刃
tbl1.pak	0x0178687F	Cell Light 2	沙鲁光2
tbl1.pak	0x01786CB1	Healing Hit	治疗希特
tbl1.pak	0x01786DDB	Powerful Head	强力头
tbl1.pak	0x01786FC1	Powerful Blow	强力打击
tbl1.pak	0x01787FE3	Ultimate Blow Attack	终极打击攻击
tbl1.pak	0x0178D1F7	Ultimate Might	终极大
tbl1.pak	0x0178D437	Ultimate Roar	终极咆哮
tbl1.pak	0x0178D95B	Flight	飞行
tbl1.pak	0x0178E0EF	Tremor	震地
tbl1.pak	0x0178E101	Oozaru Beam	大猿光束
tbl1.pak	0x0178E11D	Oozaru Roar	大猿咆哮
tbl1.pak	0x0178E17B	Rainbow Dragon Buff	彩虹龙增益
# TAIWAN_OVERLAP_DISABLED_20260608	same_source_translation_in_taiwan_rdf	refs=table_text_all_data.rdf:17:2734007:0
# tbl1.pak	0x0178EAE5	Super Saiyan God	超级赛亚人之神
# TAIWAN_DEEP_OVERLAP_DISABLED_20260608	translation_any_taiwan	refs=table_text_all_data.rdf:7:800970:0
# tbl1.pak	0x0178EC35	Super Saiyan 2	超级赛亚人2
# TAIWAN_DEEP_OVERLAP_DISABLED_20260608	translation_any_taiwan	refs=table_text_all_data.rdf:7:800980:0
# tbl1.pak	0x0178F17B	Super Saiyan 4	超级赛亚人4
# TAIWAN_DEEP_OVERLAP_DISABLED_20260608	translation_any_taiwan	refs=table_text_all_data.rdf:7:800982:0
# tbl1.pak	0x0178F237	Oozaru	大猿
# TAIWAN_DEEP_OVERLAP_DISABLED_20260608	translation_any_taiwan	refs=table_text_all_data.rdf:7:829979:0
# tbl1.pak	0x0178F55F	Legendary Super Saiyan (Z)	传说超级赛亚人(Z)
tbl1.pak	0x0178F6A7	Dark Namek	黑暗那美克
tbl1.pak	0x0178F81F	Warrior Spirit	那美克战士精神
tbl1.pak	0x0178FAB3	Shadow Slash	暗影斩击
tbl1.pak	0x0179061F	Namekian Awakening	那美克星人觉醒
tbl1.pak	0x01790DAB	Pet Battle Fury	宠物战斗狂怒
tbl1.pak	0x01791335	Drum Fury!	鼓狂怒!
# TAIWAN_DEEP_OVERLAP_DISABLED_20260608	translation_any_taiwan	refs=table_text_all_data.rdf:7:910129:0
# tbl1.pak	0x0179192B	Super Saiyan Rose	超级赛亚人桃红
tbl1.pak	0x01793543	Dragon King's Soul	龙王的灵魂
tbl1.pak	0x01793C0B	Dragon King's Energy	龙王的气功
tbl1.pak	0x01796751	Ultimate Spirit Ball	终极精神球
tbl1.pak	0x017970AF	EP Recovery	EP恢复
tbl1.pak	0x017972D1	Ultimate EP Recovery	终极EP恢复
tbl1.pak	0x01797BF1	Spiritual Damage Cut	精神伤害切割
tbl1.pak	0x01797E01	Ultimate Spiritual Damage Cut	终极精神伤害切割
# TAIWAN_DEEP_OVERLAP_DISABLED_20260608	translation_any_taiwan	refs=local_data.dat:DST_SCOUTER_DH
# tbl1.pak	0x017985FB	Healing	治疗
tbl1.pak	0x0179866B	Ultimate Healing	终极治疗
tbl1.pak	0x01798699	Super Healing	超级治疗
tbl1.pak	0x017986E9	Ultimate Super Healing	终极超级治疗
tbl1.pak	0x01798A03	Detoxification	解毒
tbl1.pak	0x01798A81	Ultimate Detoxification	终极解毒
tbl1.pak	0x0179937F	KThe Spiritualist master pummels his\nenemy with a barrage of energy blasts.	KThe 气功师 master pummels his\nenemy with a barrage of energy blasts.
tbl1.pak	0x0179943F	KThe Spiritualist master pummels his\nenemy with a barrage of energy blasts.	KThe 气功师 master pummels his\nenemy with a barrage of energy blasts.
tbl1.pak	0x017994FF	KThe Spiritualist master pummels his\nenemy with a barrage of energy blasts.	KThe 气功师 master pummels his\nenemy with a barrage of energy blasts.
tbl1.pak	0x017995BF	KThe Spiritualist master pummels his\nenemy with a barrage of energy blasts.	KThe 气功师 master pummels his\nenemy with a barrage of energy blasts.
tbl1.pak	0x0179967F	KThe Spiritualist master pummels his\nenemy with a barrage of energy blasts.	KThe 气功师 master pummels his\nenemy with a barrage of energy blasts.
tbl1.pak	0x0179B307	Special Beam Cannon	特殊光束炮
tbl1.pak	0x0179B7CF	Ultimate Special Beam Cannon	终极特殊光束炮
tbl1.pak	0x0179FC95	Great Namek	巨大那美克
tbl1.pak	0x017A093B	Ultimate Energy Cannon	终极气功炮
tbl1.pak	0x017A219F	Staff Slash	杖斩击
tbl1.pak	0x017A3231	Kami's Light	天神的光
tbl1.pak	0x017A3481	Ultimate Kami's Light	终极天神的光
tbl1.pak	0x017A5383	ANNamekians of the Dragon Clan attack with/na succession of energy-based spells.	ANNamekians of the 那美克龙族 attack with/na succession of energy-based spells.
tbl1.pak	0x017A544D	ANNamekians of the Dragon Clan attack with/na succession of energy-based spells.	ANNamekians of the 那美克龙族 attack with/na succession of energy-based spells.
tbl1.pak	0x017A5517	ANNamekians of the Dragon Clan attack with/na succession of energy-based spells.	ANNamekians of the 那美克龙族 attack with/na succession of energy-based spells.
tbl1.pak	0x017A55E1	ANNamekians of the Dragon Clan attack with/na succession of energy-based spells.	ANNamekians of the 那美克龙族 attack with/na succession of energy-based spells.
tbl1.pak	0x017A79FF	Ultra Speed Attack	极限速度攻击
tbl1.pak	0x017A7D1F	Ultimate Ultra Speed Attack	终极极限速度攻击
tbl1.pak	0x017A9453	Spiritual Resistance	精神抗性
tbl1.pak	0x017A94F7	Ultimate Spiritual Resistance	终极精神抗性
tbl1.pak	0x017B26A1	High Speed Needle	高级速度针
tbl1.pak	0x017B285D	Ultimate High Speed Needle	终极高级速度针
tbl1.pak	0x017B2903	Super High Speed Needle	超级高级速度针
tbl1.pak	0x017B2CAB	Ultimate Super High Speed Needle	终极超级高级速度针
tbl1.pak	0x017B55B7	Thunder	雷霆
tbl1.pak	0x017B5C47	Ultimate Thunder	终极雷霆
tbl1.pak	0x017B710F	Sword Slash	剑斩击
tbl1.pak	0x017B729B	Ultimate Sword Slash	终极剑斩击
tbl1.pak	0x017B976B	Master's Agility	大师的敏捷
tbl1.pak	0x017BA945	Energy Recovery	气功恢复
tbl1.pak	0x017BAB89	Ultimate Energy Recovery	终极气功恢复
tbl1.pak	0x017BEB7B	Spiritual Sensation	精神感受
tbl1.pak	0x017BF003	Ultimate Spiritual Sensation	终极精神感受
# TAIWAN_DEEP_OVERLAP_DISABLED_20260608	translation_any_taiwan	refs=table_text_all_data.rdf:4:11931:0;table_text_all_data.rdf:4:12931:0;table_text_all_data.rdf:4:13931:0;table_text_all_data.rdf:4:15931:0;table_text_all_data.rdf:4:17931:0;table_text_all_data.rdf:4:19931:0;table_text_all_data.rdf:4:524931:0;table_text_all_data.rdf:7:21970:0
# tbl1.pak	0x017C7559	Recovery	恢复
tbl1.pak	0x017C7595	Ultimate Recovery	终极恢复
tbl1.pak	0x017CB2ED	Great Defense	巨大防御
tbl1.pak	0x017CB4A9	Ultimate Great Defense	终极巨大防御
tbl1.pak	0x017CB8AD	Powerful Roar	强力咆哮
tbl1.pak	0x017CB9CD	Ultimate Powerful Roar	终极强力咆哮
tbl1.pak	0x017CDFE7	Ultimate Slash	终极斩击
tbl1.pak	0x017CE697	Ultimate Beam Cannon	终极光束炮
tbl1.pak	0x017D2043	Chaos Magic!!	混沌魔法!!
tbl1.pak	0x017D3EC5	Kami's Energy	天神的气功
tbl1.pak	0x017D4071	Ultimate Kami's Energy	终极天神的气功
tbl1.pak	0x017D98AD	Kami's Awakening	天神的觉醒
tbl1.pak	0x017E2A99	Spiritual Power	精神力量
tbl1.pak	0x017E2D69	Ultimate Spiritual Power	终极精神力量
tbl1.pak	0x017E4739	Spirit Power	精神力量
tbl1.pak	0x017EB891	Mask Light	面具光
tbl1.pak	0x017EBAF3	Ultimate Mask Light	终极面具光
tbl1.pak	0x017F0ED3	Spirit Bomb!	精神炸弹!
tbl1.pak	0x017F1029	Super Saiyan 1	超级赛亚人1
tbl1.pak	0x017F104B	Ultra Super Saiyan	极限超级赛亚人
tbl1.pak	0x017F1135	Moro Power Buff	摩罗力量增益
tbl1.pak	0x017F11CD	Imperator Namek	帝王那美克
tbl1.pak	0x017F11F1	Xeno Majin	异次元魔人
tbl1.pak	0x01818BCD	Majin Cooking Hat	魔人料理帽子
# TAIWAN_DEEP_OVERLAP_DISABLED_20260608	translation_any_taiwan	refs=table_text_all_data.rdf:11:238:0
# tbl1.pak	0x018194AF	Bomb Box	炸弹盒
tbl1.pak	0x018194C5	Army Supply Box	军补给盒
tbl1.pak	0x0181986F	RP Weapon Box	RP武器盒
tbl1.pak	0x0181A6BB	Namek Crystal	那美克水晶
tbl1.pak	0x0181AE87	Frieza's Army Supply Box A	弗利萨军补给盒A
tbl1.pak	0x0181AEC1	Frieza's Army Supply Box B	弗利萨军补给盒B
tbl1.pak	0x0181AEFB	Frieza's Army Supply Box C	弗利萨军补给盒C
tbl1.pak	0x0181BEDF	RP New Supply Box	RP新补给盒
tbl1.pak	0x0181C091	Devil Dragon's Egg	魔鬼龙的蛋
tbl1.pak	0x0181C12D	Broken Dragon Clan Staff	Broken 那美克龙族 Staff
tbl1.pak	0x0181C499	Treasure Box	宝藏盒
tbl1.pak	0x0181C849	Popo Stone	波波石
# TAIWAN_OVERLAP_DISABLED_20260608	same_source_translation_in_taiwan_rdf	refs=table_text_all_data.rdf:13:1000:0
# tbl1.pak	0x018600E7	General	将军
tbl1.pak	0x018601B5	Wild	狂野
tbl1.pak	0x018602DF	Physical Attack	物理攻击
tbl1.pak	0x01860303	Physical Defense	物理防御
tbl1.pak	0x01860329	Energy Attack	气功攻击
tbl1.pak	0x01860349	Energy Defense	气功防御
# TAIWAN_DEEP_OVERLAP_DISABLED_20260608	translation_any_taiwan	refs=local_data.dat:DST_DRAGONBALL_SCRAMBLE_CONFIRM_DROP_1;table_text_all_data.rdf:8:804:0
# tbl1.pak	0x018604FF	Fainting	昏迷
# TAIWAN_DEEP_OVERLAP_DISABLED_20260608	translation_any_taiwan	refs=local_data.dat:DST_SCOUTER_DD;table_text_all_data.rdf:13:1084:0
# tbl1.pak	0x0186098F	Damage	伤害
# TAIWAN_DEEP_OVERLAP_DISABLED_20260608	translation_any_taiwan	refs=table_text_all_data.rdf:13:3014:0
# tbl1.pak	0x01860CF3	Capsule Corp	胶囊公司
# TAIWAN_DEEP_OVERLAP_DISABLED_20260608	translation_any_taiwan	refs=local_data.dat:DST_NAMEK;table_text_all_data.rdf:13:3017:0
# tbl1.pak	0x01860D67	Namekian	那美克星人
tbl1.pak	0x01860DF5	Korin Soldier	卡林士兵
tbl1.pak	0x01860E15	New Namek	新那美克
tbl1.pak	0x01860F0D	Frieza's Army	弗利萨军
tbl1.pak	0x01860FC7	Beanstalk	豆茎
tbl1.pak	0x018610C7	Strongest Namek Warrior	Strongest 那美克战士
tbl1.pak	0x01861147	Porunga	波伦加
tbl1.pak	0x01861785	Golden Axe	黄金斧
# TAIWAN_DEEP_OVERLAP_DISABLED_20260608	translation_any_taiwan	refs=table_text_all_data.rdf:5:6011246:0;table_text_all_data.rdf:5:6011247:0;table_text_all_data.rdf:5:6011248:0
# tbl1.pak	0x01861879	Guard Robot	守卫机器人
tbl1.pak	0x01861895	Mushroom Fuel	蘑菇燃料
tbl1.pak	0x018619C9	Giant Mushroom	巨大蘑菇
tbl1.pak	0x01861A05	Defense Unit	防御部队
tbl1.pak	0x01861A45	Life Energy	生命气功
tbl1.pak	0x01861AAB	Rabbit Family	兔子家族
# TAIWAN_DEEP_OVERLAP_DISABLED_20260608	translation_any_taiwan	refs=table_text_all_data.rdf:13:3131:0
# tbl1.pak	0x01861C27	CC Life Pill	CC生命药丸
tbl1.pak	0x01861C45	CC Magic Pill	CC魔法药丸
tbl1.pak	0x01861CD5	Dark Devil	黑暗魔鬼
tbl1.pak	0x01861F35	Android	人造人
# TAIWAN_DEEP_OVERLAP_DISABLED_20260608	pair_any_taiwan	refs=local_data.dat:DST_DOJO_UPGRADE
# tbl1.pak	0x01861F49	Upgrade	升级
tbl1.pak	0x01861F5D	F1 Key	F1钥匙
tbl1.pak	0x01861F6F	T Key	T钥匙
# TAIWAN_DEEP_OVERLAP_DISABLED_20260608	translation_any_taiwan	refs=table_text_all_data.rdf:13:14161:0;table_text_all_data.rdf:13:5002:0
# tbl1.pak	0x01862473	Dragon Ball	龙珠
tbl1.pak	0x0186248F	H Key	H钥匙
tbl1.pak	0x01862575	Master	大师
tbl1.pak	0x0186259B	Trainee	见习
# TAIWAN_DEEP_OVERLAP_DISABLED_20260608	translation_any_taiwan	refs=table_text_all_data.rdf:13:14066:0;table_text_all_data.rdf:13:5040:0
# tbl1.pak	0x018628FF	Family	家族
tbl1.pak	0x018629C7	Solo Battle	单人战斗
tbl1.pak	0x01862C87	Normal Class	普通职业
# TAIWAN_DEEP_OVERLAP_DISABLED_20260608	translation_any_taiwan	refs=local_data.dat:DST_NAMEK_FIGHTER;table_text_all_data.rdf:13:6008:0;table_text_all_data.rdf:14:3007:0;table_text_all_data.rdf:3:111703240:0
# tbl1.pak	0x01862CA5	Warrior	那美克战士
# TAIWAN_DEEP_OVERLAP_DISABLED_20260608	translation_any_taiwan	refs=local_data.dat:DST_NAMEK_MYSTIC;table_text_all_data.rdf:13:6009:0;table_text_all_data.rdf:14:3008:0
# tbl1.pak	0x01862CB9	Dragon Clan	那美克龙族
# TAIWAN_DEEP_OVERLAP_DISABLED_20260608	translation_any_taiwan	refs=local_data.dat:DST_HUMAN_FIGHTER;table_text_all_data.rdf:13:6010:0;table_text_all_data.rdf:14:3005:0;table_text_all_data.rdf:6:1181101:0;table_text_all_data.rdf:6:1181102:0
# tbl1.pak	0x01862CD5	Martial Artist	武道家
# TAIWAN_DEEP_OVERLAP_DISABLED_20260608	translation_any_taiwan	refs=local_data.dat:DST_HUMAN_MYSTIC;table_text_all_data.rdf:13:6011:0;table_text_all_data.rdf:14:3006:0
# tbl1.pak	0x01862CF7	Spiritualist	气功师
# TAIWAN_DEEP_OVERLAP_DISABLED_20260608	pair_any_taiwan	refs=local_data.dat:DST_ENGINEER
# tbl1.pak	0x01862D15	Engineer	工程师
# TAIWAN_DEEP_OVERLAP_DISABLED_20260608	translation_any_taiwan	refs=local_data.dat:DST_WONDER_MAJIN;table_text_all_data.rdf:13:6014:0;table_text_all_data.rdf:14:3010:0
# tbl1.pak	0x01862D49	Wonder Majin	意魔人
tbl1.pak	0x01862D67	Master Class	大师职业
tbl1.pak	0x01862D85	Dark Warrior	黑暗战士
# TAIWAN_DEEP_OVERLAP_DISABLED_20260608	translation_any_taiwan	refs=local_data.dat:DST_SWORD_MASTER;table_text_all_data.rdf:13:6021:0
# tbl1.pak	0x01862E11	Swordsman	剑术家
tbl1.pak	0x01862E9D	Ultimate Majin	终极魔人
tbl1.pak	0x01862EE5	Plasma Majin	等离子魔人
tbl1.pak	0x01862F03	Karma Majin	卡尔玛魔人
# TAIWAN_DEEP_OVERLAP_DISABLED_20260608	translation_any_taiwan	refs=local_data.dat:DST_ITEM_GRADE_SUPERIOR;local_data.dat:DST_OPTION_DROPFILTER_SUPERIOR;table_text_all_data.rdf:13:7002:0
# tbl1.pak	0x01862FBF	Advanced	高级
# TAIWAN_DEEP_OVERLAP_DISABLED_20260608	pair_any_taiwan	refs=local_data.dat:DST_DWC_CARD_GRADE_05
# tbl1.pak	0x01862FFF	Legendary	传说
# TAIWAN_DEEP_OVERLAP_DISABLED_20260608	translation_any_taiwan	refs=local_data.dat:DST_SCROLL;table_text_all_data.rdf:13:7018:0
# tbl1.pak	0x01863123	Scroll	卷轴
# TAIWAN_DEEP_OVERLAP_DISABLED_20260608	translation_any_taiwan	refs=local_data.dat:DST_BACKDST_PACK;table_text_all_data.rdf:13:7025:0
# tbl1.pak	0x018631A1	Backpack	背包
tbl1.pak	0x01863209	Scouter Parts	探测器零件
# TAIWAN_DEEP_OVERLAP_DISABLED_20260608	pair_any_taiwan	refs=local_data.dat:DST_EQUIP_SLOT_TYPE_NECKLACE
# tbl1.pak	0x018632A1	Necklace	项链
tbl1.pak	0x0186358F	Cooldown	冷却
tbl1.pak	0x0186413F	Paella Gang	皮拉夫刚
tbl1.pak	0x0186415B	New Frieza's Army	新弗利萨军
tbl1.pak	0x018646BF	Fancy Mole Cricket	华丽鼹鼠蟋蟀
tbl1.pak	0x018652BF	Eye of Time	时间的眼
tbl1.pak	0x018652FD	Android Cell	人造人沙鲁
tbl1.pak	0x0186531B	Strong Brainwashed Soldier	强力被洗脑士兵
tbl1.pak	0x01865355	Robot Cell	机器人沙鲁
tbl1.pak	0x0186579F	Devil Dragon Clan Genner	Devil 那美克龙族 Genner
tbl1.pak	0x018658B3	Mineral	矿石
tbl1.pak	0x01866C37	Target Class	目标职业
tbl1.pak	0x018670BB	Capsule Kit	工具包胶囊
tbl1.pak	0x018681AF	Giant Egg	巨大蛋
tbl1.pak	0x01868423	Ranked Battle	排位战斗
# TAIWAN_DEEP_OVERLAP_DISABLED_20260608	translation_any_taiwan	refs=table_text_all_data.rdf:13:17007:0
# tbl1.pak	0x0186854D	CC Bus	CC巴士
tbl1.pak	0x01868767	Great Mushroom	巨大蘑菇
# TAIWAN_DEEP_OVERLAP_DISABLED_20260608	translation_any_taiwan	refs=local_data.dat:DST_NAMEK_FIGHTER;table_text_all_data.rdf:13:6008:0;table_text_all_data.rdf:14:3007:0;table_text_all_data.rdf:3:111703240:0
# tbl1.pak	0x0186883F	Warrior	那美克战士
# TAIWAN_DEEP_OVERLAP_DISABLED_20260608	translation_any_taiwan	refs=local_data.dat:DST_NAMEK_MYSTIC;table_text_all_data.rdf:13:6009:0;table_text_all_data.rdf:14:3008:0
# tbl1.pak	0x01868853	Dragon Clan	那美克龙族
tbl1.pak	0x0186886F	U Key	U钥匙
# TAIWAN_DEEP_OVERLAP_DISABLED_20260608	translation_any_taiwan	refs=table_text_all_data.rdf:13:17035:0
# tbl1.pak	0x018688E3	Mira's Army	米拉军
tbl1.pak	0x01868C2D	Mushroom Gang	蘑菇刚
tbl1.pak	0x01868EFD	Ginyu Force	基纽特战队
# TAIWAN_DEEP_OVERLAP_DISABLED_20260608	translation_any_taiwan	refs=table_text_all_data.rdf:13:17102:0
# tbl1.pak	0x0186924F	Giant Android	巨大人造人
tbl1.pak	0x0186D4E7	The Eternal Dragons's Gift for the Dragon Clan	The Eternal Dragons's Gift for the 那美克龙族
tbl1.pak	0x0186D5D3	The Eternal Dragons's Gift for Martial Artists	The Eternal Dragons's Gift for 武道家
tbl1.pak	0x0186D6BF	The Eternal Dragons's Gift for Spiritualists	The Eternal Dragons's Gift for 气功师
tbl1.pak	0x0186D88D	The Eternal Dragons's Gift for Wonder Majin	The Eternal Dragons's Gift for 意魔人
# TAIWAN_DEEP_OVERLAP_DISABLED_20260608	translation_any_taiwan	refs=table_text_all_data.rdf:17:2220002:0
# tbl1.pak	0x0186DB6F	Staff of Shenron	神龙的杖
tbl1.pak	0x0186DD3F	Korin's Gauntlets	卡林的臂甲
tbl1.pak	0x0186DEA1	Shenron's Claws	神龙的爪
tbl1.pak	0x0186DF17	Shenron's Axe	神龙的斧
# TAIWAN_DEEP_OVERLAP_DISABLED_20260608	translation_any_taiwan	refs=table_text_all_data.rdf:17:2313002:0
# tbl1.pak	0x0186DF8D	Shenron's Scroll	神龙的卷轴
tbl1.pak	0x0186E013	Shenron's Gem	神龙的宝石
tbl1.pak	0x0186E0DF	Shenron's Wand	神龙的短杖
# TAIWAN_DEEP_OVERLAP_DISABLED_20260608	translation_any_taiwan	refs=table_text_all_data.rdf:17:2322002:0
# tbl1.pak	0x0186E155	Shenron's Sword	神龙的剑
tbl1.pak	0x0186E239	Shenron's Fan	神龙的扇
tbl1.pak	0x0186E30D	Shenron's Trumpet	神龙的号角
tbl1.pak	0x0186E387	Shenron's Club	神龙的棒
# TAIWAN_DEEP_OVERLAP_DISABLED_20260608	translation_any_taiwan	refs=table_text_all_data.rdf:17:2333002:0
# tbl1.pak	0x0186E3FB	Shenron's Drum	神龙的鼓
# TAIWAN_DEEP_OVERLAP_DISABLED_20260608	translation_any_taiwan	refs=table_text_all_data.rdf:17:2334002:0
# tbl1.pak	0x0186E46F	Shenron's Mask	神龙的面具
tbl1.pak	0x0186E6EF	I want Dragon Clan clothes.	I want 那美克龙族 clothes.
tbl1.pak	0x0186E7A9	Dragon Clan Jacket	那美克龙族 Jacket
tbl1.pak	0x0186E8D7	I want Martial Artist clothes.	I want 武道家 clothes.
tbl1.pak	0x0186E997	Martial Artist Jacket	武道家 Jacket
tbl1.pak	0x0186EAD7	I want Spiritualist clothes.	I want 气功师 clothes.
tbl1.pak	0x0186EB93	Spiritualist Jacket	气功师 Jacket
tbl1.pak	0x0186EEB7	I want Wonder Majin clothes.	I want 意魔人 clothes.
tbl1.pak	0x0186EF73	Wonder Majin Jacket	意魔人 Jacket
tbl1.pak	0x0186FA2B	Super Buu	超级布欧
tbl1.pak	0x01871E05	Legendary Attack	传说攻击
tbl1.pak	0x018CABC7	BID4 Evil Bardock	BID4邪恶巴达克
# AUTO_BLOCK_TBL_VISIBLE_NAMES_20260604_END

# TEST_BLOCK_TBL_RECIPE_BLACK_DRAGON_20260607_BEGIN
tbl1.pak	0x015AFF9D	Black Dragon Fan Recipe	黑龙扇配方
tbl1.pak	0x014B5EC1	Recipe Ruby Dragon Soul	红宝石龙灵魂配方
tbl1.pak	0x016B18CD	(Human)Shadow Sovereign Shoes Recipe	(人类)暗影暴君鞋子配方
# TEST_BLOCK_TBL_RECIPE_BLACK_DRAGON_20260607_END

# TEST_BLOCK_TBL_RECIPE_BATCH2_20260607_BEGIN
tbl1.pak	0x015B6B17	Black Dragon Fan Recipe	黑龙扇配方
tbl1.pak	0x016B2069	Shadow Sovereign Staff Recipe	暗影暴君杖配方
tbl1.pak	0x016B212B	Shadow Sovereign Claws Recipe	暗影暴君爪配方
tbl1.pak	0x016B25AB	Shadow Sovereign Fan Recipe	暗影暴君扇配方
tbl1.pak	0x0164F23B	Dark Soul Armor Recipe	黑暗灵魂盔甲配方
# TEST_BLOCK_TBL_RECIPE_BATCH2_20260607_END

# TEST_BLOCK_TBL_RECIPE_BULK_SAFE_20260607_BEGIN
tbl1.pak	0x012DA5A9	Black Dragon Scales Hair Dye	黑龙鳞片染发剂
tbl1.pak	0x0137FEB1	Black Dragon King Gear (Top)	黑龙王装备(上衣)
tbl1.pak	0x0137FF45	Black Dragon King Gear (Pants)	黑龙王装备(裤子)
tbl1.pak	0x0137FFDD	Black Dragon King Gear (Shoes)	黑龙王装备(鞋子)
tbl1.pak	0x013B85D5	Black Dragon Fan	黑龙扇
tbl1.pak	0x01401613	Black Dragon Fan	黑龙扇
tbl1.pak	0x014A37AF	Black Dragon Claws Shoes	黑龙爪鞋子
tbl1.pak	0x014A3847	Black Dragon Ascension Top	黑龙飞升上衣
tbl1.pak	0x014A38E3	Black Dragon Ascension Pants	黑龙飞升裤子
tbl1.pak	0x014B5EF5	Recipe Ice Dragon Soul	冰龙灵魂配方
tbl1.pak	0x014B5F27	Recipe Suglite Dragon Soul	舒俱来石龙灵魂配方
tbl1.pak	0x014B5F61	Recipe Cosmic Dragon Soul	宇宙龙灵魂配方
tbl1.pak	0x014B5F99	Recipe Leaf Dragon Soul	叶龙灵魂配方
tbl1.pak	0x0150BF55	Black Dragon Clothes R	黑龙服装R
tbl1.pak	0x015ACD57	Manufacturing Extract 04 Recipe	制造萃取物04配方
tbl1.pak	0x015ACDEF	Special Parts 04 Recipe	特殊零件04配方
tbl1.pak	0x015ACEFD	Legendary Gem 04 Recipe	传说宝石04配方
tbl1.pak	0x015ACF85	Comet Award Gauntlets Recipe	彗星奖励臂甲配方
tbl1.pak	0x015AD013	High Grade Gauntlets Recipe	高级臂甲配方
tbl1.pak	0x015AD09D	Battle Staff Recipe	战斗杖配方
tbl1.pak	0x015AD107	Strong Claws Recipe	强力爪配方
tbl1.pak	0x015AD16F	Comodo Battle Axe Recipe	科莫多战斗斧配方
tbl1.pak	0x015AD1ED	Bao Yan Scroll Recipe	鲍岩卷轴配方
tbl1.pak	0x015AD25F	Huang Gang Gem Recipe	黄刚宝石配方
tbl1.pak	0x015AD2D1	Hardcore Stick Recipe	硬核棍配方
tbl1.pak	0x015AD343	Gangjian Sword Recipe	刚剑剑配方
tbl1.pak	0x015AD3B5	God Eye Fan Recipe	神眼扇配方
tbl1.pak	0x015AD41B	Huang Gang Wand Recipe	黄刚短杖配方
tbl1.pak	0x015AD491	Remembrance Trumpet Recipe	纪念号角配方
tbl1.pak	0x015AD58D	Pound Drum Recipe	重击鼓配方
tbl1.pak	0x015AD659	Armored Combat Gear (Top) H Recipe	装甲战斗装备(上衣)H配方
tbl1.pak	0x015AD6FF	Armored Combat Gear (Pants) H Recipe	装甲战斗装备(裤子)H配方
tbl1.pak	0x015AD7AD	Armored Combat Gear (Shoes) H Recipe	装甲战斗装备(鞋子)H配方
tbl1.pak	0x015AD85B	Armored Combat Gear (Top) N Recipe	装甲战斗装备(上衣)N配方
tbl1.pak	0x015AD901	Armored Combat Gear (Pants) N Recipe	装甲战斗装备(裤子)N配方
tbl1.pak	0x015AD9AF	Armored Combat Gear (Shoes) N Recipe	装甲战斗装备(鞋子)N配方
tbl1.pak	0x015ADA5D	Armored Combat Gear (Top) M Recipe	装甲战斗装备(上衣)M配方
tbl1.pak	0x015ADB03	Armored Combat Gear (Pants) M Recipe	装甲战斗装备(裤子)M配方
tbl1.pak	0x015ADBB1	Armored Combat Gear (Shoes) M Recipe	装甲战斗装备(鞋子)M配方
tbl1.pak	0x015ADC5F	Manufacturing Extract 05 Recipe	制造萃取物05配方
tbl1.pak	0x015ADCF7	Special Parts 05 Recipe	特殊零件05配方
tbl1.pak	0x015ADE05	Legendary Gem 05 Recipe	传说宝石05配方
tbl1.pak	0x015ADE8D	Prestige Dragon Gauntlets Recipe	威望龙臂甲配方
tbl1.pak	0x015AE03B	Dragon Claws Recipe	龙爪配方
tbl1.pak	0x015AE0A3	Strong Battle Axe Recipe	强力战斗斧配方
tbl1.pak	0x015AE187	Purple Stone Gem Recipe	紫色石宝石配方
tbl1.pak	0x015AE263	Magic Blade Recipe	魔法刃配方
tbl1.pak	0x015AE333	Sapphire Wand Recipe	蓝宝石短杖配方
tbl1.pak	0x015AE3A1	Meteor Trumpet Recipe	流星号角配方
tbl1.pak	0x015AE413	Red Hot Chili Corn Recipe	红色火辣辣椒玉米配方
tbl1.pak	0x015AE517	Enraged Mask Recipe	狂怒面具配方
tbl1.pak	0x015AE581	Combat Force Gear (Top) H Recipe	战斗力量装备(上衣)H配方
tbl1.pak	0x015AE61F	Combat Force Gear (Pants) H Recipe	战斗力量装备(裤子)H配方
tbl1.pak	0x015AE6C5	Combat Force Gear (Shoes) H Recipe	战斗力量装备(鞋子)H配方
tbl1.pak	0x015AE76B	Combat Force Gear (Top) N Recipe	战斗力量装备(上衣)N配方
tbl1.pak	0x015AE809	Combat Force Gear (Pants) N Recipe	战斗力量装备(裤子)N配方
tbl1.pak	0x015AE8AF	Combat Force Gear (Shoes) N Recipe	战斗力量装备(鞋子)N配方
tbl1.pak	0x015AE955	Combat Force Gear (Top) M Recipe	战斗力量装备(上衣)M配方
tbl1.pak	0x015AE9F3	Combat Force Gear (Pants) M Recipe	战斗力量装备(裤子)M配方
tbl1.pak	0x015AEA99	Combat Force Gear (Shoes) M Recipe	战斗力量装备(鞋子)M配方
tbl1.pak	0x015AEB3F	Manufacturing Extract 06 Recipe	制造萃取物06配方
tbl1.pak	0x015AEBD7	Special Parts 06 Recipe	特殊零件06配方
tbl1.pak	0x015AECE5	Legendary Gem 06 Recipe	传说宝石06配方
tbl1.pak	0x015AED6D	Energy Ejection Gloves Recipe	气功喷射手套配方
tbl1.pak	0x015AEDFF	Blast Gauntlets Recipe	爆破臂甲配方
tbl1.pak	0x015AEE75	Light Staff Recipe	光杖配方
tbl1.pak	0x015AEEDB	Nimbus Claws Recipe	筋斗云爪配方
tbl1.pak	0x015AEF43	Light Cut Axe Recipe	光切割斧配方
# TAIWAN_OVERLAP_DISABLED_20260608	translation_in_taiwan_item_tables	refs=table_text_all_data.rdf:3:12722030:0;table_text_all_data.rdf:3:13722030:0
# tbl1.pak	0x015AEFB1	Taichu Scroll Recipe	太初卷轴配方
tbl1.pak	0x015AF01F	Green Stone Gem Recipe	绿色石宝石配方
tbl1.pak	0x015AF095	Dragon Stick Recipe	龙棍配方
tbl1.pak	0x015AF0FF	Dragon Sword Recipe	龙剑配方
tbl1.pak	0x015AF169	Wheel of Light Fan Recipe	光扇的轮配方
tbl1.pak	0x015AF1EB	Dragon Court Wand Recipe	龙宫短杖配方
# TAIWAN_OVERLAP_DISABLED_20260608	translation_in_taiwan_item_tables	refs=table_text_all_data.rdf:3:12722090:0;table_text_all_data.rdf:3:13722090:0
# tbl1.pak	0x015AF269	Watercolor Trumpet Recipe	水彩号角配方
tbl1.pak	0x015AF2EB	Smoked Fish Recipe	烟熏鱼配方
tbl1.pak	0x015AF351	Frame Drum Recipe	框架鼓配方
tbl1.pak	0x015AF3B3	Starfish Mask Recipe	海星面具配方
tbl1.pak	0x015AF421	Combat Gear (Top) H Recipe	战斗装备(上衣)H配方
tbl1.pak	0x015AF4A7	Combat Gear (Pants) H Recipe	战斗装备(裤子)H配方
tbl1.pak	0x015AF535	Combat Gear (Shoes) H Recipe	战斗装备(鞋子)H配方
tbl1.pak	0x015AF5C3	Combat Gear (Top) N Recipe	战斗装备(上衣)N配方
tbl1.pak	0x015AF649	Combat Gear (Pants) N Recipe	战斗装备(裤子)N配方
tbl1.pak	0x015AF6D7	Combat Gear (Shoes) N Recipe	战斗装备(鞋子)N配方
tbl1.pak	0x015AF765	Combat Gear (Top) M Recipe	战斗装备(上衣)M配方
tbl1.pak	0x015AF7EB	Combat Gear (Pants) M Recipe	战斗装备(裤子)M配方
tbl1.pak	0x015AF879	Combat Gear (Shoes) M Recipe	战斗装备(鞋子)M配方
tbl1.pak	0x015AF907	Manufacturing Extract 07 Recipe	制造萃取物07配方
tbl1.pak	0x015AF99F	Special Parts 07 Recipe	特殊零件07配方
tbl1.pak	0x015AFAAD	Legendary Gem 07 Recipe	传说宝石07配方
tbl1.pak	0x015AFB35	Soul Gauntlets Recipe	灵魂臂甲配方
tbl1.pak	0x015AFBA7	Soul Gauntlets Recipe	灵魂臂甲配方
tbl1.pak	0x015AFC9F	Absolute Light Claws Recipe	绝对光爪配方
tbl1.pak	0x015AFD27	Dragon Battle Axe Recipe	龙战斗斧配方
tbl1.pak	0x015AFDA5	Yellow Dragon Scroll Recipe	黄色龙卷轴配方
tbl1.pak	0x015AFE2F	Black Stone Gem Recipe	黑色石宝石配方
tbl1.pak	0x015AFEA5	New Grid Stick Recipe	新格纹棍配方
tbl1.pak	0x015AFF17	Electro-Optic Sword Recipe	电光-光学剑配方
tbl1.pak	0x015B0017	Thunder Wand Recipe	雷霆短杖配方
tbl1.pak	0x015B0081	Legend Long Trumpet Recipe	传说长号角配方
tbl1.pak	0x015B018D	Dragon Drum Recipe	龙鼓配方
tbl1.pak	0x015B01F3	Dragon Mask Recipe	龙面具配方
tbl1.pak	0x015B0259	Advanced Combat Gear (Top) H Recipe	高级战斗装备(上衣)H配方
tbl1.pak	0x015B0303	Advanced Combat Gear (Pants) H Recipe	高级战斗装备(裤子)H配方
tbl1.pak	0x015B03B5	Advanced Combat Gear (Shoes) H Recipe	高级战斗装备(鞋子)H配方
tbl1.pak	0x015B0467	Advanced Combat Gear (Top) N Recipe	高级战斗装备(上衣)N配方
tbl1.pak	0x015B0511	Advanced Combat Gear (Pants) N Recipe	高级战斗装备(裤子)N配方
tbl1.pak	0x015B05C3	Advanced Combat Gear (Shoes) N Recipe	高级战斗装备(鞋子)N配方
tbl1.pak	0x015B0675	Advanced Combat Gear (Top) M Recipe	高级战斗装备(上衣)M配方
tbl1.pak	0x015B071F	Advanced Combat Gear (Pants) M Recipe	高级战斗装备(裤子)M配方
tbl1.pak	0x015B07D1	Advanced Combat Gear (Shoes) M Recipe	高级战斗装备(鞋子)M配方
tbl1.pak	0x015B0883	Manufacturing Extract 02 Recipe	制造萃取物02配方
tbl1.pak	0x015B091B	Special Parts 02 Recipe	特殊零件02配方
tbl1.pak	0x015B0A29	Legendary Gem 02 Recipe	传说宝石02配方
tbl1.pak	0x015B0B57	Namek Gloves Recipe	那美克手套配方
tbl1.pak	0x015B0C27	Strong Warrior Claws Recipe	强力战士爪配方
tbl1.pak	0x015B0CAF	Halberd Axe Recipe	戟斧配方
tbl1.pak	0x015B0D7B	Rainbow Gem Recipe	彩虹宝石配方
tbl1.pak	0x015B0EC9	Long Hit Fan Recipe	长希特扇配方
tbl1.pak	0x015B0F33	Plasma Wand Recipe	等离子短杖配方
tbl1.pak	0x015B0F99	Light Trumpet Recipe	光号角配方
tbl1.pak	0x015B1179	Super Combat Gear (Top) H Recipe	超级战斗装备(上衣)H配方
tbl1.pak	0x015B1217	Super Combat Gear (Pants) H Recipe	超级战斗装备(裤子)H配方
tbl1.pak	0x015B12BD	Super Combat Gear (Shoes) H Recipe	超级战斗装备(鞋子)H配方
tbl1.pak	0x015B1363	Super Combat Gear (Top) N Recipe	超级战斗装备(上衣)N配方
tbl1.pak	0x015B1401	Super Combat Gear (Pants) N Recipe	超级战斗装备(裤子)N配方
tbl1.pak	0x015B14A7	Super Combat Gear (Shoes) N Recipe	超级战斗装备(鞋子)N配方
tbl1.pak	0x015B154D	Super Combat Gear (Top) M Recipe	超级战斗装备(上衣)M配方
tbl1.pak	0x015B15EB	Super Combat Gear (Pants) M Recipe	超级战斗装备(裤子)M配方
tbl1.pak	0x015B1691	Super Combat Gear (Shoes) M Recipe	超级战斗装备(鞋子)M配方
tbl1.pak	0x015B1737	Manufacturing Extract 03 Recipe	制造萃取物03配方
tbl1.pak	0x015B17CF	Special Parts 03 Recipe	特殊零件03配方
tbl1.pak	0x015B18DD	Legendary Gem 03 Recipe	传说宝石03配方
tbl1.pak	0x015B1A9D	Valkyrie Staff Recipe	女武神杖配方
tbl1.pak	0x015B1B0F	Mysterious Claws Recipe	神秘爪配方
tbl1.pak	0x015B1B87	Death Axe Recipe	死亡之斧配方
# TAIWAN_OVERLAP_DISABLED_20260608	translation_in_taiwan_item_tables	refs=table_text_all_data.rdf:3:12752030:0;table_text_all_data.rdf:3:13752030:0
# tbl1.pak	0x015B1BE5	Original Scroll Recipe	原始卷轴配方
tbl1.pak	0x015B1C5B	Rock Stone Gem Recipe	岩石石宝石配方
tbl1.pak	0x015B1DD9	Electro-Optic Fan Recipe	电光-光学扇配方
tbl1.pak	0x015B1E57	Valkyrie Wand Recipe	女武神短杖配方
tbl1.pak	0x015B2079	Ultimate Combat Gear (Top) H Recipe	终极战斗装备(上衣)H配方
tbl1.pak	0x015B2123	Ultimate Combat Gear (Pants) H Recipe	终极战斗装备(裤子)H配方
tbl1.pak	0x015B21D5	Ultimate Combat Gear (Shoes) H Recipe	终极战斗装备(鞋子)H配方
tbl1.pak	0x015B2287	Ultimate Combat Gear (Top) N Recipe	终极战斗装备(上衣)N配方
tbl1.pak	0x015B2331	Ultimate Combat Gear (Pants) N Recipe	终极战斗装备(裤子)N配方
tbl1.pak	0x015B23E3	Ultimate Combat Gear (Shoes) N Recipe	终极战斗装备(鞋子)N配方
tbl1.pak	0x015B2495	Ultimate Combat Gear (Top) M Recipe	终极战斗装备(上衣)M配方
tbl1.pak	0x015B253F	Ultimate Combat Gear (Pants) M Recipe	终极战斗装备(裤子)M配方
tbl1.pak	0x015B25F1	Ultimate Combat Gear (Shoes) M Recipe	终极战斗装备(鞋子)M配方
tbl1.pak	0x015B287B	Killer Axe Recipe	杀手斧配方
tbl1.pak	0x015B28DB	Dragon Scroll Recipe	龙卷轴配方
tbl1.pak	0x015B2947	Popo Gem Recipe	波波宝石配方
tbl1.pak	0x015B2A85	Dragon Roar Fan Recipe	龙咆哮扇配方
tbl1.pak	0x015B2AFB	Black Steel Wand Recipe	黑色钢短杖配方
tbl1.pak	0x015B33A1	Crystal Scouter Recipe	水晶探测器配方
tbl1.pak	0x015B342F	Diamond Scouter Recipe	钻石探测器配方
tbl1.pak	0x015B364B	Advanced Gauntlets Recipe	高级臂甲配方
tbl1.pak	0x015B3C41	Warrior Gloves Recipe	那美克战士手套配方
tbl1.pak	0x015B3CB3	Power Gauntlets Recipe	力量臂甲配方
tbl1.pak	0x015B3DA3	Firepower Combat Gear (Top) H Recipe	火力战斗装备(上衣)H配方
tbl1.pak	0x015B3E51	Firepower Combat Gear (Pants) H Recipe	火力战斗装备(裤子)H配方
tbl1.pak	0x015B3F07	Firepower Combat Gear (Shoes) H Recipe	火力战斗装备(鞋子)H配方
tbl1.pak	0x015B3FBD	Firepower Combat Gear (Top) N Recipe	火力战斗装备(上衣)N配方
tbl1.pak	0x015B406B	Firepower Combat Gear (Pants) N Recipe	火力战斗装备(裤子)N配方
tbl1.pak	0x015B4121	Firepower Combat Gear (Shoes) N Recipe	火力战斗装备(鞋子)N配方
tbl1.pak	0x015B41D7	Firepower Combat Gear (Top) M Recipe	火力战斗装备(上衣)M配方
tbl1.pak	0x015B4285	Firepower Combat Gear (Pants) M Recipe	火力战斗装备(裤子)M配方
tbl1.pak	0x015B433B	Firepower Combat Gear (Shoes) M Recipe	火力战斗装备(鞋子)M配方
tbl1.pak	0x015B43F1	Comet Award Gauntlets Recipe	彗星奖励臂甲配方
tbl1.pak	0x015B4477	High Grade Gauntlets Recipe	高级臂甲配方
tbl1.pak	0x015B44F9	Battle Staff Recipe	战斗杖配方
tbl1.pak	0x015B455B	Strong Claws Recipe	强力爪配方
tbl1.pak	0x015B45C3	Comodo Battle Axe Recipe	科莫多战斗斧配方
tbl1.pak	0x015B4639	Bao Yan Scroll Recipe	鲍岩卷轴配方
tbl1.pak	0x015B46A3	Huang Gang Gem Recipe	黄刚宝石配方
tbl1.pak	0x015B470D	Hardcore Stick Recipe	硬核棍配方
tbl1.pak	0x015B4777	Gangjian Sword Recipe	刚剑剑配方
tbl1.pak	0x015B47E1	God Eye Fan Recipe	神眼扇配方
tbl1.pak	0x015B483F	Huang Gang Wand Recipe	黄刚短杖配方
tbl1.pak	0x015B48AD	Remembrance Trumpet Recipe	纪念号角配方
tbl1.pak	0x015B4999	Pound Drum Recipe	重击鼓配方
tbl1.pak	0x015B4A55	Armored Combat Gear (Top) H Recipe	装甲战斗装备(上衣)H配方
tbl1.pak	0x015B4AF3	Armored Combat Gear (Pants) H Recipe	装甲战斗装备(裤子)H配方
tbl1.pak	0x015B4B99	Armored Combat Gear (Shoes) H Recipe	装甲战斗装备(鞋子)H配方
tbl1.pak	0x015B4C3F	Armored Combat Gear (Top) N Recipe	装甲战斗装备(上衣)N配方
tbl1.pak	0x015B4CDD	Armored Combat Gear (Pants) N Recipe	装甲战斗装备(裤子)N配方
tbl1.pak	0x015B4D83	Armored Combat Gear (Shoes) N Recipe	装甲战斗装备(鞋子)N配方
tbl1.pak	0x015B4E29	Armored Combat Gear (Top) M Recipe	装甲战斗装备(上衣)M配方
tbl1.pak	0x015B4EC7	Armored Combat Gear (Pants) M Recipe	装甲战斗装备(裤子)M配方
tbl1.pak	0x015B4F6D	Armored Combat Gear (Shoes) M Recipe	装甲战斗装备(鞋子)M配方
tbl1.pak	0x015B5013	Prestige Dragon Gauntlets Recipe	威望龙臂甲配方
tbl1.pak	0x015B51A9	Dragon Claws Recipe	龙爪配方
tbl1.pak	0x015B5211	Strong Battle Axe Recipe	强力战斗斧配方
tbl1.pak	0x015B52E5	Purple Stone Gem Recipe	紫色石宝石配方
tbl1.pak	0x015B53B1	Magic Blade Recipe	魔法刃配方
tbl1.pak	0x015B5471	Sapphire Wand Recipe	蓝宝石短杖配方
tbl1.pak	0x015B54D7	Meteor Trumpet Recipe	流星号角配方
tbl1.pak	0x015B5541	Red Hot Chili Corn Recipe	红色火辣辣椒玉米配方
tbl1.pak	0x015B5635	Enraged Mask Recipe	狂怒面具配方
tbl1.pak	0x015B5697	Combat Force Gear (Top) H Recipe	战斗力量装备(上衣)H配方
tbl1.pak	0x015B572D	Combat Force Gear (Pants) H Recipe	战斗力量装备(裤子)H配方
tbl1.pak	0x015B57CB	Combat Force Gear (Shoes) H Recipe	战斗力量装备(鞋子)H配方
tbl1.pak	0x015B5869	Combat Force Gear (Top) N Recipe	战斗力量装备(上衣)N配方
tbl1.pak	0x015B58FF	Combat Force Gear (Pants) N Recipe	战斗力量装备(裤子)N配方
tbl1.pak	0x015B599D	Combat Force Gear (Shoes) N Recipe	战斗力量装备(鞋子)N配方
tbl1.pak	0x015B5A3B	Combat Force Gear (Top) M Recipe	战斗力量装备(上衣)M配方
tbl1.pak	0x015B5AD1	Combat Force Gear (Pants) M Recipe	战斗力量装备(裤子)M配方
tbl1.pak	0x015B5B6F	Combat Force Gear (Shoes) M Recipe	战斗力量装备(鞋子)M配方
tbl1.pak	0x015B5C0D	Energy Ejection Gloves Recipe	气功喷射手套配方
tbl1.pak	0x015B5C97	Blast Gauntlets Recipe	爆破臂甲配方
tbl1.pak	0x015B5D05	Light Staff Recipe	光杖配方
tbl1.pak	0x015B5D63	Nimbus Claws Recipe	筋斗云爪配方
tbl1.pak	0x015B5DCB	Light Cut Axe Recipe	光切割斧配方
# TAIWAN_OVERLAP_DISABLED_20260608	translation_in_taiwan_item_tables	refs=table_text_all_data.rdf:3:12722030:0;table_text_all_data.rdf:3:13722030:0
# tbl1.pak	0x015B5E31	Taichu Scroll Recipe	太初卷轴配方
tbl1.pak	0x015B5E97	Green Stone Gem Recipe	绿色石宝石配方
tbl1.pak	0x015B5F05	Dragon Stick Recipe	龙棍配方
tbl1.pak	0x015B5F67	Dragon Sword Recipe	龙剑配方
tbl1.pak	0x015B5FC9	Wheel of Light Fan Recipe	光扇的轮配方
tbl1.pak	0x015B6043	Dragon Court Wand Recipe	龙宫短杖配方
# TAIWAN_OVERLAP_DISABLED_20260608	translation_in_taiwan_item_tables	refs=table_text_all_data.rdf:3:12722090:0;table_text_all_data.rdf:3:13722090:0
# tbl1.pak	0x015B60B9	Watercolor Trumpet Recipe	水彩号角配方
tbl1.pak	0x015B6133	Smoked Fish Recipe	烟熏鱼配方
tbl1.pak	0x015B6191	Frame Drum Recipe	框架鼓配方
tbl1.pak	0x015B61EB	Starfish Mask Recipe	海星面具配方
tbl1.pak	0x015B6251	Combat Gear (Top) H Recipe	战斗装备(上衣)H配方
tbl1.pak	0x015B62CF	Combat Gear (Pants) H Recipe	战斗装备(裤子)H配方
tbl1.pak	0x015B6355	Combat Gear (Shoes) H Recipe	战斗装备(鞋子)H配方
tbl1.pak	0x015B63DB	Combat Gear (Top) N Recipe	战斗装备(上衣)N配方
tbl1.pak	0x015B6459	Combat Gear (Pants) N Recipe	战斗装备(裤子)N配方
tbl1.pak	0x015B64DF	Combat Gear (Shoes) N Recipe	战斗装备(鞋子)N配方
tbl1.pak	0x015B6565	Combat Gear (Top) M Recipe	战斗装备(上衣)M配方
tbl1.pak	0x015B65E3	Combat Gear (Pants) M Recipe	战斗装备(裤子)M配方
tbl1.pak	0x015B6669	Combat Gear (Shoes) M Recipe	战斗装备(鞋子)M配方
tbl1.pak	0x015B66EF	Soul Gauntlets Recipe	灵魂臂甲配方
tbl1.pak	0x015B6759	Soul Gauntlets Recipe	灵魂臂甲配方
tbl1.pak	0x015B6841	Absolute Light Claws Recipe	绝对光爪配方
tbl1.pak	0x015B68C9	Dragon Battle Axe Recipe	龙战斗斧配方
tbl1.pak	0x015B693F	Yellow Dragon Scroll Recipe	黄色龙卷轴配方
tbl1.pak	0x015B69C1	Black Stone Gem Recipe	黑色石宝石配方
tbl1.pak	0x015B6A2F	New Grid Stick Recipe	新格纹棍配方
tbl1.pak	0x015B6A99	Electro-Optic Sword Recipe	电光-光学剑配方
tbl1.pak	0x015B6B4B	Black Dragon Fan Rare recipe	稀有黑龙扇配方
tbl1.pak	0x015B6B89	Thunder Wand Recipe	雷霆短杖配方
tbl1.pak	0x015B6BEB	Legend Long Trumpet Recipe	传说长号角配方
tbl1.pak	0x015B6CE7	Dragon Drum Recipe	龙鼓配方
tbl1.pak	0x015B6D45	Dragon Mask Recipe	龙面具配方
tbl1.pak	0x015B6DA3	Advanced Combat Gear (Top) H Recipe	高级战斗装备(上衣)H配方
tbl1.pak	0x015B6E45	Advanced Combat Gear (Pants) H Recipe	高级战斗装备(裤子)H配方
tbl1.pak	0x015B6EEF	Advanced Combat Gear (Shoes) H Recipe	高级战斗装备(鞋子)H配方
tbl1.pak	0x015B6F99	Advanced Combat Gear (Top) N Recipe	高级战斗装备(上衣)N配方
tbl1.pak	0x015B703B	Advanced Combat Gear (Pants) N Recipe	高级战斗装备(裤子)N配方
tbl1.pak	0x015B70E5	Advanced Combat Gear (Shoes) N Recipe	高级战斗装备(鞋子)N配方
tbl1.pak	0x015B718F	Advanced Combat Gear (Top) M Recipe	高级战斗装备(上衣)M配方
tbl1.pak	0x015B7231	Advanced Combat Gear (Pants) M Recipe	高级战斗装备(裤子)M配方
tbl1.pak	0x015B72DB	Advanced Combat Gear (Shoes) M Recipe	高级战斗装备(鞋子)M配方
tbl1.pak	0x015B7423	Namek Gloves Recipe	那美克手套配方
tbl1.pak	0x015B74E3	Strong Warrior Claws Recipe	强力战士爪配方
tbl1.pak	0x015B756B	Halberd Axe Recipe	戟斧配方
tbl1.pak	0x015B7627	Rainbow Gem Recipe	彩虹宝石配方
tbl1.pak	0x015B775B	Long Hit Fan Recipe	长希特扇配方
tbl1.pak	0x015B77BD	Plasma Wand Recipe	等离子短杖配方
tbl1.pak	0x015B781B	Light Trumpet Recipe	光号角配方
tbl1.pak	0x015B79DB	Super Combat Gear (Top) H Recipe	超级战斗装备(上衣)H配方
tbl1.pak	0x015B7A71	Super Combat Gear (Pants) H Recipe	超级战斗装备(裤子)H配方
tbl1.pak	0x015B7B0F	Super Combat Gear (Shoes) H Recipe	超级战斗装备(鞋子)H配方
tbl1.pak	0x015B7BAD	Super Combat Gear (Top) N Recipe	超级战斗装备(上衣)N配方
tbl1.pak	0x015B7C43	Super Combat Gear (Pants) N Recipe	超级战斗装备(裤子)N配方
tbl1.pak	0x015B7CE1	Super Combat Gear (Shoes) N Recipe	超级战斗装备(鞋子)N配方
tbl1.pak	0x015B7D7F	Super Combat Gear (Top) M Recipe	超级战斗装备(上衣)M配方
tbl1.pak	0x015B7E15	Super Combat Gear (Pants) M Recipe	超级战斗装备(裤子)M配方
tbl1.pak	0x015B7EB3	Super Combat Gear (Shoes) M Recipe	超级战斗装备(鞋子)M配方
tbl1.pak	0x015B8079	Valkyrie Staff Recipe	女武神杖配方
tbl1.pak	0x015B80E3	Mysterious Claws Recipe	神秘爪配方
tbl1.pak	0x015B815B	Death Axe Recipe	死亡之斧配方
# TAIWAN_OVERLAP_DISABLED_20260608	translation_in_taiwan_item_tables	refs=table_text_all_data.rdf:3:12752030:0;table_text_all_data.rdf:3:13752030:0
# tbl1.pak	0x015B81B1	Original Scroll Recipe	原始卷轴配方
tbl1.pak	0x015B821F	Rock Stone Gem Recipe	岩石石宝石配方
tbl1.pak	0x015B8385	Electro-Optic Fan Recipe	电光-光学扇配方
tbl1.pak	0x015B83FB	Valkyrie Wand Recipe	女武神短杖配方
tbl1.pak	0x015B85F5	Ultimate Combat Gear (Top) H Recipe	终极战斗装备(上衣)H配方
tbl1.pak	0x015B8697	Ultimate Combat Gear (Pants) H Recipe	终极战斗装备(裤子)H配方
tbl1.pak	0x015B8741	Ultimate Combat Gear (Shoes) H Recipe	终极战斗装备(鞋子)H配方
tbl1.pak	0x015B87EB	Ultimate Combat Gear (Top) N Recipe	终极战斗装备(上衣)N配方
tbl1.pak	0x015B888D	Ultimate Combat Gear (Pants) N Recipe	终极战斗装备(裤子)N配方
tbl1.pak	0x015B8937	Ultimate Combat Gear (Shoes) N Recipe	终极战斗装备(鞋子)N配方
tbl1.pak	0x015B89E1	Ultimate Combat Gear (Top) M Recipe	终极战斗装备(上衣)M配方
tbl1.pak	0x015B8A83	Ultimate Combat Gear (Pants) M Recipe	终极战斗装备(裤子)M配方
tbl1.pak	0x015B8B2D	Ultimate Combat Gear (Shoes) M Recipe	终极战斗装备(鞋子)M配方
tbl1.pak	0x015B8DAF	Killer Axe Recipe	杀手斧配方
tbl1.pak	0x015B8E0F	Dragon Scroll Recipe	龙卷轴配方
tbl1.pak	0x015B8E7B	Popo Gem Recipe	波波宝石配方
tbl1.pak	0x015B8FA1	Dragon Roar Fan Recipe	龙咆哮扇配方
tbl1.pak	0x015B900F	Black Steel Wand Recipe	黑色钢短杖配方
tbl1.pak	0x015BCBFF	Recipe Galactic Combat Gear (Top) H	银河战斗装备(上衣)H配方
tbl1.pak	0x015BCCDB	Recipe Galactic Combat Gear (Pants) H	银河战斗装备(裤子)H配方
tbl1.pak	0x015BCDBB	Recipe Galactic Combat Gear (Shoes) H	银河战斗装备(鞋子)H配方
tbl1.pak	0x015BCE9B	Recipe Galactic Combat Gear (Top) N	银河战斗装备(上衣)N配方
tbl1.pak	0x015BCF77	Recipe Galactic Combat Gear (Pants) N	银河战斗装备(裤子)N配方
tbl1.pak	0x015BD057	Recipe Galactic Combat Gear (Shoes) N	银河战斗装备(鞋子)N配方
tbl1.pak	0x015BD137	Recipe Galactic Combat Gear (Top) M	银河战斗装备(上衣)M配方
tbl1.pak	0x015BD213	Recipe Galactic Combat Gear (Pants) M	银河战斗装备(裤子)M配方
tbl1.pak	0x015BD2F3	Recipe Galactic Combat Gear (Shoes) M	银河战斗装备(鞋子)M配方
tbl1.pak	0x015E5941	Black Dragon Bus	黑龙巴士
tbl1.pak	0x0164CB33	Super Powerful Shadow Claws Recipe	超级强力暗影爪配方
tbl1.pak	0x0164CDDD	Super Powerful Dark Gem Recipe	超级强力黑暗宝石配方
tbl1.pak	0x0164CEA3	Super Powerful Awakening Stick Recipe	超级强力觉醒棍配方
tbl1.pak	0x0164CF85	Super Powerful Thunder Sword Recipe	超级强力雷霆剑配方
tbl1.pak	0x0164D135	Super Powerful Awakening Wand Recipe	超级强力觉醒短杖配方
tbl1.pak	0x0164D485	Super Powerful Mysterious Mask Recipe	超级强力神秘面具配方
tbl1.pak	0x0164F2E1	Dark Soul Pants Recipe	黑暗灵魂裤子配方
tbl1.pak	0x0164F387	Dark Soul Shoes Recipe	黑暗灵魂鞋子配方
tbl1.pak	0x0164F42D	Dark Soul Armor Recipe	黑暗灵魂盔甲配方
tbl1.pak	0x0164F4D3	Dark Soul Pants Recipe	黑暗灵魂裤子配方
tbl1.pak	0x0164F579	Dark Soul Shoes Recipe	黑暗灵魂鞋子配方
tbl1.pak	0x0164F61F	Dark Soul Armor Recipe	黑暗灵魂盔甲配方
tbl1.pak	0x0164F6C5	Dark Soul Pants Recipe	黑暗灵魂裤子配方
tbl1.pak	0x0164F76B	Dark Soul Shoes Recipe	黑暗灵魂鞋子配方
tbl1.pak	0x0164F811	Dark Soul Armor Recipe	黑暗灵魂盔甲配方
tbl1.pak	0x0164F8B7	Dark Soul Pants Recipe	黑暗灵魂裤子配方
tbl1.pak	0x0164F95D	Dark Soul Shoes Recipe	黑暗灵魂鞋子配方
tbl1.pak	0x0164FA03	Dark Soul Armor Recipe	黑暗灵魂盔甲配方
tbl1.pak	0x0164FAA9	Dark Soul Pants Recipe	黑暗灵魂裤子配方
tbl1.pak	0x0164FB4F	Dark Soul Shoes Recipe	黑暗灵魂鞋子配方
tbl1.pak	0x0164FBF5	Dark Soul Armor Recipe	黑暗灵魂盔甲配方
tbl1.pak	0x0164FC9B	Dark Soul Pants Recipe	黑暗灵魂裤子配方
tbl1.pak	0x0164FD41	Dark Soul Shoes Recipe	黑暗灵魂鞋子配方
tbl1.pak	0x0165034B	Dark Soul Claws Recipe	黑暗灵魂爪配方
tbl1.pak	0x016503F1	Dark Soul Axe Recipe	黑暗灵魂斧配方
tbl1.pak	0x0165048F	Dark Soul Scroll Recipe	黑暗灵魂卷轴配方
tbl1.pak	0x01650539	Dark Soul Gem Recipe	黑暗灵魂宝石配方
tbl1.pak	0x016505D7	Dark Soul Stick Recipe	黑暗灵魂棍配方
tbl1.pak	0x0165067D	Dark Soul Sword Recipe	黑暗灵魂剑配方
tbl1.pak	0x01650723	Dark Soul Fan Recipe	黑暗灵魂扇配方
tbl1.pak	0x016507C1	Dark Soul Wand Recipe	黑暗灵魂短杖配方
tbl1.pak	0x01650863	Dark Soul Trumpet Recipe	黑暗灵魂号角配方
tbl1.pak	0x01650911	Dark Soul Club Recipe	黑暗灵魂棒配方
tbl1.pak	0x016509B3	Dark Soul Drum Recipe	黑暗灵魂鼓配方
tbl1.pak	0x01650A55	Dark Soul Mask Recipe	黑暗灵魂面具配方
tbl1.pak	0x01656501	Black Dragon Ring Type A	黑龙戒指A型
tbl1.pak	0x016565B7	Black Dragon Ring Type B	黑龙戒指B型
tbl1.pak	0x016565ED	Black Dragon Earring type A	黑龙耳环A型
tbl1.pak	0x01656629	Black Dragon Earring type B	黑龙耳环B型
tbl1.pak	0x016566EB	Black Dragon Necklace	黑龙项链
tbl1.pak	0x0168F9BB	Black Dragon Bus	黑龙巴士
tbl1.pak	0x01696179	Epic White U Stone U75 (Recipe)	史诗白色U石U75配方
tbl1.pak	0x0169622F	Epic White U Stone U75 (Recipe)	史诗白色U石U75配方
tbl1.pak	0x016963AD	Epic Yellow U Stone U75 (Recipe)	史诗黄色U石U75配方
tbl1.pak	0x0169784F	Epic Armor U Stone U75 (Recipe)	史诗盔甲U石U75配方
tbl1.pak	0x01697907	Epic Weapon U Stone U75 (Recipe)	史诗武器U石U75配方
tbl1.pak	0x016979C1	Epic Armor U Stone U75 (Recipe)	史诗盔甲U石U75配方
tbl1.pak	0x01697A7F	Epic Weapon U Stone U75 (Recipe)	史诗武器U石U75配方
tbl1.pak	0x0169808D	Epic Weapon U Stone U70 (Recipe)	史诗武器U石U70配方
tbl1.pak	0x01698149	Epic Armor U Stone U70 (Recipe)	史诗盔甲U石U70配方
tbl1.pak	0x016981FF	Epic White U Stone U70 (Recipe)	史诗白色U石U70配方
tbl1.pak	0x016982BD	Epic Armor U Stone U70 (Recipe)	史诗盔甲U石U70配方
tbl1.pak	0x016B172D	(Human)Shadow Sovereign Armor Recipe	(人类)暗影暴君盔甲配方
tbl1.pak	0x016B17FD	(Human)Shadow Sovereign Pants Recipe	(人类)暗影暴君裤子配方
tbl1.pak	0x016B199D	(Namek)Shadow Sovereign Armor Recipe	(那美克)暗影暴君盔甲配方
tbl1.pak	0x016B1A6D	(Namek)Shadow Sovereign Pants Recipe	(那美克)暗影暴君裤子配方
tbl1.pak	0x016B1B3D	(Namek)Shadow Sovereign Shoes Recipe	(那美克)暗影暴君鞋子配方
tbl1.pak	0x016B1C0D	(Majin)Shadow Sovereign Armor Recipe	(魔人)暗影暴君盔甲配方
tbl1.pak	0x016B1CDD	(Majin)Shadow Sovereign Pants Recipe	(魔人)暗影暴君裤子配方
tbl1.pak	0x016B1DAD	(Majin)Shadow Sovereign Shoes Recipe	(魔人)暗影暴君鞋子配方
tbl1.pak	0x016B21ED	Shadow Sovereign Axe Recipe	暗影暴君斧配方
tbl1.pak	0x016B22A7	Shadow Sovereign Scroll Recipe	暗影暴君卷轴配方
tbl1.pak	0x016B236D	Shadow Sovereign Gem Recipe	暗影暴君宝石配方
tbl1.pak	0x016B2427	Shadow Sovereign Stick Recipe	暗影暴君棒配方
tbl1.pak	0x016B24E9	Shadow Sovereign Sword Recipe	暗影暴君剑配方
tbl1.pak	0x016B2665	Shadow Sovereign Wand Recipe	暗影暴君短棍配方
tbl1.pak	0x016B2723	Shadow Sovereign Trumpet Recipe	暗影暴君号配方
tbl1.pak	0x016B27ED	Shadow Sovereign Club Recipe	暗影暴君棍配方
tbl1.pak	0x016B28AB	Shadow Sovereign Drum Recipe	暗影暴君鼓配方
tbl1.pak	0x016B2969	Shadow Sovereign Mask Recipe	暗影暴君面具配方
# TEST_BLOCK_TBL_RECIPE_BULK_SAFE_20260607_END

# TEST_BLOCK_TBL_SHADOW_GLOVES_RECIPE_20260607_BEGIN
tbl1.pak	0x016B1E7D	Shadow Sovereign Gloves TYPE-A Recipe (Physical)	暗影暴君物理手套配方
tbl1.pak	0x016B1F75	Shadow Sovereign Gloves TYPE-B Recipe (Energy)	暗影暴君气功手套配方
# TEST_BLOCK_TBL_SHADOW_GLOVES_RECIPE_20260607_END


tbl1.pak	0x016B2A27	Shadow Mech RING A Recipe	暗影机械戒指A配方	
tbl1.pak	0x016B2AD9	Shadow Mech RING B Recipe	暗影机械戒指B配方	
tbl1.pak	0x016B2B8B	Shadow Mech Earring A Recipe	暗影机械耳环A配方	
tbl1.pak	0x016B2C49	Shadow Mech Earring B Recipe	暗影机械耳环B配方	
tbl1.pak	0x016B2D07	Shadow Mech Necklace Recipe	暗影机械项链配方

tbl1.pak	0x016B39ED	Shadow Mech Boss Fragment	暗影机械Boss碎片
tbl1.pak	0x016B3D71	Invasion Fragment	弗利萨入侵碎片
tbl1.pak	0x016B40DD	Legendary Fragment	传说碎片
tbl1.pak	0x016B4107	Divine Fragment	神圣碎片
tbl1.pak	0x016B412B	Hakai Fragment	破坏碎片
tbl1.pak	0x01699091	World Boss Fragment	世界Boss碎片
tbl1.pak	0x016B5D13	Moro Essence	摩罗精华
tbl1.pak	0x016B88DD	BID Freeza Coin	BID弗利萨硬币
tbl1.pak	0x014B5DD3	Certificate Soul	证书之魂

# FREEZA_FRIEZA_BLOCK_20260607_BEGIN
tbl0.pak	0x00DCEBE5	Freeza Mascote	弗利萨吉祥物
tbl0.pak	0x013B752B	FreezaCapsule	弗利萨胶囊
tbl0.pak	0x013B76A7	FreezaFrag	弗利萨碎片
tbl0.pak	0x013B810B	FreezaCoin	弗利萨硬币
tbl1.pak	0x0047C359	Freeza Plus	弗利萨Plus
tbl1.pak	0x0047CAD9	FreezaSoldier1	弗利萨士兵1
tbl1.pak	0x0047CD59	FreezaSoldier2	弗利萨士兵2
tbl1.pak	0x0047CFD9	FreezaSoldier3	弗利萨士兵3
tbl1.pak	0x0047D259	FreezaSoldier4	弗利萨士兵4
tbl1.pak	0x0048D8D9	FreezaInvasion	弗利萨入侵
tbl1.pak	0x0048E059	GoldenFreezaInv	黄金弗利萨入侵
tbl1.pak	0x00F86000	[br]Defeat the Frieza Army!	[br]击败弗利萨军!
tbl1.pak	0x016CA464	Freeza Shop	弗利萨商店
tbl1.pak	0x0180A9BA	Frieza Residual's Base	弗利萨残党的基地
tbl1.pak	0x0180BFBA	Frieza's Remnants Invasion	弗利萨残党入侵
tbl1.pak	0x0180BFF4	Frieza's Pit	弗利萨深坑
tbl1.pak	0x0180C05E	Frieza's Remnants HQ	弗利萨残党总部
tbl1.pak	0x0180C0EE	Frieza's Great Statue	弗利萨大雕像
tbl1.pak	0x0180D7AC	Freeza Spaceship	弗利萨宇宙船
tbl1.pak	0x01822000	Frieza Residual's Communication Data	弗利萨残党通信资料
tbl1.pak	0x0182DDFC	Frieza Residual Party Drink Water	弗利萨残党饮用水
tbl1.pak	0x0182EEA6	Frieza's Army Confidential File	弗利萨军机密文件
tbl1.pak	0x0183A470	Notes from Frieza's Army.	弗利萨军的笔记。
tbl1.pak	0x018CA83C	Emperor Frieza	弗利萨皇帝
tbl1.pak	0x008C489D	FreezaFragCapsule	弗利萨碎片胶囊
tbl1.pak	0x011FDC05	FreezatoGolden	弗利萨变黄金
tbl1.pak	0x011FDD61	1FreezaSkill	1弗利萨技能
tbl1.pak	0x011FDEBD	2FreezaSkill	2弗利萨技能
tbl1.pak	0x012DFFB5	Frieza's Army Military Rations	弗利萨军军粮
tbl1.pak	0x012E03BB	Frieza's Army Superior Mineral Water	弗利萨军高级矿泉水
tbl1.pak	0x0140332D	Freeza Pet	弗利萨宠物
tbl1.pak	0x01403347	Final Freeza Pet	最终弗利萨宠物
tbl1.pak	0x0140336D	Kimono Freeza Pet	和服弗利萨宠物
tbl1.pak	0x01403395	Golden Freeza Pet	黄金弗利萨宠物
tbl1.pak	0x015EE8ED	Frieza Head (Mecha)	弗利萨头(机械)
tbl1.pak	0x015EE919	Imitation of Frieza	弗利萨仿制品
tbl1.pak	0x015EE9B5	Frieza Head (Final Form)	弗利萨头(最终形态)
tbl1.pak	0x015EEA87	Frieza Head (3rd Form)	弗利萨头(第三形态)
tbl1.pak	0x015EEB55	Frieza Head (2nd Form)	弗利萨头(第二形态)
tbl1.pak	0x015F010F	Frieza Dogi (Mecha)	弗利萨时装(机械)
tbl1.pak	0x015F013B	Imitation of Mecha Frieza	机械弗利萨仿制品
tbl1.pak	0x015F01DF	Frieza Dogi (Final Form)	弗利萨时装(最终形态)
tbl1.pak	0x015F02B1	Frieza Dogi (3rd Form)	弗利萨时装(第三形态)
tbl1.pak	0x015F037B	Frieza Dogi (2nd Form)	弗利萨时装(第二形态)
tbl1.pak	0x01621B91	Freeza LV1	弗利萨LV1
tbl1.pak	0x01621BAB	Final Freeza LV2	最终弗利萨LV2
tbl1.pak	0x01621BD1	Kimono Freeza LV3	和服弗利萨LV3
tbl1.pak	0x01621BF9	Golden Freeza LV4	黄金弗利萨LV4
tbl1.pak	0x01653CE3	Mecha Freeza Mask	机械弗利萨面具
tbl1.pak	0x01653D0B	A Part of Mecha Freeza	机械弗利萨的一部分
tbl1.pak	0x016B8663	Freeza Fragment	弗利萨碎片
tbl1.pak	0x016B8687	BID Freeza Capsule	BID弗利萨胶囊
tbl1.pak	0x016B8901	BID Freeza Fragment	BID弗利萨碎片
tbl1.pak	0x016DDE1B	Frieza's Picked Sniper	弗利萨精选狙击手
tbl1.pak	0x016F6349	Frieza's Army Signalman	弗利萨军信号兵
tbl1.pak	0x016F6D7B	Wandering Frieza's Invader	游荡的弗利萨入侵者
tbl1.pak	0x016FA5B9	Frieza's Army Secret Police	弗利萨军秘密警察
tbl1.pak	0x0170A7AB	Hovering Army of Frieza	悬浮的弗利萨军
tbl1.pak	0x0170A891	Frieza's Army Plundering Specialist	弗利萨军掠夺专家
tbl1.pak	0x0170A93D	Frieza's Army Revenant	弗利萨军亡魂
tbl1.pak	0x0170BE93	Frieza Assault Robot	弗利萨突击机器人
tbl1.pak	0x0170E7D3	Frieza Humanoid Battler	弗利萨人形战士
tbl1.pak	0x0170EA89	Frieza Real Fighter	弗利萨真实战士
tbl1.pak	0x0171255B	Frieza (Second Form)	弗利萨(第二形态)
tbl1.pak	0x017125B7	Frieza (Final Form)	弗利萨(最终形态)
tbl1.pak	0x0171355F	Frieza's Intel Scout	弗利萨情报侦察兵
tbl1.pak	0x017135D5	Frieza's Guerrilla Sapper	弗利萨游击工兵
tbl1.pak	0x01713747	Frieza's Guerrilla Robot	弗利萨游击机器人
tbl1.pak	0x01713873	Frieza's Intel Supply Soldier	弗利萨情报补给兵
tbl1.pak	0x017138B3	Frieza's Field Batter Signalman	弗利萨野战信号兵
tbl1.pak	0x017138F7	Frieza's Guerrilla Scout	弗利萨游击侦察兵
tbl1.pak	0x01713963	Frieza's Intel Battler	弗利萨情报战士
tbl1.pak	0x01713995	Frieza's Intel Signalman	弗利萨情报信号兵
tbl1.pak	0x017139CB	Frieza's Field Battle Guerrilla	弗利萨野战游击兵
tbl1.pak	0x01713A53	Frieza's Guerrilla Medic	弗利萨游击医疗兵
tbl1.pak	0x01713A89	Frieza's Intel Patrol	弗利萨情报巡逻兵
tbl1.pak	0x01713AB9	Frieza's Guerrilla Battler	弗利萨游击战士
tbl1.pak	0x01713B13	Frieza's Battle Assault Team	弗利萨战斗突击队
tbl1.pak	0x01713E8D	Psychic Freeza	念力弗利萨
tbl1.pak	0x0171462B	Freeza(Final Form)	弗利萨(最终形态)
tbl1.pak	0x01714655	Golden Freeza	黄金弗利萨
tbl1.pak	0x01714675	Freeza Soldier	弗利萨士兵
tbl1.pak	0x0181951D	Frieza's Army Transmitter	弗利萨军发信器
tbl1.pak	0x01819555	Frieza's Army Radar	弗利萨军雷达
tbl1.pak	0x01819581	Frieza's Army Battle Camp	弗利萨军战斗营地
tbl1.pak	0x018195B9	Frieza's Army Mother Ship	弗利萨军母舰
tbl1.pak	0x018195F1	Frieza's Army Scouter Plane	弗利萨军侦察机
tbl1.pak	0x0181AF87	Frieza's Army Computer	弗利萨军电脑
tbl1.pak	0x0181AFB9	Frieza's Army Oil Tank	弗利萨军油箱
tbl1.pak	0x0181B3A1	Frieza's Army Repair Box	弗利萨军修理箱
tbl1.pak	0x0181B3D7	Frieza's Army Spaceship	弗利萨军宇宙船
tbl1.pak	0x0181B43B	Frieza's Army First-Aid Box	弗利萨军急救箱
tbl1.pak	0x0181C4F5	Prison of Frieza's Army	弗利萨军监狱
tbl1.pak	0x01861D7F	Frieza's DNA	弗利萨DNA
tbl1.pak	0x0186652F	Frieza's Army UFO Engine	弗利萨军UFO引擎
tbl1.pak	0x01866565	Frieza's Army Teleporter	弗利萨军传送器
tbl1.pak	0x018665D3	Frieza's Army Mothership	弗利萨军母舰
tbl1.pak	0x01868EB7	Frieza's Planet	弗利萨行星
tbl1.pak	0x018CABEF	BID5 Freeza Invasion	BID5弗利萨入侵
# FREEZA_FRIEZA_BLOCK_20260607_END

tbl1.pak	*	Stun Duration Decrease %d%%	眩晕持续时间减少%d%%	
tbl1.pak	*	Skill Lock Duration Decrease %d%%	技能锁定持续时间减少%d%%	
