surface	file	id	source_text	source_hash	zh_cn	status	legacy_source	legacy_row	note
taiwan	table_text_all_data.rdf	3:7000215:0	Natsu Dragneel Outfit	707ef2c74936	纳兹灭龙外套	accepted	legacy/translations/overrides.tsv	6	
taiwan	table_text_all_data.rdf	3:70002150:0	Used by DragonSlayer Natsu, the son of a Dragon.	df12df04b912	纳兹灭龙外套，龙之子纳兹专用。	accepted	legacy/translations/overrides.tsv	7	
taiwan	table_text_all_data.rdf	3:7000231:0	Nika Smoke	886ab141960e	尼卡烟雾	accepted	legacy/translations/overrides.tsv	8	
taiwan	table_text_all_data.rdf	5:44982101:0	Krillin	a100b970f280	克林	accepted	legacy/translations/overrides.tsv	9	
taiwan	table_text_all_data.rdf	3:70002270:0	Featuring One Piece in EggHead	f0aa95cc3a50	以《海贼王》为主题的背饰	accepted	legacy/translations/overrides.tsv	10	
taiwan	table_text_all_data.rdf	3:99199921:0	军配团扇造型	17567f183446	宇智波团扇造型	accepted	legacy/translations/overrides.tsv	11	
taiwan	table_text_all_data.rdf	3:111704270:0	黑星龙珠	04db9cf51c05	六道求道玉	accepted	legacy/translations/overrides.tsv	12	
taiwan	table_text_all_data.rdf	8:621:0	真属性防御上升%d%%	de015e55c09a	冰属性防御上升%d%%	accepted	legacy/translations/overrides.tsv	13	
taiwan	table_text_all_data.rdf	8:622:0	奇属性防御上升%d%%	dc65fb30cce9	雷属性防御上升%d%%	accepted	legacy/translations/overrides.tsv	14	
taiwan	table_text_all_data.rdf	8:623:0	猛属性防御上升%d%%	19e5713f5e87	风属性防御上升%d%%	accepted	legacy/translations/overrides.tsv	15	
taiwan	table_text_all_data.rdf	8:624:0	丽属性防御上升%d%%	59afddef3e2d	水属性防御上升%d%%	accepted	legacy/translations/overrides.tsv	16	
taiwan	table_text_all_data.rdf	8:625:0	乐属性防御上升%d%%	997b9f1ff45e	火属性防御上升%d%%	accepted	legacy/translations/overrides.tsv	17	
taiwan	table_text_all_data.rdf	8:672:0	真属性攻击 %d%% 增加	e5d70a7f427a	冰属性攻击 %d%% 增加	accepted	legacy/translations/overrides.tsv	18	
taiwan	table_text_all_data.rdf	8:673:0	奇属性攻击 %d%% 增加	ed069756c3ca	雷属性攻击 %d%% 增加	accepted	legacy/translations/overrides.tsv	19	
taiwan	table_text_all_data.rdf	8:674:0	猛属性攻击 %d%% 增加	93a041ac7e03	风属性攻击 %d%% 增加	accepted	legacy/translations/overrides.tsv	20	
taiwan	table_text_all_data.rdf	8:675:0	丽属性攻击 %d%% 增加	5b3934e085ee	水属性攻击 %d%% 增加	accepted	legacy/translations/overrides.tsv	21	
taiwan	table_text_all_data.rdf	8:676:0	乐属性攻击 %d%% 增加	f65260d2cea5	火属性攻击 %d%% 增加	accepted	legacy/translations/overrides.tsv	22	
taiwan	table_text_all_data.rdf	8:826:0	真属性防御减少%d%%	7a0c1de1aea1	冰属性防御减少%d%%	accepted	legacy/translations/overrides.tsv	23	
taiwan	table_text_all_data.rdf	8:827:0	奇属性防御减少%d%%	fc200e887bb4	雷属性防御减少%d%%	accepted	legacy/translations/overrides.tsv	24	
taiwan	table_text_all_data.rdf	8:828:0	猛属性防御减少%d%%	b9678a6a42a7	风属性防御减少%d%%	accepted	legacy/translations/overrides.tsv	25	
taiwan	table_text_all_data.rdf	8:829:0	丽属性防御减少%d%%	23448fe15a2a	水属性防御减少%d%%	accepted	legacy/translations/overrides.tsv	26	
taiwan	table_text_all_data.rdf	8:830:0	乐属性防御减少%d%%	df8892276da0	火属性防御减少%d%%	accepted	legacy/translations/overrides.tsv	27	
taiwan	table_text_all_data.rdf	8:62101:0	真属性防御上升(%)	e1db2d60e7ca	冰属性防御上升(%)	accepted	legacy/translations/overrides.tsv	28	
taiwan	table_text_all_data.rdf	8:62201:0	奇属性防御上升(%)	075e57a18fee	雷属性防御上升(%)	accepted	legacy/translations/overrides.tsv	29	
taiwan	table_text_all_data.rdf	8:62301:0	猛属性防御上升(%)	05b1e44eb25d	风属性防御上升(%)	accepted	legacy/translations/overrides.tsv	30	
taiwan	table_text_all_data.rdf	8:62401:0	丽属性防御上升(%)	f42f170f3bea	水属性防御上升(%)	accepted	legacy/translations/overrides.tsv	31	
taiwan	table_text_all_data.rdf	8:62501:0	乐属性防御上升(%)	1479e02bf811	火属性防御上升(%)	accepted	legacy/translations/overrides.tsv	32	
taiwan	table_text_all_data.rdf	8:67201:0	增加真属性防御(%)	f7472a039c36	增加冰属性防御(%)	accepted	legacy/translations/overrides.tsv	33	
taiwan	table_text_all_data.rdf	8:67301:0	增加奇属性攻击(%)	d614e9082946	增加雷属性攻击(%)	accepted	legacy/translations/overrides.tsv	34	
taiwan	table_text_all_data.rdf	8:67401:0	增加猛属性攻击(%)	ed1c2f22b8b4	增加风属性攻击(%)	accepted	legacy/translations/overrides.tsv	35	
taiwan	table_text_all_data.rdf	8:67501:0	增加丽属性攻击(%)	729588556273	增加水属性攻击(%)	accepted	legacy/translations/overrides.tsv	36	
taiwan	table_text_all_data.rdf	8:67601:0	增加要属性攻击(%)	34f49cf02c63	增加火属性攻击(%)	accepted	legacy/translations/overrides.tsv	37	
taiwan	table_text_all_data.rdf	8:62100000:0	真属性防御上升 %s。	664a4f4e87f2	冰属性防御上升 %s。	accepted	legacy/translations/overrides.tsv	38	
taiwan	table_text_all_data.rdf	8:62100001:0	的真属性防御上升 %s。	372e9dbb350a	的冰属性防御上升 %s。	accepted	legacy/translations/overrides.tsv	39	
taiwan	table_text_all_data.rdf	8:62200000:0	奇属性防御上升 %s。	21d837dfd4ef	雷属性防御上升 %s。	accepted	legacy/translations/overrides.tsv	40	
taiwan	table_text_all_data.rdf	8:62200001:0	的奇属性防御上升 %s。	5f01541e0c46	的雷属性防御上升 %s。	accepted	legacy/translations/overrides.tsv	41	
taiwan	table_text_all_data.rdf	8:62300000:0	猛属性防御上升 %s。	803036fecd3d	风属性防御上升 %s。	accepted	legacy/translations/overrides.tsv	42	
taiwan	table_text_all_data.rdf	8:62300001:0	的猛属性防御上升 %s。	a4850644b05f	的风属性防御上升 %s。	accepted	legacy/translations/overrides.tsv	43	
taiwan	table_text_all_data.rdf	8:62400000:0	丽属性防御上升 %s。	587240d6bd9d	水属性防御上升 %s。	accepted	legacy/translations/overrides.tsv	44	
taiwan	table_text_all_data.rdf	8:62400001:0	的丽属性防御上升 %s。	a8cf3b505e45	的水属性防御上升 %s。	accepted	legacy/translations/overrides.tsv	45	
taiwan	table_text_all_data.rdf	8:62500000:0	乐属性防御上升 %s。	48be48f617f0	火属性防御上升 %s。	accepted	legacy/translations/overrides.tsv	46	
taiwan	table_text_all_data.rdf	8:62500001:0	的乐属性防御上升 %s。	918510f6af54	的火属性防御上升 %s。	accepted	legacy/translations/overrides.tsv	47	
taiwan	table_text_all_data.rdf	8:67200000:0	真属性攻击增加 %s。	a7223a4546b9	冰属性攻击增加 %s。	accepted	legacy/translations/overrides.tsv	48	
taiwan	table_text_all_data.rdf	8:67200001:0	的真属性攻击增加 %s。	81a4f7752d32	的冰属性攻击增加 %s。	accepted	legacy/translations/overrides.tsv	49	
taiwan	table_text_all_data.rdf	8:67300000:0	奇属性攻击增加 %s。	a86a9fdd7de8	雷属性攻击增加 %s。	accepted	legacy/translations/overrides.tsv	50	
taiwan	table_text_all_data.rdf	8:67300001:0	的奇属性攻击增加 %s。	bf6cbf847d00	的雷属性攻击增加 %s。	accepted	legacy/translations/overrides.tsv	51	
taiwan	table_text_all_data.rdf	8:67400000:0	猛属性攻击增加 %s。	96018667e932	风属性攻击增加 %s。	accepted	legacy/translations/overrides.tsv	52	
taiwan	table_text_all_data.rdf	8:67400001:0	的猛属性攻击增加 %s。	8444b48f71a1	的风属性攻击增加 %s。	accepted	legacy/translations/overrides.tsv	53	
taiwan	table_text_all_data.rdf	8:67500000:0	丽属性攻击增加 %s。	e28b292d07f4	水属性攻击增加 %s。	accepted	legacy/translations/overrides.tsv	54	
taiwan	table_text_all_data.rdf	8:67500001:0	的丽属性攻击增加 %s。	8570863c49fd	的水属性攻击增加 %s。	accepted	legacy/translations/overrides.tsv	55	
taiwan	table_text_all_data.rdf	8:67600000:0	乐属性攻击增加 %s。	7eeb66e12d44	火属性攻击增加 %s。	accepted	legacy/translations/overrides.tsv	56	
taiwan	table_text_all_data.rdf	8:67600001:0	的乐属性攻击增加 %s。	1011b591cb5f	的火属性攻击增加 %s。	accepted	legacy/translations/overrides.tsv	57	
taiwan	table_text_all_data.rdf	8:82600000:0	真属性防御减少 %s。	1817e079a0db	冰属性防御减少 %s。	accepted	legacy/translations/overrides.tsv	58	
taiwan	table_text_all_data.rdf	8:82600001:0	的真属性防御减少 %s。	b7891094e5f5	的冰属性防御减少 %s。	accepted	legacy/translations/overrides.tsv	59	
taiwan	table_text_all_data.rdf	8:82700000:0	奇属性防御减少 %s。	e5fc742b08f8	雷属性防御减少 %s。	accepted	legacy/translations/overrides.tsv	60	
taiwan	table_text_all_data.rdf	8:82700001:0	的奇属性防御减少  %s。	f49c5664c9f0	的雷属性防御减少  %s。	accepted	legacy/translations/overrides.tsv	61	
taiwan	table_text_all_data.rdf	8:82800000:0	猛性防御减少  %s。	6eabf76a8595	风属性防御减少  %s。	accepted	legacy/translations/overrides.tsv	62	
taiwan	table_text_all_data.rdf	8:82800001:0	的猛属性防御减少  %s。	9c4aa469d0d2	的风属性防御减少  %s。	accepted	legacy/translations/overrides.tsv	63	
taiwan	table_text_all_data.rdf	8:82900000:0	丽属性防御减少  %s。	52b0f990f52a	水属性防御减少  %s。	accepted	legacy/translations/overrides.tsv	64	
taiwan	table_text_all_data.rdf	8:82900001:0	的丽属性防御减少  %s。	5b6f116a0301	的水属性防御减少  %s。	accepted	legacy/translations/overrides.tsv	65	
taiwan	table_text_all_data.rdf	8:83000000:0	乐属性防御减少 %s。	037efe62a45e	火属性防御减少 %s。	accepted	legacy/translations/overrides.tsv	66	
taiwan	table_text_all_data.rdf	8:83000001:0	的乐属性防御减少  %s。	dac3c9658867	的火属性防御减少  %s。	accepted	legacy/translations/overrides.tsv	67	
taiwan	local_data.dat	DST_SKILL_TRANSFORM_USE_INFO_FLAG_ABLE_WHEN_EVIL_NAMEK	[Usable while in Evil Namek form]	14c6e1e89291	[邪恶那美克星人形态下可使用]	accepted	legacy/translations/overrides.tsv	68	
taiwan	local_data.dat	DST_SKILL_TRANSFORM_USE_INFO_FLAG_ABLE_WHEN_EVIL_BOO	[Usable while in Super Boo form]	36d4fbaeb75b	[超级布欧形态下可使用]	accepted	legacy/translations/overrides.tsv	69	
taiwan	local_data.dat	DST_SKILL_TRANSFORM_USE_INFO_FLAG_ABLE_WHEN_SUPER_SAIYANBLUE	[Usable while in Super Saiyan Blue form]	36ea8afeaf22	[超级赛亚人蓝色形态下可使用]	accepted	legacy/translations/overrides.tsv	70	
taiwan	local_data.dat	DST_SKILL_TRANSFORM_USE_INFO_FLAG_ABLE_WHEN_SUPER_SAIYAN33	[Usable while in Super Saiyan 3 form]	c44d4ff7e569	[超级赛亚人3形态下可使用]	accepted	legacy/translations/overrides.tsv	71	
taiwan	local_data.dat	DST_SKILL_TRANSFORM_USE_INFO_FLAG_ABLE_WHEN_SUPER_SAIYAN3	[Usable while in Super Saiyan God form]	7b440a63a68a	[超级赛亚人之神形态下可使用]	accepted	legacy/translations/overrides.tsv	72	
taiwan	local_data.dat	DST_SKILL_TRANSFORM_USE_INFO_FLAG_ABLE_WHEN_BUUHAN_SKIN	[Usable while in Buuhan Skin form]	bfc2a9ef0db4	[布欧悟饭皮肤形态下可使用]	accepted	legacy/translations/overrides.tsv	73	
taiwan	local_data.dat	DST_SKILL_TRANSFORM_USE_INFO_FLAG_ABLE_WHEN_SUPER_SAIYAN4	[Usable while in Super Saiyan 4 form]	9adec24fa5e3	[超级赛亚人4形态下可使用]	accepted	legacy/translations/overrides.tsv	74	
taiwan	local_data.dat	DST_SKILL_TRANSFORM_USE_INFO_FLAG_ABLE_WHEN_SUPER_BOO	[Usable while in Buuhan form]	cab6236a5e67	[布欧悟饭形态下可使用]	accepted	legacy/translations/overrides.tsv	75	
taiwan	local_data.dat	DST_SKILL_TRANSFORM_USE_INFO_FLAG_ABLE_WHEN_BUUHAN_SKIN2	[Usable while in Buuhan Skin 2 form]	c61386085fdc	[布欧悟饭皮肤2形态下可使用]	accepted	legacy/translations/overrides.tsv	76	
taiwan	local_data.dat	DST_SKILL_TRANSFORM_USE_INFO_FLAG_ABLE_WHEN_GREAT_ORANGE	[Usable while in Great Orange form]	f39c48446fa9	[巨大橙色形态下可使用]	accepted	legacy/translations/overrides.tsv	77	
taiwan	local_data.dat	DST_SKILL_TRANSFORM_USE_INFO_FLAG_ABLE_WHEN_DARK_NAMEK	[Usable while in Dark Namek form]	4b624c9ee171	[黑暗那美克星人形态下可使用]	accepted	legacy/translations/overrides.tsv	78	
taiwan	local_data.dat	DST_SKILL_TRANSFORM_USE_INFO_FLAG_ABLE_WHEN_GOTENKS_BOO_FIS	[Usable while in Gotenks Boo Fighter form]	99e115f30a5e	[悟天克斯布欧格斗形态下可使用]	accepted	legacy/translations/overrides.tsv	79	
taiwan	local_data.dat	DST_SKILL_TRANSFORM_USE_INFO_FLAG_ABLE_WHEN_GOTENKS_BOO_MAG	[Usable while in Gotenks Boo Mystic form]	f467c3d5e114	[悟天克斯布欧秘术形态下可使用]	accepted	legacy/translations/overrides.tsv	80	
taiwan	local_data.dat	DST_SKILL_TRANSFORM_USE_INFO_FLAG_ABLE_WHEN_SUPER_SAIYANROSE	[Usable while in Super Saiyan Rose form]	b723510b5e20	[超级赛亚人桃红形态下可使用]	accepted	legacy/translations/overrides.tsv	81	
taiwan	local_data.dat	DST_SKILL_TRANSFORM_USE_INFO_FLAG_ABLE_WHEN_MYSTIC_MAJIN	[Usable while in Mystic Majin form]	4ffefebb139f	[神秘魔人形态下可使用]	accepted	legacy/translations/overrides.tsv	82	
taiwan	local_data.dat	DST_SKILL_TRANSFORM_USE_INFO_FLAG_ABLE_WHEN_SUPER_BOO2	[Usable while in Super Boo 2 form]	b3b5f2c1efd7	[超级布欧2形态下可使用]	accepted	legacy/translations/overrides.tsv	83	
taiwan	local_data.dat	DST_SKILL_TRANSFORM_USE_INFO_FLAG_ABLE_WHEN_SUPER_SAIYAN2	[Usable while in Super Saiyan 2 form]	2aa26571b6bc	[超级赛亚人2形态下可使用]	accepted	legacy/translations/overrides.tsv	84	
taiwan	local_data.dat	DST_SKILL_TRANSFORM_USE_INFO_FLAG_ABLE_WHEN_SUPER_SAIYANL	[Usable while in Super Saiyan Legendary form]	529e78dc0d52	[传说超级赛亚人形态下可使用]	accepted	legacy/translations/overrides.tsv	85	
taiwan	local_data.dat	DST_SKILL_TRANSFORM_USE_INFO_FLAG_ABLE_WHEN_BIG_MONKEY	[Usable while in Oozaru form]	c4fa5cae2ec3	[大猿形态下可使用]	accepted	legacy/translations/overrides.tsv	86	
taiwan	local_data.dat	DST_SKILL_TRANSFORM_USE_INFO_FLAG_ABLE_WHEN_KING_NAMEK	[Usable while in Orange Namek form]	d94a9ecc5273	[橙色那美克星人形态下可使用]	accepted	legacy/translations/overrides.tsv	87	
taiwan	local_data.dat	DST_SKILL_TRANSFORM_USE_INFO_FLAG_ABLE_WHEN_SUPER_SAIYANMAJIN	[Usable while in Majin Super Saiyan form]	74c8d536e979	[魔人超级赛亚人形态下可使用]	accepted	legacy/translations/overrides.tsv	89	
taiwan	local_data.dat	DST_SKILL_TRANSFORM_USE_INFO_FLAG_ABLE_WHEN_SUPER_SAIYANNAMEK	[Usable while in Namek Super Saiyan form]	b30cf6e00e9e	[那美克超级赛亚人形态下可使用]	accepted	legacy/translations/overrides.tsv	90	
taiwan	local_sync_data.dat	GAME_SKILL_CANT_USE_SKILL_WHEN_SUPER_SAIYAN2	CNTEST_LS_004	e7228e7e4db1	超级赛亚人2形态下不能使用技能。	accepted	legacy/translations/overrides.tsv	92	
taiwan	local_sync_data.dat	GAME_SKILL_CANT_USE_SKILL_WHEN_SUPER_BOO2	CNTEST_LS_005	7c00a378eb3d	超级布欧2形态下不能使用技能。	accepted	legacy/translations/overrides.tsv	93	
taiwan	local_sync_data.dat	GAME_SKILL_CANT_USE_SKILL_WHEN_KING_NAMEK	CNTEST_LS_006	5e34fa669c6c	橙色那美克星人形态下不能使用技能。	accepted	legacy/translations/overrides.tsv	94	
taiwan	local_sync_data.dat	GAME_CANNOT_TOGGLE_AURA_WITH_KAIOKEN	CNTEST_LS_007	7846001f4b8f	界王拳状态下不能切换气场。	accepted	legacy/translations/overrides.tsv	95	
taiwan	local_sync_data.dat	GAME_SKILL_CANT_USE_SKILL_WHEN_SUPER_SAIYANBLUE	CNTEST_LS_008	d398600280e2	超级赛亚人蓝色形态下不能使用技能。	accepted	legacy/translations/overrides.tsv	96	
taiwan	local_sync_data.dat	GAME_SKILL_CANT_USE_SKILL_WHEN_SUPER_BOO	CNTEST_LS_010	a19d0674fe75	布欧悟饭形态下不能使用技能。	accepted	legacy/translations/overrides.tsv	97	
taiwan	table_text_all_data.rdf	3:1510120:0	Super Saiyan Blue	e3d83892aa72	超级赛亚人蓝色	accepted	legacy/translations/overrides.tsv	98	
taiwan	table_text_all_data.rdf	7:1510120:0	Super Saiyan Blue	e3d83892aa72	超级赛亚人蓝色	accepted	legacy/translations/overrides.tsv	99	
taiwan	local_data.dat	GAME_SKILL_NOT_READY_TO_BE_CAST	Skill is still on cooldown.	f78a958acb75	技能仍在冷却中。	accepted	legacy/translations/overrides.tsv	100	
taiwan	local_sync_data.dat	GAME_SKILL_NOT_READY_TO_BE_CAST	Skill is still on cooldown.	f78a958acb75	技能仍在冷却中。	accepted	legacy/translations/overrides.tsv	101	
taiwan	local_data.dat	DST_SCS_LOGIN_ALERT	"[align = """"center""""][font size = """"12"""" color=""""f4d762""""]Bot Check Required[/font][br][br][font size = """"9"""" color=""""ffffff""""]To receive experience and item drops,[br]you must complete the Bot Verification.[br][br]Complete it once for 1 hour of immunity![/font]"	02067bb78321	"[align = """"center""""][font size = """"12"""" color=""""f4d762""""]需要机器人验证[/font][br][br][font size = """"9"""" color=""""ffffff""""]若要获得经验和物品掉落，[br]必须完成机器人验证。[br][br]完成一次后可获得1小时免验证时间！[/font]"	accepted	legacy/translations/overrides.tsv	104	
taiwan	local_data.dat	GAME_SCS_CHECK_FAIL	Verification failed.	a1be62161fb3	验证失败。	accepted	legacy/translations/overrides.tsv	105	
taiwan	local_data.dat	DST_BATTLEATTR_ATTACK_RATE_TARGET	属性防御 攻击力增加 %.0f%%	fccd8950f1c8	属性攻击力增加 %.0f%%	accepted	legacy/translations/overrides.tsv	108	
taiwan	local_data.dat	DST_BATTLEATTR_DEFENCE_RATE_TARGET	属性攻击 防御力增加 %.0f%%	2c54e5d8ecf4	属性防御力增加 %.0f%%	accepted	legacy/translations/overrides.tsv	109	
taiwan	local_data.dat	DST_MAILSYSTEM_TOOLTIP_RECEIVE_ALL	Receive items and Zeni from eligible mail (up to 6 per use, 15s cooldown).	f3ab123119b0	从符合条件的邮件领取道具和索尼（每次最多6封，冷却15秒）。	accepted	legacy/translations/overrides.tsv	112	
taiwan	local_data.dat	DST_MAILSYSTEM_TOOLTIP_DELETE_RESOLVED	Delete resolved mail in batches of 6.	4570d66a7063	批量删除已处理邮件，每次最多6封。	accepted	legacy/translations/overrides.tsv	113	
taiwan	local_data.dat	DST_MAILSYSTEM_MSG_RECEIVE_ALL_COOLDOWN	Please wait 15 seconds before trying again.	06759fe52750	请等待15秒后再试。	accepted	legacy/translations/overrides.tsv	114	
taiwan	local_data.dat	DST_MAILSYSTEM_MSG_RECEIVE_ALL_NONE	No mail available to receive.	e33d4a62ec75	没有可领取的邮件。	accepted	legacy/translations/overrides.tsv	115	
taiwan	local_data.dat	DST_MAILSYSTEM_MSG_DELETE_RESOLVED_NONE	No resolved mail to delete.	34616b137b69	没有可删除的已处理邮件。	accepted	legacy/translations/overrides.tsv	116	
taiwan	local_data.dat	DST_DOGI_ASK_APPLY_CHANGE	DOGIPROBE_001	fb24194f71f0	时装确认应用变更	accepted	legacy/translations/overrides.tsv	117	
taiwan	local_data.dat	DST_DOGI_CHANGED	DOGIPROBE_002	7cdc068210e5	时装已变更	accepted	legacy/translations/overrides.tsv	118	
taiwan	local_data.dat	DST_DOGI_COLOR	DOGIPROBE_003	e0bd41748c0c	时装颜色	accepted	legacy/translations/overrides.tsv	119	
taiwan	local_data.dat	DST_DOGI_EXPAIN_DYE	DOGIPROBE_004	3351cab8632b	时装说明染色	accepted	legacy/translations/overrides.tsv	120	
taiwan	local_data.dat	DST_DOGI_MUST_REGI_DOGI_SLOT	DOGIPROBE_005	c735fbceaf96	时装必须登记时装栏位	accepted	legacy/translations/overrides.tsv	121	
taiwan	local_data.dat	DST_DOGI_ONLY_REGISTER_DYE_ITEM	DOGIPROBE_006	eff45daa0e01	时装仅登记染色道具	accepted	legacy/translations/overrides.tsv	122	
taiwan	local_data.dat	DST_DOGI_PREVIEW	DOGIPROBE_007	05ff788a7ddf	时装预览	accepted	legacy/translations/overrides.tsv	123	
taiwan	local_data.dat	DST_DOGI_SETUP	DOGIPROBE_008	909f42084e4c	时装设置	accepted	legacy/translations/overrides.tsv	124	
taiwan	local_data.dat	DST_DOGI_YOU_MUST_GET_DOGI_CHANGE_FUNCTION	DOGIPROBE_009	8705d55551da	时装你必须获得时装变更功能	accepted	legacy/translations/overrides.tsv	125	
taiwan	local_data.dat	DST_DOGI_YOU_MUST_GET_DOGI_FUNCTION	DOGIPROBE_010	b00e7b73cefd	时装你必须获得时装功能	accepted	legacy/translations/overrides.tsv	126	
taiwan	local_data.dat	DST_DOGI_YOU_MUST_GET_DOJO_DOGI_CHANGE_FUNCTION	DOGIPROBE_011	8474a02ea8d1	时装你必须获得道场时装变更功能	accepted	legacy/translations/overrides.tsv	127	
taiwan	local_data.dat	DST_DOGI_YOU_MUST_GET_DOJO_DOGI_FUNCTION	DOGIPROBE_012	d419fe079c8c	时装你必须获得道场时装功能	accepted	legacy/translations/overrides.tsv	128	
taiwan	local_data.dat	DST_EXP_INFO	EXP : %d / %d	27273fbc23d2	经验 : %d / %d	accepted	legacy/translations/overrides.tsv	129	
taiwan	local_data.dat	DST_GUN_MANIA	CNTEST_LD_001	1a1202235b4a	枪狂热者	accepted	legacy/translations/overrides.tsv	130	
taiwan	local_data.dat	DST_JOB_DOGI_MERCHANT	DOGIPROBE_013	6dfb91f079a4	职业时装商人	accepted	legacy/translations/overrides.tsv	131	
taiwan	local_data.dat	DST_MECH_MANIA	CNTEST_LD_003	e5db43e2f87e	机械狂热者	accepted	legacy/translations/overrides.tsv	132	
taiwan	local_data.dat	DST_MULTIDIALOG_GUILDFUNCTION_CAN_CHANGE_DOGI	DOGIPROBE_014	ede1368818b5	对话公会功能可以变更时装	accepted	legacy/translations/overrides.tsv	133	
taiwan	local_data.dat	DST_MULTIDIALOG_GUILDFUNCTION_MAKE_DOGI	DOGIPROBE_015	f2ce60ee6898	对话公会功能制作时装	accepted	legacy/translations/overrides.tsv	134	
taiwan	local_data.dat	DST_TELEPORT_TYPE_COMMAND	COMMAND	2e4854d8dd31	命令	accepted	legacy/translations/overrides.tsv	135	
taiwan	local_data.dat	DST_TELEPORT_TYPE_TIMEQUEST	TIMEQUEST	540dc8676286	时光任务	accepted	legacy/translations/overrides.tsv	136	
taiwan	local_data.dat	DST_DWC_CONDITION_RB_STRAIGHTWIN	%d Streak	c073b0fb4ec3	%d连胜	accepted	legacy/translations/overrides.tsv	137	
taiwan	local_data.dat	DST_DOJO_UPGRADE_CURENT_LEVEL_5	CNTEST_LD_007	0339dff360d7	道场升级当前等级	accepted	legacy/translations/overrides.tsv	138	
taiwan	local_data.dat	DST_EQUIP_SLOT_TYPE_DOGI	DOGIPROBE_016	fe5a157941a7	装备栏位类型时装	accepted	legacy/translations/overrides.tsv	139	
taiwan	local_data.dat	DST_DWC_PLAYER_COUNT_TEXT	%d ~ %d players	ce5a68b09087	%d ~ %d名玩家	accepted	legacy/translations/overrides.tsv	140	
taiwan	local_data.dat	DST_DRAGONBALL_SCRAMBLE_GAIN_BUDOJI_MILEAGE	Earned %d Mudosa	a6d4ea299743	获得%d武道币	accepted	legacy/translations/overrides.tsv	141	
taiwan	local_data.dat	DST_EQUIP_SLOT_TAIL	CNTEST_LD_020	c1aa06f4939f	装备栏位尾巴	accepted	legacy/translations/overrides.tsv	142	
taiwan	local_data.dat	DST_DRAGONBALL_SCRAMBLE_DROP_MSG	Dragon Ball Lost!!	90dd6f552b46	龙珠丢失!!	accepted	legacy/translations/overrides.tsv	143	
taiwan	local_data.dat	DST_DRAGONBALL_SCRAMBLE_I_AM_NOT_PLAYER	Not Scramble Participant	1afb3a369de4	非龙珠争夺战参与者	accepted	legacy/translations/overrides.tsv	144	
taiwan	local_data.dat	DST_DRAGONBALL_SCRAMBLE_CONFIRM_DROP_3	PK Impossible to Enter	9be04c9e56a4	PK状态无法进入	accepted	legacy/translations/overrides.tsv	145	
taiwan	local_data.dat	DST_DWC_CARD_GRADE_04	Rare	cce370d2f978	稀有	accepted	legacy/translations/overrides.tsv	146	
taiwan	local_data.dat	DST_DRAGONBALL_SCRAMBLE_CONFIRM_DROP_1	Fainted	9e3b252e1088	昏迷	accepted	legacy/translations/overrides.tsv	147	
taiwan	local_data.dat	DST_OPTION_OKEFFECT	Apply Only Effect	51c95289c002	仅应用效果	accepted	legacy/translations/overrides.tsv	148	
taiwan	local_data.dat	DST_DWC_CARD_GRADE_02	Uncommon	630e0b25835d	普通	accepted	legacy/translations/overrides.tsv	149	
taiwan	local_data.dat	DST_DWC_CARD_GRADE	Card Grade	e5addc7251f8	卡片等级	accepted	legacy/translations/overrides.tsv	150	
taiwan	local_data.dat	DST_DRAGONBALL_SCRAMBLE_CONFIRM_GET_1	Dropped To pick up	db3ac38bd5a1	已掉落，可拾取	accepted	legacy/translations/overrides.tsv	151	
taiwan	local_data.dat	DST_EQUIP_SLOT_TYPE_NECKLACE	Necklace	200b37cbaa9c	项链	accepted	legacy/translations/overrides.tsv	152	
taiwan	local_data.dat	DST_EQUIP_SLOT_TYPE_ACCESSORY2	Accessory 2 - Richness	743ac3dc0393	饰品2 - 富饶	accepted	legacy/translations/overrides.tsv	153	
taiwan	local_data.dat	DST_DROPITEM_ZENNY	%s Zeni	d89500f73efb	%s索尼	accepted	legacy/translations/overrides.tsv	154	
taiwan	local_data.dat	DST_DWC_FIELD_ENTER_COMMAND	Enter DWC	fb3f63aa7915	进入DWC	accepted	legacy/translations/overrides.tsv	155	
taiwan	local_data.dat	DST_OPTION_PERF_PLAYER_FILTER_PARTY	Party Only	58d840480dff	组队专用	accepted	legacy/translations/overrides.tsv	156	
taiwan	local_data.dat	DST_DWC_TARGET	Target	61ad50a9b918	目标	accepted	legacy/translations/overrides.tsv	157	
taiwan	local_data.dat	DST_TAIL	Tail	b0bf12d8d3c3	尾巴	accepted	legacy/translations/overrides.tsv	158	
taiwan	local_data.dat	DST_EQUIP_SLOT_TYPE_RING	Ring	96ddaccf581f	戒指	accepted	legacy/translations/overrides.tsv	159	
taiwan	local_data.dat	DST_DWC_CARD_GRADE_05	Legendary	b7e8916505bf	传说	accepted	legacy/translations/overrides.tsv	160	
taiwan	local_data.dat	DST_EQUIP_SLOT_TYPE_SOUL	Soul	0cae74dd2ee6	灵魂	accepted	legacy/translations/overrides.tsv	161	
taiwan	local_data.dat	DST_DRUM	Drum	32bad1d2cace	鼓	accepted	legacy/translations/overrides.tsv	162	
taiwan	local_data.dat	DST_EQUIP_SLOT_TYPE_HAND	Weapon	ead533685e26	武器	accepted	legacy/translations/overrides.tsv	163	
taiwan	local_data.dat	DST_EQUIP_SLOT_TYPE_SCOUTER	Scouter	8bcb090d6225	探测器	accepted	legacy/translations/overrides.tsv	164	
taiwan	local_data.dat	DST_EQUIP_SLOT_TYPE_PANTS	Pants	e18669a6edbc	裤子	accepted	legacy/translations/overrides.tsv	165	
taiwan	local_data.dat	DST_EQUIP_SLOT_TYPE_EARRING	Earring	78569bec2913	耳环	accepted	legacy/translations/overrides.tsv	166	
taiwan	local_data.dat	DST_ENGINEER	Engineer	05fc94b0147f	工程师	accepted	legacy/translations/overrides.tsv	167	
taiwan	local_data.dat	DST_EQUIP_SLOT_TYPE_BOOTS	Shoes	664785616853	鞋子	accepted	legacy/translations/overrides.tsv	168	
taiwan	local_data.dat	DST_DOJO_UPGRADE_NEED_ITEM	Upgrade Stone	5b466ecc5c8f	升级石	accepted	legacy/translations/overrides.tsv	169	
taiwan	local_data.dat	DST_DOJO_UPGRADE	Upgrade	a6f47e00e036	升级	accepted	legacy/translations/overrides.tsv	170	
taiwan	local_data.dat	DST_EQUIP_SLOT_TYPE_HAIR	Hair	e5be3c10962e	发型	accepted	legacy/translations/overrides.tsv	171	
taiwan	local_data.dat	DST_BUDOKAI_NOTICE_GUIDE_TIME	Time	6c82e6dd8680	时间	accepted	legacy/translations/overrides.tsv	172	
taiwan	local_data.dat	GAME_GUILD_DOGI_ARLEADY_CREATED	DOGIPROBE_017	5ea6dba32ab5	公会时装已已创建	accepted	legacy/translations/overrides.tsv	173	
taiwan	local_data.dat	GAME_GUILD_DOGI_CHANGE_FUNCTION_NEED	DOGIPROBE_018	62a47bbd5d55	公会时装变更功能需要	accepted	legacy/translations/overrides.tsv	174	
taiwan	local_data.dat	GAME_GUILD_DOGI_NOT_CREATED	DOGIPROBE_019	339ae510140b	公会时装未已创建	accepted	legacy/translations/overrides.tsv	175	
taiwan	local_data.dat	GAME_GUILD_DOJO_DOGI_CHANGE_FUNCTION_NEED	DOGIPROBE_020	0b59840012ff	公会道场时装变更功能需要	accepted	legacy/translations/overrides.tsv	176	
taiwan	local_data.dat	GAME_SKILL_CANT_USE_SKILL_WHEN_GREAT_NAMEK	Can't use skill while great namek.	c4e591516665	不能在巨大那美克形态下使用技能。	accepted	legacy/translations/overrides.tsv	177	
taiwan	local_data.dat	GAME_SKILL_CANT_USE_SKILL_WHEN_EVIL_NAMEK	Can't use skill while evil namek.	aa65620d59cd	不能在邪恶那美克形态下使用技能。	accepted	legacy/translations/overrides.tsv	178	
taiwan	local_data.dat	GAME_SKILL_CANT_USE_SKILL_WHEN_KING_NAMEK	Can't use skill while king namek.	f84bde38135e	不能在王那美克形态下使用技能。	accepted	legacy/translations/overrides.tsv	179	
taiwan	local_data.dat	GAME_SKILL_CANT_USE_SKILL_WHEN_PURE_MAJIN	Can't use skill while pure majin.	bd54bba9106e	不能在纯粹魔人形态下使用技能。	accepted	legacy/translations/overrides.tsv	180	
taiwan	local_data.dat	GAME_SKILL_CANT_USE_SKILL_WHEN_EVIL_BOO	Can't use skill while evil boo.	179fc49d6d95	不能在邪恶布欧形态下使用技能。	accepted	legacy/translations/overrides.tsv	181	
taiwan	local_data.dat	GAME_SKILL_CANT_USE_SKILL_WHEN_SUPER_BOO	Can't use skill while super boo.	345361255e06	不能在超级布欧形态下使用技能。	accepted	legacy/translations/overrides.tsv	182	
taiwan	local_data.dat	GAME_SKILL_CANT_USE_SKILL_WHEN_SUPER_SAIYAN	Can't use skill while super saiyan.	8d2e4581e451	不能在超级赛亚人形态下使用技能。	accepted	legacy/translations/overrides.tsv	183	
taiwan	local_data.dat	GAME_SKILL_CANT_USE_SKILL_WHEN_SUPER_SAIYAN2	Can't use skill while super saiyan 2.	ed144077b345	不能在超级赛亚人2形态下使用技能。	accepted	legacy/translations/overrides.tsv	184	
taiwan	local_data.dat	GAME_SKILL_CANT_USE_SKILL_WHEN_SUPER_SAIYAN3	Can't use skill while super saiyan God.	d353edfc3b54	不能在超级赛亚人之神形态下使用技能。	accepted	legacy/translations/overrides.tsv	185	
taiwan	local_data.dat	GAME_SKILL_CANT_USE_SKILL_WHEN_SUPER_SAIYANBLUE	Can't use skill while super saiyan blue.	7a946d61a8c5	不能在超级赛亚人蓝形态下使用技能。	accepted	legacy/translations/overrides.tsv	186	
taiwan	local_data.dat	GAME_SKILL_CANT_USE_SKILL_WHEN_SUPER_SAIYANROSE	Can't use skill while super saiyan rose.	b2c917973715	不能在超级赛亚人桃红形态下使用技能。	accepted	legacy/translations/overrides.tsv	187	
taiwan	local_data.dat	GAME_SKILL_CANT_USE_SKILL_WHEN_SUPER_SAIYAN33	Can't use skill while super saiyan god super saiyan.	ca9a37bbf96e	不能在超级赛亚人蓝形态下使用技能。	accepted	legacy/translations/overrides.tsv	188	
taiwan	local_data.dat	GAME_SKILL_CANT_USE_SKILL_WHEN_SUPER_SAIYAN4	Can't use skill while super saiyan 4.	1d9e33c38050	不能在超级赛亚人4形态下使用技能。	accepted	legacy/translations/overrides.tsv	189	
taiwan	local_data.dat	GAME_SKILL_CANT_USE_SKILL_WHEN_SUPER_BOO2	Can't use skill while super boo 2.	0ea3f8da8c35	不能在超级布欧2形态下使用技能。	accepted	legacy/translations/overrides.tsv	190	
taiwan	local_data.dat	GAME_SKILL_CANT_USE_SKILL_WHEN_BUUHAN_SKIN	Can't use skill while buuhan.	498a15dde7d6	不能在布欧悟饭形态下使用技能。	accepted	legacy/translations/overrides.tsv	191	
taiwan	local_data.dat	GAME_SKILL_CANT_USE_SKILL_WHEN_BUUHAN_SKIN2	Can't use skill while buuhan 2.	7059f89e9b40	不能在布欧悟饭2形态下使用技能。	accepted	legacy/translations/overrides.tsv	192	
taiwan	local_data.dat	GAME_SKILL_CANT_USE_SKILL_WHEN_GOTENKS_BOO_FIS	Can't use skill while gotenks boo.	a6c331d4c0a8	不能在悟天克斯布欧形态下使用技能。	accepted	legacy/translations/overrides.tsv	193	
taiwan	local_data.dat	GAME_SKILL_CANT_USE_SKILL_WHEN_GOTENKS_BOO_MAG	Can't use skill while gotenks boo magic.	219c549949c7	不能在悟天克斯布欧魔法形态下使用技能。	accepted	legacy/translations/overrides.tsv	194	
taiwan	local_data.dat	GAME_SKILL_CANT_USE_SKILL_WHEN_BIG_MONKEY	Can't use skill while great ape.	cf28ad1ec799	不能在大猿形态下使用技能。	accepted	legacy/translations/overrides.tsv	195	
taiwan	local_data.dat	GAME_SKILL_CANT_USE_SKILL_WHEN_DARK_NAMEK	Can't use skill while dark namek.	194c1f6943ac	不能在黑暗那美克形态下使用技能。	accepted	legacy/translations/overrides.tsv	196	
taiwan	local_data.dat	GAME_SKILL_CANT_USE_SKILL_WHEN_SUPER_SAIYANL	Can't use skill while legendary super saiyan.	8ba4f56d9943	不能在传说超级赛亚人形态下使用技能。	accepted	legacy/translations/overrides.tsv	197	
taiwan	local_data.dat	GAME_SKILL_CANT_USE_SKILL_WHEN_SUPER_SAIYANMAJIN	Can't use skill while majin super saiyan.	ffb11cc3ac97	不能在魔人超级赛亚人形态下使用技能。	accepted	legacy/translations/overrides.tsv	198	
taiwan	local_data.dat	GAME_SKILL_CANT_USE_SKILL_WHEN_SUPER_SAIYANNAMEK	Can't use skill while namek super saiyan.	145b3cf6b7e6	不能在那美克超级赛亚人形态下使用技能。	accepted	legacy/translations/overrides.tsv	199	
taiwan	local_data.dat	GAME_SKILL_CANT_USE_SKILL_WHEN_GREAT_ORANGE	Can't use skill while great orange.	0ca7a4ad841d	不能在巨大橙色形态下使用技能。	accepted	legacy/translations/overrides.tsv	200	
taiwan	local_data.dat	GAME_KAIOKEN_BOOST_NOT_AVAILABLE	Kaioken Boost is not available in this form.	726f4fe17239	界王拳强化在此形态下不可用。	accepted	legacy/translations/overrides.tsv	201	
taiwan	local_data.dat	GAME_KAIOKEN_BOOST_REQUIRES_AURA	Kaioken Boost requires aura to be active.	92dee91a872f	界王拳强化需要气场处于激活状态。	accepted	legacy/translations/overrides.tsv	202	
taiwan	local_data.dat	MASCOT_FAIL_GUARD_ITEM_USE_FAIL	Failed to use guard item on mascot.	33ba79cf3cb5	未能对吉祥物使用守护道具。	accepted	legacy/translations/overrides.tsv	203	
taiwan	local_data.dat	DST_ITEM_OPTION_RESTRUCTURE_OPTION_鐭砡TITLE	Dogi Ball	b2f6db64732f	时装球	accepted	legacy/translations/overrides.tsv	204	
taiwan	local_sync_data.dat	GAME_GUILD_DOGI_ARLEADY_CREATED	DOGIPROBE_023	bfacf02adce6	公会时装已已创建	accepted	legacy/translations/overrides.tsv	205	
taiwan	local_sync_data.dat	GAME_GUILD_DOGI_CHANGE_FUNCTION_NEED	DOGIPROBE_024	6fb44c21d4ab	公会时装变更功能需要	accepted	legacy/translations/overrides.tsv	206	
taiwan	local_sync_data.dat	GAME_GUILD_DOGI_NOT_CREATED	DOGIPROBE_025	9e015df2a9df	公会时装未已创建	accepted	legacy/translations/overrides.tsv	207	
taiwan	local_sync_data.dat	GAME_GUILD_DOJO_DOGI_CHANGE_FUNCTION_NEED	DOGIPROBE_026	7a140c0dd5c2	公会道场时装变更功能需要	accepted	legacy/translations/overrides.tsv	208	
taiwan	local_sync_data.dat	GAME_GUILD_NEED_PREREQUISITE_DOJO_FUNCTION	CNTEST_LS_001	40ac340ff9ef	公会需要前置条件道场功能	accepted	legacy/translations/overrides.tsv	209	
taiwan	local_sync_data.dat	GAME_GUILD_NEED_PREREQUISITE_GUILD_FUNCTION	CNTEST_LS_002	53c40754c9fd	公会需要前置条件公会功能	accepted	legacy/translations/overrides.tsv	210	
taiwan	local_sync_data.dat	DST_CLIENT_VERSION	CNTEST_LS_009	fda2209972d9	客户端版本	accepted	legacy/translations/overrides.tsv	211	
taiwan	local_sync_data.dat	GAME_SKILL_CANT_USE_SKILL_WHEN_GOTENKS_BOO_FIS	Can't use skill while gotenks boo.	a6c331d4c0a8	不能在悟天克斯布欧形态下使用技能。	accepted	legacy/translations/overrides.tsv	212	
taiwan	local_sync_data.dat	GAME_SKILL_CANT_USE_SKILL_WHEN_DARK_NAMEK	Can't use skill while dark namek.	194c1f6943ac	不能在黑暗那美克形态下使用技能。	accepted	legacy/translations/overrides.tsv	213	
taiwan	local_sync_data.dat	GAME_SKILL_CANT_USE_SKILL_WHEN_EVIL_NAMEK	Can't use skill while evil namek.	aa65620d59cd	不能在邪恶那美克形态下使用技能。	accepted	legacy/translations/overrides.tsv	214	
taiwan	local_sync_data.dat	GAME_KAIOKEN_BOOST_NOT_AVAILABLE	Kaioken Boost is not available in this form.	726f4fe17239	界王拳强化在此形态下不可用。	accepted	legacy/translations/overrides.tsv	215	
taiwan	local_sync_data.dat	GAME_SKILL_CANT_USE_SKILL_WHEN_SUPER_SAIYAN3	Can't use skill while super saiyan God.	d353edfc3b54	不能在超级赛亚人之神形态下使用技能。	accepted	legacy/translations/overrides.tsv	216	
taiwan	local_sync_data.dat	GAME_SKILL_CANT_USE_SKILL_WHEN_SUPER_SAIYANNAMEK	Can't use skill while namek super saiyan.	145b3cf6b7e6	不能在那美克超级赛亚人形态下使用技能。	accepted	legacy/translations/overrides.tsv	217	
taiwan	local_sync_data.dat	GAME_SKILL_CANT_USE_SKILL_WHEN_BIG_MONKEY	Can't use skill while great ape.	cf28ad1ec799	不能在大猿形态下使用技能。	accepted	legacy/translations/overrides.tsv	218	
taiwan	local_sync_data.dat	GAME_SKILL_CANT_USE_SKILL_WHEN_SUPER_SAIYAN4	Can't use skill while super saiyan 4.	1d9e33c38050	不能在超级赛亚人4形态下使用技能。	accepted	legacy/translations/overrides.tsv	219	
taiwan	local_sync_data.dat	GAME_SKILL_CANT_USE_SKILL_WHEN_SUPER_SAIYANL	Can't use skill while legendary super saiyan.	8ba4f56d9943	不能在传说超级赛亚人形态下使用技能。	accepted	legacy/translations/overrides.tsv	220	
taiwan	local_sync_data.dat	GAME_SKILL_CANT_USE_SKILL_WHEN_SUPER_SAIYANMAJIN	Can't use skill while majin super saiyan.	ffb11cc3ac97	不能在魔人超级赛亚人形态下使用技能。	accepted	legacy/translations/overrides.tsv	221	
taiwan	local_sync_data.dat	GAME_SKILL_CANT_USE_SKILL_WHEN_EVIL_BOO	Can't use skill while evil boo.	179fc49d6d95	不能在邪恶布欧形态下使用技能。	accepted	legacy/translations/overrides.tsv	222	
taiwan	local_sync_data.dat	MASCOT_FAIL_GUARD_ITEM_USE_FAIL	Failed to use guard item on mascot.	33ba79cf3cb5	未能对吉祥物使用守护道具。	accepted	legacy/translations/overrides.tsv	223	
taiwan	local_sync_data.dat	GAME_SKILL_CANT_USE_SKILL_WHEN_BUUHAN_SKIN	Can't use skill while buuhan.	498a15dde7d6	不能在布欧悟饭形态下使用技能。	accepted	legacy/translations/overrides.tsv	224	
taiwan	local_sync_data.dat	GAME_SKILL_CANT_USE_SKILL_WHEN_SUPER_SAIYANROSE	Can't use skill while super saiyan rose.	b2c917973715	不能在超级赛亚人桃红形态下使用技能。	accepted	legacy/translations/overrides.tsv	225	
taiwan	local_sync_data.dat	GAME_SKILL_CANT_USE_SKILL_WHEN_GOTENKS_BOO_MAG	Can't use skill while gotenks boo magic.	219c549949c7	不能在悟天克斯布欧魔法形态下使用技能。	accepted	legacy/translations/overrides.tsv	226	
taiwan	local_sync_data.dat	GAME_SKILL_CANT_USE_SKILL_WHEN_SUPER_SAIYAN33	Can't use skill while super saiyan god super saiyan.	ca9a37bbf96e	不能在超级赛亚人蓝形态下使用技能。	accepted	legacy/translations/overrides.tsv	227	
taiwan	local_sync_data.dat	GAME_KAIOKEN_BOOST_REQUIRES_AURA	Kaioken Boost requires aura to be active.	92dee91a872f	界王拳强化需要气场处于激活状态。	accepted	legacy/translations/overrides.tsv	228	
taiwan	local_sync_data.dat	GAME_SKILL_CANT_USE_SKILL_WHEN_GREAT_ORANGE	Can't use skill while great orange.	0ca7a4ad841d	不能在巨大橙色形态下使用技能。	accepted	legacy/translations/overrides.tsv	229	
taiwan	local_sync_data.dat	GAME_SKILL_CANT_USE_SKILL_WHEN_BUUHAN_SKIN2	Can't use skill while buuhan 2.	7059f89e9b40	不能在布欧悟饭2形态下使用技能。	accepted	legacy/translations/overrides.tsv	230	
taiwan	table_text_all_data.rdf	3:3031490:0	EV Capsule Box Z64	5e20bfbee0e3	EV胶囊盒Z64	accepted	legacy/translations/overrides.tsv	231	
taiwan	table_text_all_data.rdf	3:3031500:0	EV Capsule Box Z48	c53a4933fc0c	EV胶囊盒Z48	accepted	legacy/translations/overrides.tsv	232	
taiwan	table_text_all_data.rdf	3:3031510:0	EV Capsule Box Z40	9eefcd991cc3	EV胶囊盒Z40	accepted	legacy/translations/overrides.tsv	233	
taiwan	table_text_all_data.rdf	3:7000213:0	Lucy Hair	6fe46ea5344e	露西发型	accepted	legacy/translations/overrides.tsv	234	
taiwan	table_text_all_data.rdf	3:7000214:0	Erza Hair	d12576969849	艾露莎发型	accepted	legacy/translations/overrides.tsv	235	
taiwan	table_text_all_data.rdf	3:7000217:0	Aqua Outfit	fe0bd07c6fcc	阿库娅套装	accepted	legacy/translations/overrides.tsv	236	
taiwan	table_text_all_data.rdf	3:7000220:0	Fire Wings	061b21d9d147	火翅膀	accepted	legacy/translations/overrides.tsv	237	
taiwan	table_text_all_data.rdf	3:7000230:0	Pink Outfit	34c67616b92a	粉色套装	accepted	legacy/translations/overrides.tsv	238	
taiwan	table_text_all_data.rdf	3:7000238:0	Android 21 Outfit	184907f66a1a	人造人21套装	accepted	legacy/translations/overrides.tsv	239	
taiwan	table_text_all_data.rdf	3:99199977:0	Tanjiro Hair	314e6778348a	炭治郎发型	accepted	legacy/translations/overrides.tsv	240	
taiwan	table_text_all_data.rdf	3:111600800:0	Cell Armor (Top)	440672b621e0	沙鲁盔甲(上衣)	accepted	legacy/translations/overrides.tsv	241	
taiwan	table_text_all_data.rdf	3:111600810:0	Cell Armor (Pants)	848921ffa454	沙鲁盔甲(裤子)	accepted	legacy/translations/overrides.tsv	242	
taiwan	table_text_all_data.rdf	3:111600820:0	Cell Armor (Shoes)	701ba91a2894	沙鲁盔甲(鞋子)	accepted	legacy/translations/overrides.tsv	243	
taiwan	table_text_all_data.rdf	3:111600830:0	Cell Armor (Top)	440672b621e0	沙鲁盔甲(上衣)	accepted	legacy/translations/overrides.tsv	244	
taiwan	table_text_all_data.rdf	3:111600840:0	Cell Armor (Pants)	848921ffa454	沙鲁盔甲(裤子)	accepted	legacy/translations/overrides.tsv	245	
taiwan	table_text_all_data.rdf	3:111600850:0	Cell Armor (Shoes)	701ba91a2894	沙鲁盔甲(鞋子)	accepted	legacy/translations/overrides.tsv	246	
taiwan	table_text_all_data.rdf	3:111600860:0	Cell Armor (Top)	440672b621e0	沙鲁盔甲(上衣)	accepted	legacy/translations/overrides.tsv	247	
taiwan	table_text_all_data.rdf	3:111600870:0	Cell Armor (Pants)	848921ffa454	沙鲁盔甲(裤子)	accepted	legacy/translations/overrides.tsv	248	
taiwan	table_text_all_data.rdf	3:111600880:0	Cell Armor (Shoes)	701ba91a2894	沙鲁盔甲(鞋子)	accepted	legacy/translations/overrides.tsv	249	
taiwan	table_text_all_data.rdf	3:111702910:0	Piccolo Outfit	c4e38d7c1f6b	比克套装	accepted	legacy/translations/overrides.tsv	250	
taiwan	table_text_all_data.rdf	3:111702930:0	Human Outfit	568f1e1fea07	人类套装	accepted	legacy/translations/overrides.tsv	251	
taiwan	table_text_all_data.rdf	3:111702940:0	Namek Outfit	b9e3e0b8c3ad	那美克套装	accepted	legacy/translations/overrides.tsv	252	
taiwan	table_text_all_data.rdf	3:111702950:0	Majin Outfit	a7f36c7b5fe7	魔人套装	accepted	legacy/translations/overrides.tsv	253	
taiwan	table_text_all_data.rdf	4:6001515:0	Namek	fa4790545002	那美克	accepted	legacy/translations/overrides.tsv	254	
taiwan	table_text_all_data.rdf	4:6001516:0	Majin	76c650055c84	魔人	accepted	legacy/translations/overrides.tsv	255	
taiwan	table_text_all_data.rdf	4:6001517:0	Saiyan	0726a00b79b5	赛亚人	accepted	legacy/translations/overrides.tsv	256	
taiwan	table_text_all_data.rdf	4:6001534:0	Stone	029690b00bcd	石	accepted	legacy/translations/overrides.tsv	257	
taiwan	table_text_all_data.rdf	6:1211301:0	Fajita	a1a41f8b713e	肥吉塔	accepted	legacy/translations/overrides.tsv	258	
taiwan	table_text_all_data.rdf	6:3701222:0	Sky Dungeon 1	ebe6b8d7ce3e	天空副本1	accepted	legacy/translations/overrides.tsv	259	
taiwan	table_text_all_data.rdf	6:3701223:0	Sky Dungeon 2	1f7c2b41757a	天空副本2	accepted	legacy/translations/overrides.tsv	260	
taiwan	table_text_all_data.rdf	6:3701224:0	Sky Dungeon 3	e7f2839891ed	天空副本3	accepted	legacy/translations/overrides.tsv	261	
taiwan	table_text_all_data.rdf	13:1000:0	General	9239ee2cda84	将军	accepted	legacy/translations/overrides.tsv	262	
taiwan	table_text_all_data.rdf	17:2734007:0	Super Saiyan God	ac9bdf952e8f	超级赛亚人之神	accepted	legacy/translations/overrides.tsv	263	
taiwan	local_data.dat	DST_STATUS_TOOLTIP_ATTACK_RATING	@	9a78211436f6	命中率	accepted	legacy/translations/overrides.tsv	267	
taiwan	local_data.dat	DST_STATUS_TOOLTIP_DODGE_RATING	@	9a78211436f6	回避率	accepted	legacy/translations/overrides.tsv	268	
taiwan	local_data.dat	DST_INVENTORY_SORT_SUCCESS	整理%s了。	d8c07f705388	整理完成。	accepted	legacy/translations/overrides.tsv	269	
lang0	lang0.pak	DST_ITEM_GRADE_MYTHIC	Hakai	39dcf8ee864b	破坏	accepted	legacy/translations/lang0_overrides.tsv	4	
lang0	lang0.pak	DST_EQUIP_SLOT_TYPE_DOGI	Dogi	8a3cbc4a85de	时装	accepted	legacy/translations/lang0_overrides.tsv	5	
lang0	lang0.pak	DST_LOBBY_CHARACTER_MAKE	New Character	991697573c36	创建新角色	accepted	legacy/translations/lang0_overrides.tsv	6	
lang0	lang0.pak	DST_ITEM_GRADE_HERO	Divine	1b8cf090e6ef	神圣	accepted	legacy/translations/lang0_overrides.tsv	7	
lang0	lang0.pak	DST_ITEMLIST_ITEMNAME	Name: %s	6ac139c4f333	名称: %s	accepted	legacy/translations/lang0_overrides.tsv	8	
lang0	lang0.pak	DST_STATUS_STAT_CON	CON		耐力	accepted			base_status_attrs_fixed_lang0_short
lang0	lang0.pak	DST_STATUS_STAT_DEX	DEX		敏捷	accepted			base_status_attrs_fixed_lang0_short
lang0	lang0.pak	DST_STATUS_STAT_ENG	ENG		幸运	accepted			base_status_attrs_fixed_lang0_short
lang0	lang0.pak	DST_STATUS_STAT_FOC	FOC		集中	accepted			base_status_attrs_fixed_lang0_short
lang0	lang0.pak	DST_STATUS_STAT_SOL	SOL		气合	accepted			base_status_attrs_fixed_lang0_short
lang0	lang0.pak	DST_STATUS_STAT_STR	STR		力量	accepted			base_status_attrs_fixed_lang0_short
lang0	lang0.pak	DST_STATUS_AP	P.Level		P.Level	accepted			status_panel_full_group_keep_english
lang0	lang0.pak	DST_STATUS_ATTACK	Attack	1b81f28b5afb	攻击力	accepted	legacy/translations/lang0_overrides.tsv	16	
lang0	lang0.pak	DST_STATUS_ATTACK_RATE	Hit Rate	27a36c2c2dcf	命中率	accepted	legacy/translations/lang0_overrides.tsv	17	
lang0	lang0.pak	DST_STATUS_ATTR	Attr	bc9a688c50df	属性	accepted	legacy/translations/lang0_overrides.tsv	18	
lang0	lang0.pak	DST_STATUS_JOB	Class	41ff354b2b33	职业	accepted	legacy/translations/lang0_overrides.tsv	19	
lang0	lang0.pak	DST_STATUS_LEVEL	Level	7c7f5d049fad	等级	accepted	legacy/translations/lang0_overrides.tsv	20	
lang0	lang0.pak	DST_STATUS_RESETS	Resets	da1a3c80185a	转生	accepted	legacy/translations/lang0_overrides.tsv	21	
lang0	lang0.pak	DST_STATUS_NAME	Name	709a23220f2c	名称	accepted	legacy/translations/lang0_overrides.tsv	22	
lang0	lang0.pak	DST_LOBBY_ZENNY	Bank	9e89988cc3fb	金额	accepted	legacy/translations/lang0_overrides.tsv	23	
lang0	lang0.pak	DST_LOGIN	Start	952f375412e8	登录	accepted	legacy/translations/lang0_overrides.tsv	24	
lang0	lang0.pak	DST_LOGIN_CONTRACT	Contract	5a0ba3bb83f0	合同	accepted	legacy/translations/lang0_overrides.tsv	25	
lang0	lang0.pak	DST_LOGIN_CREDIT	Credit	8a45d339a638	信用	accepted	legacy/translations/lang0_overrides.tsv	26	
lang0	lang0.pak	DST_LOGIN_ID	User	9f8a2389a20c	账号	replaced	legacy/translations/lang0_overrides.tsv	27	source changed to User:
lang0	lang0.pak	DST_LOGIN_ID	User:	3123a0e46062	帐号	accepted	manual		login source now includes colon
lang0	lang0.pak	DST_LOGIN_NEW_ACCOUNT	Game Policies	3f3981b9920c	注册帐户	accepted	legacy/translations/lang0_overrides.tsv	28	
lang0	lang0.pak	DST_LOGIN_PASSWARD	Pass	d7cd56f2a2a3	密码	replaced	legacy/translations/lang0_overrides.tsv	29	source changed to Pass:
lang0	lang0.pak	DST_LOGIN_PASSWARD	Pass:	47115b88aaf4	密码	accepted	manual		login source now includes colon
lang0	lang0.pak	DST_LOGIN_PLAY_MOVIE	Film	b9aec1112810	影片	accepted	legacy/translations/lang0_overrides.tsv	30	
lang0	lang0.pak	DST_SIDEICON_HINT_FRIEND_TEXT	%s has logged in.	d5da210bc7ab	%s 已登录	accepted	legacy/translations/lang0_overrides.tsv	31	
lang0	lang0.pak	DST_NOTIFY_GET_BUFF	Received Buff: %s	09c71ea62a96	获得效果: %s	accepted	legacy/translations/lang0_overrides.tsv	32	
lang0	lang0.pak	DST_CRANE_ROSHI	Crane Hermit	343f0d6f9cd9	鹤仙流	accepted	legacy/translations/lang0_overrides.tsv	33	
lang0	lang0.pak	DST_TURTLE_ROSHI	Turtle Hermit	05d14536381e	龟仙流	accepted	legacy/translations/lang0_overrides.tsv	34	
lang0	lang0.pak	DST_STATUS_WINDOW_TITLE	Character Status	7af82d3f4379	角色	accepted	legacy/translations/lang0_overrides.tsv	35	
lang0	lang0.pak	DST_ITEM_CAN_EQUIP	Class: %s 	0d03989bcba7	职业: %s	accepted	legacy/translations/lang0_overrides.tsv	36	
lang0	lang0.pak	DST_ITEM_EQUIP_SLOT_TEXT	Slot: %s	b0a506bd4a46	部位: %s	accepted	legacy/translations/lang0_overrides.tsv	37	
lang0	lang0.pak	DST_ITEM_GRADE_NORMAL	Normal	45e118d0563e	一般	accepted	legacy/translations/lang0_overrides.tsv	38	
lang0	lang0.pak	DST_ITEM_GRADE_RARE	Rare	cce370d2f978	稀少	accepted	legacy/translations/lang0_overrides.tsv	39	
lang0	lang0.pak	DST_ITEM_GRADE_EXCELLENT	Excellent	1aafbf548bd1	特级	accepted	legacy/translations/lang0_overrides.tsv	40	
lang0	lang0.pak	DST_ITEM_GRADE_LEGENDARY	Legendary	b7e8916505bf	传说	accepted	legacy/translations/lang0_overrides.tsv	41	
lang0	lang0.pak	DST_ITEM_PHYSICAL_DEFENCE	Physical Def: %5d	2c4d79f95517	格斗防御力 : %5d	accepted	legacy/translations/lang0_overrides.tsv	42	
lang0	lang0.pak	DST_ITEM_PHYSICAL_OFFENCE	Physical Atk: %5d	be5794cbb22a	格斗攻击力 : %5d	accepted	legacy/translations/lang0_overrides.tsv	43	
lang0	lang0.pak	DST_PET_STATUS_ENERGY_DEFENSE	Energy Defense	2b88a899b17e	气功防御力	accepted	legacy/translations/lang0_overrides.tsv	44	
lang0	lang0.pak	DST_PET_STATUS_ENERGY_OFFENSE	Energy Attack	d7917e01c16d	气功攻击力	accepted	legacy/translations/lang0_overrides.tsv	45	
lang0	lang0.pak	DST_PET_STATUS_PHYSICAL_DEFENSE	Physical Defense	22677b83be6b	格斗防御力	accepted	legacy/translations/lang0_overrides.tsv	46	
lang0	lang0.pak	DST_STATUS_ENERGY_ATTACK	Energy Atk.	886d5729be37	气功攻击力	accepted	legacy/translations/lang0_overrides.tsv	47	
lang0	lang0.pak	DST_STATUS_ENERGY_CRITICAL	Crit. Energy	4b0d1d82a547	暴击机率	accepted	legacy/translations/lang0_overrides.tsv	48	
lang0	lang0.pak	DST_STATUS_ENERGY_DEFENCE	E. Defense.	5cda8b428bc4	气功防御力	accepted	legacy/translations/lang0_overrides.tsv	49	
lang0	lang0.pak	DST_STATUS_PHYSICAL_ATTACK	Physical Atk.	4961e70535d8	格斗攻击力	accepted	legacy/translations/lang0_overrides.tsv	50	
lang0	lang0.pak	DST_STATUS_PHYSICAL_CRITICAL	Crit. Physical	fd517a0730b4	暴击机率	accepted	legacy/translations/lang0_overrides.tsv	51	
lang0	lang0.pak	DST_STATUS_PHYSICAL_DEFENCE	P. Defense.	bac7c2ae60ff	格斗防御力	accepted	legacy/translations/lang0_overrides.tsv	52	
lang0	lang0.pak	DST_ITEM_ATTACK_RANGE	Attack Range: %5d	8e304efe4faf	攻击范围: %5d	accepted	legacy/translations/lang0_overrides.tsv	53	
lang0	lang0.pak	DST_ITEM_ATTACK_SPEED	Attack Speed: %4d	473e3b505470	攻击速度 : %4d	accepted	legacy/translations/lang0_overrides.tsv	54	
lang0	lang0.pak	DST_ITEM_ATTR_INFO	Element: %s	614d3f9ca427	属性: %s	accepted	legacy/translations/lang0_overrides.tsv	55	
lang0	lang0.pak	DST_LOBBY_CHARACTER_ATTRIBUTE	Attributes	a6652617f2c7	属性	accepted	legacy/translations/lang0_overrides.tsv	56	
lang0	lang0.pak	DST_LOBBY_CHARACTER_LIST	Characters	b6f59f08fd6d	角色	accepted	legacy/translations/lang0_overrides.tsv	57	
lang0	lang0.pak	DST_LOBBY_CHAR_CLASS	Class	41ff354b2b33	职业	accepted	legacy/translations/lang0_overrides.tsv	58	
lang0	lang0.pak	DST_LOBBY_CHAR_LEVEL	Level	7c7f5d049fad	等级	accepted	legacy/translations/lang0_overrides.tsv	59	
lang0	lang0.pak	DST_LOBBY_CHAR_RESETS	Resets	da1a3c80185a	转生	accepted	legacy/translations/lang0_overrides.tsv	60	
lang0	lang0.pak	DST_LOBBY_CHOICE_CHANNEL	Channels	18e03e2a37ba	频道	accepted	legacy/translations/lang0_overrides.tsv	61	
lang0	lang0.pak	DST_LOBBY_CHOICE_SERVER	Change Server	c30a807be357	更换服务器	accepted	legacy/translations/lang0_overrides.tsv	62	
lang0	lang0.pak	DST_LOBBY_CLASS	Class	41ff354b2b33	职业	accepted	legacy/translations/lang0_overrides.tsv	63	
lang0	lang0.pak	DST_ITEM_ENERGY_DEFENCE	Energy Def: %5d	a6fb52077e68	气功防御力: %5d	accepted	legacy/translations/lang0_overrides.tsv	64	
lang0	lang0.pak	DST_ITEM_ENERGY_OFFENCE	Energy Atk: %5d	9da476f919eb	气功攻击力: %5d	accepted	legacy/translations/lang0_overrides.tsv	65	
lang0	lang0.pak	DST_ITEM_LIMITED_SELL	No-Sale	b2a5259c9cb6	不可售	accepted	legacy/translations/lang0_overrides.tsv	66	
lang0	lang0.pak	DST_ITEM_LIMITED_STORE_COMMON_WAREHOUSE	No-Bank	fe517aab1048	禁仓库	accepted	legacy/translations/lang0_overrides.tsv	67	
lang0	lang0.pak	DST_ITEM_LIMITED_STORE_GUILD_WAREHOUSE	No-Bank	fe517aab1048	禁公仓	accepted	legacy/translations/lang0_overrides.tsv	68	
lang0	lang0.pak	DST_ITEM_LIMITED_STORE_WAREHOUSE	No-Bank	fe517aab1048	禁仓库	accepted	legacy/translations/lang0_overrides.tsv	69	
lang0	lang0.pak	DST_ITEM_LIMITED_USER_TRADE	No-Trade	efbada6a30c4	不可交易	accepted	legacy/translations/lang0_overrides.tsv	70	
lang0	lang0.pak	DST_TODAT_TIP	Today's Tips	b7dc541296e8	今日的小帮手	accepted	legacy/translations/lang0_overrides.tsv	71	
lang0	lang0.pak	DST_ITEM_ALL_GENDER	All genders	758a589128ab	所有性别	accepted	legacy/translations/lang0_overrides.tsv	72	
lang0	lang0.pak	DST_ITEM_ALL_RACE	All Classes	0e75c6a2260c	所有种族	accepted	legacy/translations/lang0_overrides.tsv	73	
lang0	lang0.pak	DST_MOB_TYPE_MAJIN	Majin	76c650055c84	魔人	accepted	legacy/translations/lang0_overrides.tsv	74	
lang0	lang0.pak	DST_MOB_TYPE_NAMEC	Namek	fa4790545002	那美	accepted	legacy/translations/lang0_overrides.tsv	75	
lang0	lang0.pak	DST_MOB_TYPE_HUMAN	Human	e31663b107b9	人类	accepted	legacy/translations/lang0_overrides.tsv	76	
lang0	lang0.pak	DST_REVERTED_EQUIP	Binds	be1d2ea7f25b	绑定	accepted	legacy/translations/lang0_overrides.tsv	77	
lang0	lang0.pak	DST_REVERTED_GENERAL	Binds	be1d2ea7f25b	绑定	accepted	legacy/translations/lang0_overrides.tsv	78	
lang0	lang0.pak	DST_REVERTED_USE	Binds	be1d2ea7f25b	绑定	accepted	legacy/translations/lang0_overrides.tsv	79	
lang0	lang0.pak	DST_REVERTED_ACTIVATE	(Activate)	e1cc8b293bcc	(绑定中)	accepted	legacy/translations/lang0_overrides.tsv	80	
lang0	lang0.pak	DST_LOBBY_EXIT	Exit	f83b6fe3aebf	退出	accepted	legacy/translations/lang0_overrides.tsv	81	
lang0	lang0.pak	DST_LOBBY_FACE	Face	203bc66d7067	面部	accepted	legacy/translations/lang0_overrides.tsv	82	
lang0	lang0.pak	DST_LOBBY_GAME_START	Start	952f375412e8	开始	accepted	legacy/translations/lang0_overrides.tsv	83	
lang0	lang0.pak	DST_LOBBY_GENDER	Gender	8a754c61c2ce	性别	accepted	legacy/translations/lang0_overrides.tsv	84	
lang0	lang0.pak	DST_LOBBY_HAIR	Hair	e5be3c10962e	发型	accepted	legacy/translations/lang0_overrides.tsv	85	
lang0	lang0.pak	DST_LOBBY_HAIRCOLOR	Hair Color	5c1d5c839819	发色	accepted	legacy/translations/lang0_overrides.tsv	86	
lang0	lang0.pak	DST_EQUIP_SLOT_TYPE_FULLBODY	Transform	dea51bb13a44	幻化	accepted	legacy/translations/lang0_overrides.tsv	87	
lang0	lang0.pak	DST_EQUIP_SLOT_TYPE_EARRING	Earring	78569bec2913	耳环	accepted	legacy/translations/lang0_overrides.tsv	88	
lang0	lang0.pak	DST_EQUIP_SLOT_TYPE_HAIR	Hair	e5be3c10962e	发型	accepted	legacy/translations/lang0_overrides.tsv	89	
lang0	lang0.pak	DST_EQUIP_SLOT_TYPE_HAND	Weapon	ead533685e26	武器	accepted	legacy/translations/lang0_overrides.tsv	90	local_data_priority_lang0_short_ui
lang0	lang0.pak	DST_EQUIP_SLOT_TYPE_JACKET	Jacket	89fba0298e11	上衣	accepted	legacy/translations/lang0_overrides.tsv	91	
lang0	lang0.pak	DST_EQUIP_SLOT_TYPE_NECKLACE	Necklace	200b37cbaa9c	项链	accepted	legacy/translations/lang0_overrides.tsv	92	
lang0	lang0.pak	DST_EQUIP_SLOT_TYPE_PANTS	Pants	e18669a6edbc	裤子	accepted	legacy/translations/lang0_overrides.tsv	93	
lang0	lang0.pak	DST_EQUIP_SLOT_TYPE_QUEST	Quest	1defd1949b9d	任务	accepted	legacy/translations/lang0_overrides.tsv	94	
lang0	lang0.pak	DST_EQUIP_SLOT_TYPE_RING	Ring	96ddaccf581f	戒指	accepted	legacy/translations/lang0_overrides.tsv	95	
lang0	lang0.pak	DST_EQUIP_SLOT_TYPE_SOUL	Soul	0cae74dd2ee6	灵魂	accepted	legacy/translations/lang0_overrides.tsv	96	
lang0	lang0.pak	DST_EQUIP_SLOT_TYPE_SCOUTER	Scouter	8bcb090d6225	探测器	accepted	legacy/translations/lang0_overrides.tsv	97	local_data_priority_lang0_short_ui
lang0	lang0.pak	DST_EQUIP_SLOT_TYPE_SUB_WEAPON	Sub Weapon	ffe8c8e988c7	副武器	accepted	legacy/translations/lang0_overrides.tsv	98	
lang0	lang0.pak	DST_EQUIP_SLOT_TYPE_SUB_WEAPONTRASMOG	Transmog Weapon	05c3e821f481	幻化武器	accepted	legacy/translations/lang0_overrides.tsv	99	
lang0	lang0.pak	DST_EQUIP_SLOT_TYPE_TAIL	Acessory 4 - Tail	3a804480de0f	配件 4 - 尾巴	accepted	legacy/translations/lang0_overrides.tsv	100	
lang0	lang0.pak	DST_EQUIP_SLOT_TYPE_ACCESSORY1	Accessory 1 - Mask	c6930fcf5557	配件 1 - 面具	accepted	legacy/translations/lang0_overrides.tsv	101	
lang0	lang0.pak	DST_EQUIP_SLOT_TYPE_ACCESSORY2	Accessory 2 - Richness	743ac3dc0393	饰品2 - 富饶	accepted	legacy/translations/lang0_overrides.tsv	102	local_data_priority_lang0_short_ui
lang0	lang0.pak	DST_EQUIP_SLOT_TYPE_ACCESSORY3	Accessory 3 - Backpack	39e805493be9	配件 3 - 背饰	accepted	legacy/translations/lang0_overrides.tsv	103	
lang0	lang0.pak	DST_EQUIP_SLOT_TAIL	Accessory 4 - Tail	9017341a06b0	装备栏位尾巴	accepted	legacy/translations/lang0_overrides.tsv	104	local_data_priority_lang0_short_ui
lang0	lang0.pak	DST_EQUIP_SLOT_TYPE_BOOTS	Shoes	664785616853	鞋子	accepted	legacy/translations/lang0_overrides.tsv	105	
lang0	lang0.pak	DST_STATUS_DODGE	Dodge	5f1a7e1f69f3	闪避	accepted	legacy/translations/lang0_overrides.tsv	106	
lang0	lang0.pak	DST_STATUS_TAB_AVATAR	Character	ee9946c82d4a	角色	accepted	legacy/translations/lang0_overrides.tsv	107	
lang0	lang0.pak	DST_STATUS_TAB_FAMILY	Fame	197e7446125b	战绩	accepted	legacy/translations/lang0_overrides.tsv	108	
lang0	lang0.pak	DST_STATUS_TAB_SUMMON	Pet	df26241195d7	宠	accepted	legacy/translations/lang0_overrides.tsv	109	
lang0	lang0.pak	DST_STATUS_TECHNIC_TITLE	Craft	99adcab28725	技能	accepted	legacy/translations/lang0_overrides.tsv	110	
lang0	lang0.pak	DST_STATUS_TAB_MOREINFO	Status	bae7d5be7082	状态	accepted	legacy/translations/lang0_overrides.tsv	111	
lang0	lang0.pak	DST_LOBBY_POSITION	Location	d219c68101f5	位置	accepted	legacy/translations/lang0_overrides.tsv	112	
lang0	lang0.pak	DST_LOBBY_CHANNEL	Channel:	626418139ea6	频道:	accepted	legacy/translations/lang0_overrides.tsv	113	
lang0	lang0.pak	DST_LOBBY_OK	Ok	b0a98216a324	OK	accepted	legacy/translations/lang0_overrides.tsv	114	
lang0	lang0.pak	DST_LOBBY_CANCLE	Cancel	77dfd2135f4d	取消	accepted	legacy/translations/lang0_overrides.tsv	115	
lang0	lang0.pak	DST_LOBBY_CANCLE2	Cancel	77dfd2135f4d	取消	accepted	legacy/translations/lang0_overrides.tsv	116	
lang0	lang0.pak	DST_LOBBY_SERVER	Server	cb0cb170d106	服务器	accepted	legacy/translations/lang0_overrides.tsv	117	
lang0	lang0.pak	DST_LOBBY_SERVER_BUSY	Busy	592a9d1678c2	繁忙	accepted	legacy/translations/lang0_overrides.tsv	118	
lang0	lang0.pak	DST_LOBBY_SERVER_CHECK	Offline	e01fa717bacc	离线	accepted	legacy/translations/lang0_overrides.tsv	119	
lang0	lang0.pak	DST_LOBBY_SERVER_EXCESS	Full	10b28a8c1e44	已满	accepted	legacy/translations/lang0_overrides.tsv	120	
lang0	lang0.pak	DST_LOBBY_SERVER_INFO	Server	cb0cb170d106	服务器	accepted	legacy/translations/lang0_overrides.tsv	121	
lang0	lang0.pak	DST_LOBBY_SERVER_LOCK	Locked	a798882f1c31	锁定	accepted	legacy/translations/lang0_overrides.tsv	122	
lang0	lang0.pak	DST_LOBBY_SERVER_NAME	Server	cb0cb170d106	服务器	accepted	legacy/translations/lang0_overrides.tsv	123	
lang0	lang0.pak	DST_LOBBY_SERVER_NORMAL	Normal	45e118d0563e	正常	accepted	legacy/translations/lang0_overrides.tsv	124	
lang0	lang0.pak	DST_LOBBY_SERVER_NOT_BUSY	Not Busy	1ef0e21d68cc	空闲	accepted	legacy/translations/lang0_overrides.tsv	125	
lang0	lang0.pak	DST_LOBBY_SERVER_OPEN	Open	cf9b77061f7b	开放	accepted	legacy/translations/lang0_overrides.tsv	126	
lang0	lang0.pak	DST_LOBBY_SERVER_STATE	State	a72502067518	状态	accepted	legacy/translations/lang0_overrides.tsv	127	
lang0	lang0.pak	DST_LOBBY_CARACTER_INFO	Character Info	2725d0d11899	角色信息	accepted	legacy/translations/lang0_overrides.tsv	128	
lang0	lang0.pak	DST_DELETE	Delete	f6fdbe48dc54	删除	accepted	legacy/translations/lang0_overrides.tsv	129	
lang0	lang0.pak	DST_LOBBY_DEL_CHAR	Delete	f6fdbe48dc54	删除	accepted	legacy/translations/lang0_overrides.tsv	130	
lang0	lang0.pak	DST_LOBBY_DEL_DAT	Delete	f6fdbe48dc54	删除	accepted	legacy/translations/lang0_overrides.tsv	131	
lang0	lang0.pak	DST_HUMAN	Human	e31663b107b9	人类	accepted	legacy/translations/lang0_overrides.tsv	132	
lang0	lang0.pak	DST_MAJIN	Majin	76c650055c84	魔人	accepted	legacy/translations/lang0_overrides.tsv	133	
lang0	lang0.pak	DST_NAMEK	Namek	fa4790545002	那美	accepted	legacy/translations/lang0_overrides.tsv	134	
lang0	lang0.pak	DST_ITEM_ALREADY_EQUIPPED	Already Equipped	92c36b989e50	装备中道具	accepted	legacy/translations/lang0_overrides.tsv	135	
lang0	lang0.pak	DST_ITEM_ALL_RACE_ENABLE_EQUIP_BUT_NMY	All Classes (Except Dragon Clan)	94b57809671b	所有种族(那美克星人龙族除外)	accepted	legacy/translations/lang0_overrides.tsv	136	
lang0	lang0.pak	DST_ITEM_ADDITIONAL_EFFECT	Effect	720b5dbc5319	效果	accepted	legacy/translations/lang0_overrides.tsv	137	
lang0	lang0.pak	DST_ITEM_AIR_TEXT	Dogi effect: %s 	4b08629e024c	时装效果: %s 	accepted	legacy/translations/lang0_overrides.tsv	138	source now has trailing space
lang0	lang0.pak	DST_ITEM_EQUIP_CLASS_TEXT	Req %s 	1e43975adc3c	需%s 	accepted	manual		shorten to fit lang0 fixed field; source now has trailing space
lang0	lang0.pak	DST_ITEM_EQUIP_LEVEL_TEXT	Lv.%d	e0c9c05773f4	Lv.%d	accepted	legacy/translations/lang0_overrides.tsv	140	
lang0	lang0.pak	DST_ITEM_EQUIP_MIN_MAX_LEVEL_TEXT	Lv.%d - %d	86112fbd14ee	Lv.%d-%d	accepted	legacy/translations/lang0_overrides.tsv	141	
lang0	lang0.pak	DST_ITEM_GRADE_SUPERIOR	Superior	69cbd0d6056a	高级	accepted	legacy/translations/lang0_overrides.tsv	142	
lang0	lang0.pak	DST_ITEM_IDENTIFY_COST	Cost: %u	82a588dd8862	成本: %u	accepted	legacy/translations/lang0_overrides.tsv	143	
lang0	lang0.pak	DST_JOB_BATTLE_DUNGEON_MANAGER	Dungeon Manager	0080ea2b9dcc	副本管理机	accepted	legacy/translations/lang0_overrides.tsv	144	
lang0	lang0.pak	DST_ITEM_CAN_SEX	Gender : %s	8efd2f6d195c	性别 : %s	accepted	legacy/translations/lang0_overrides.tsv	145	
lang0	lang0.pak	DST_ITEM_CAN_USE	Race : %s	4fe9bc9e9319	种族 : %s	accepted	legacy/translations/lang0_overrides.tsv	146	
lang0	lang0.pak	DST_DISASSEMBLE_EXCUTE	Disassemble	f96ef8437bb0	分解	accepted	legacy/translations/lang0_overrides.tsv	147	
lang0	lang0.pak	DST_STATUS_TECHNIC_HOIPOIMIX_DISASSEMBLE	Disassemble	f96ef8437bb0	分解道具	accepted	legacy/translations/lang0_overrides.tsv	148	
lang0	lang0.pak	DST_SLOT_COUNT	Slots: %d	545941844726	槽位: %d	accepted	legacy/translations/lang0_overrides.tsv	149	
lang0	lang0.pak	DST_SLOT_EMPTY	Empty	3159fe421b32	空	accepted	legacy/translations/lang0_overrides.tsv	150	
lang0	lang0.pak	DST_ITEM_JUST_DURABILITY	Durability:% 3d	a07fc51fcfac	耐久:% 3d	accepted	legacy/translations/lang0_overrides.tsv	151	source removed space after colon
lang0	lang0.pak	DST_REVERTED_ACCOUNT	Account Bound	a1295adda1ef	账号绑定	accepted	legacy/translations/lang0_overrides.tsv	152	
lang0	lang0.pak	DST_SKILL_CASTTIME	Cast: %s	764fabd0925a	吟唱:%s	accepted	legacy/translations/lang0_overrides.tsv	153	
lang0	lang0.pak	DST_SKILL_COOLTIME	Cooldown: %s	8c06889293f6	冷却时间: %s	accepted	legacy/translations/lang0_overrides.tsv	154	
lang0	lang0.pak	DST_SKILL_DURATIONTIME	Duration: %s	621b942a0362	持续时间: %s	accepted	legacy/translations/lang0_overrides.tsv	155	
lang0	lang0.pak	DST_CHARTITLE_FILTER_OWNED	Owned Titles Only	1ec7f546cc3d	仅显示已拥有称号	accepted	legacy/translations/lang0_overrides.tsv	156	
lang0	lang0.pak	DST_ITEM_DURABILITY	Durability:% 3d /% 3d	1281a0d59b31	耐久度:% 3d /% 3d	accepted	legacy/translations/lang0_overrides.tsv	157	
lang0	lang0.pak	DST_SCOUTERITEM_OFF_EQUIPMENT	Scouter Status: Off	8db021f188eb	史考特状态: 关闭	accepted	legacy/translations/lang0_overrides.tsv	158	
lang0	lang0.pak	DST_SCOUTERITEM_ON_EQUIPMENT	Scouter Status: On	abdae663fa26	史考特状态: 开启	accepted	legacy/translations/lang0_overrides.tsv	159	
lang0	lang0.pak	DST_MAINMENU_OPTION	Options	6bf5da9c080b	设定	accepted	legacy/translations/lang0_overrides.tsv	160	
lang0	lang0.pak	DST_MAINMENU_HELP	Help	c47ae15370cf	帮助	accepted	legacy/translations/lang0_overrides.tsv	161	
lang0	lang0.pak	DST_MAINMENU_UNSTUCK	Unstuck	7032a66f78e9	脱卡	accepted	legacy/translations/lang0_overrides.tsv	162	
lang0	lang0.pak	DST_MAINMENU_END_GAME	Exit	f83b6fe3aebf	退出	accepted	legacy/translations/lang0_overrides.tsv	163	
lang0	lang0.pak	DST_MAINMENU_END_SESSION	Log Out	4e8131ca3794	回角色	accepted	legacy/translations/lang0_overrides.tsv	164	
lang0	lang0.pak	DST_MAINMENU_CHANNEL_CHANGE	Change Channel	d25153242357	频道变更	accepted	legacy/translations/lang0_overrides.tsv	165	
lang0	lang0.pak	DST_CCBD_BOARD_INAVLID_ITEM	Invalid Item.	a993b1abf464	无效物品。	accepted	legacy/translations/lang0_overrides.tsv	166	
lang0	lang0.pak	DST_MULTIDIALOG_MENU_UPGRADE	Item Upgrade	9bef00c25758	道具升级	accepted	legacy/translations/lang0_overrides.tsv	167	
lang0	lang0.pak	DST_ITEM_ATTR_ELEGANCE	Water	de9b1be49dae	水	accepted	legacy/translations/lang0_overrides.tsv	170	new_element_attrs_lang0
lang0	lang0.pak	DST_ITEM_ATTR_FUNNY	Fire	78baebfcb4b5	火	accepted	legacy/translations/lang0_overrides.tsv	171	new_element_attrs_lang0
lang0	lang0.pak	DST_ITEM_ATTR_HONEST	Ice	0a2af398fe47	冰	accepted	legacy/translations/lang0_overrides.tsv	172	new_element_attrs_lang0
lang0	lang0.pak	DST_ITEM_ATTR_NONE	None	6eef6648406c	无	accepted	legacy/translations/lang0_overrides.tsv	173	
lang0	lang0.pak	DST_ITEM_ATTR_STRANGE	Lightning	4504e5f0bfcc	雷	accepted	legacy/translations/lang0_overrides.tsv	174	new_element_attrs_lang0
lang0	lang0.pak	DST_ITEM_ATTR_WILD	Wind	142b5758f344	风	accepted	legacy/translations/lang0_overrides.tsv	175	new_element_attrs_lang0
lang0	lang0.pak	DST_SKILL_TARGET_AND_RANGE_INFO1	Self Cast	92aad10c73d4	自身施放	accepted	legacy/translations/lang0_overrides.tsv	176	
lang0	lang0.pak	DST_SKILL_TARGET_AND_RANGE_INFO2	All Enemies within %dM on %d targets	96fcae883444	对自身半径%d米内的敌人%d名使用	accepted	legacy/translations/lang0_overrides.tsv	177	
lang0	lang0.pak	DST_SKILL_TARGET_AND_RANGE_INFO3	All Enemies within %d x %dM of the surrounding landscape on %d targets	0ba6f08a38a2	对自身周围%d米 x %d米内的敌人%d名使用	accepted	legacy/translations/lang0_overrides.tsv	178	
lang0	lang0.pak	DST_SKILL_TARGET_AND_RANGE_INFO4	All Allies within %dM on %d targets	c5f679324a5c	对自身半径%d米内的友方%d名使用	accepted	legacy/translations/lang0_overrides.tsv	179	
lang0	lang0.pak	DST_SKILL_TARGET_AND_RANGE_INFO5	All Allies within %d x %dM of the surrounding landscape on %d targets	b860f91aa22c	对自身周围%d米 x %d米内的友方%d名使用	accepted	legacy/translations/lang0_overrides.tsv	180	
lang0	lang0.pak	DST_SKILL_TARGET_AND_RANGE_INFO6	Teleport to a Specified Area	d430f3f4d2f5	瞬间移动至指定区域	accepted	legacy/translations/lang0_overrides.tsv	181	
lang0	lang0.pak	DST_SKILL_TARGET_AND_RANGE_INFO7	All Party Members near the Caster within %dM on %d targets	4fd883b375af	对施放者附近%d米内的队员%d名使用	accepted	legacy/translations/lang0_overrides.tsv	182	
lang0	lang0.pak	DST_SKILL_TARGET_AND_RANGE_INFO8	All Party Members around the Caster within a %d x %dM on %d targets	82211c781c57	对施放者周围%d米 x %d米内的队员%d名使用	accepted	legacy/translations/lang0_overrides.tsv	183	
lang0	lang0.pak	DST_SKILL_TARGET_AND_RANGE_INFO9	Target	61ad50a9b918	目标	accepted	legacy/translations/lang0_overrides.tsv	184	
lang0	lang0.pak	DST_SKILL_TARGET_AND_RANGE_INFO11	All Enemies within %dM of the target on %d targets	ad39dffce26a	对目标周围%d米内的敌人%d名使用	accepted	legacy/translations/lang0_overrides.tsv	185	
lang0	lang0.pak	DST_SKILL_TARGET_AND_RANGE_INFO12	All Enemies around the target within a %d x %dM on %d targets	50e95f80b942	对目标周围%d米 x %d米内的敌人%d名使用	accepted	legacy/translations/lang0_overrides.tsv	186	
lang0	lang0.pak	DST_SKILL_TARGET_AND_RANGE_INFO13	Affects specified target & %dM in a straight line on %d targets	da2e0e77ff4c	对指定目标直线%d米内的目标%d名使用	accepted	legacy/translations/lang0_overrides.tsv	187	
lang0	lang0.pak	DST_SKILL_TARGET_AND_RANGE_INFO14	Affects one ally	06e6e19bf622	作用于一名友方	accepted	legacy/translations/lang0_overrides.tsv	188	
lang0	lang0.pak	DST_SKILL_TARGET_AND_RANGE_INFO15	All Members within %dM of the target on %d targets	61c79309e0f6	对目标周围%d米内的成员%d名使用	accepted	legacy/translations/lang0_overrides.tsv	189	
lang0	lang0.pak	DST_SKILL_TARGET_AND_RANGE_INFO16	All Members around the target within a %d x %dM on %d targets	0e8d74d597a0	对目标周围%d米 x %d米内的成员%d名使用	accepted	legacy/translations/lang0_overrides.tsv	190	
lang0	lang0.pak	DST_SKILL_TARGET_AND_RANGE_INFO17	Affects One Group Member	3fc349919691	作用于一名队伍成员	accepted	legacy/translations/lang0_overrides.tsv	191	
lang0	lang0.pak	DST_SKILL_TARGET_AND_RANGE_INFO18	All Party Members within %dM of the target on %d targets	4e72136986ed	对目标周围%d米内的队员%d名使用	accepted	legacy/translations/lang0_overrides.tsv	192	
lang0	lang0.pak	DST_SKILL_TARGET_AND_RANGE_INFO19	All %d Party Members within %dM of the target on %d targets	8e808e762fb6	对%d名队员使用，目标周围%d米内共%d个目标	accepted	legacy/translations/lang0_overrides.tsv	193	
lang0	lang0.pak	DST_SKILL_TARGET_AND_RANGE_INFO20	All Enemies within %dM of the area on %d targets	fd5286fa6599	对区域内%d米范围的敌人%d名使用	accepted	legacy/translations/lang0_overrides.tsv	194	
lang0	lang0.pak	DST_SKILL_TARGET_AND_RANGE_INFO21	All Enemies around the area within a %d x %dM on %d targets	33edb5780e47	对区域周围%d米 x %d米内的敌人%d名使用	accepted	legacy/translations/lang0_overrides.tsv	195	
lang0	lang0.pak	DST_SKILL_TARGET_AND_RANGE_INFO22	All Members within %dM of the area on %d targets	879cbb31c7ca	对区域内%d米范围的成员%d名使用	accepted	legacy/translations/lang0_overrides.tsv	196	
lang0	lang0.pak	DST_SKILL_TARGET_AND_RANGE_INFO23	All Members around the area within a %d x %dM on %d targets	e8a09f186338	对区域周围%d米 x %d米内的成员%d名使用	accepted	legacy/translations/lang0_overrides.tsv	197	
lang0	lang0.pak	DST_SKILL_TARGET_AND_RANGE_INFO24	All Party Members within %dm of the area on %d targets	344aefc6aea2	对区域内%d米范围的队员%d名使用	accepted	legacy/translations/lang0_overrides.tsv	198	
lang0	lang0.pak	DST_SKILL_TARGET_AND_RANGE_INFO25	All Party Members around the area within a %dx%dM on %d targets	fb072848e5f4	对区域周围%d米 x %d米内的队员%d名使用	accepted	legacy/translations/lang0_overrides.tsv	199	
lang0	lang0.pak	DST_SKILL_TARGET_AND_RANGE_INFO26	All Enemies within %dM on %d targets	96fcae883444	对自身半径%d米内的敌人%d名使用	accepted	legacy/translations/lang0_overrides.tsv	200	
lang0	lang0.pak	DST_SKILL_TARGET_AND_RANGE_INFO27	Everyone all around the caster within a range of %d x %dM on %d targets	3710d7fc18bf	对施放者周围%d米 x %d米内的所有目标%d名使用	accepted	legacy/translations/lang0_overrides.tsv	201	
lang0	lang0.pak	DST_SKILL_TARGET_AND_RANGE_INFO28	Target	61ad50a9b918	目标	accepted	legacy/translations/lang0_overrides.tsv	202	
lang0	lang0.pak	DST_SKILL_TARGET_AND_RANGE_INFO29	Everyone within %dM of the target on %d targets	e11996acc214	对目标周围%d米内的所有目标%d名使用	accepted	legacy/translations/lang0_overrides.tsv	203	
lang0	lang0.pak	DST_SKILL_TARGET_AND_RANGE_INFO30	Everyone around the target within a %d x %dM on %d targets	6711f2e4eca4	对目标周围%d米 x %d米内的所有目标%d名使用	accepted	legacy/translations/lang0_overrides.tsv	204	
lang0	lang0.pak	DST_SKILL_TARGET_AND_RANGE_INFO31	Everyone within %dM of the Area on %d targets	7eb56210fef9	对区域内%d米范围的所有目标%d名使用	accepted	legacy/translations/lang0_overrides.tsv	205	
lang0	lang0.pak	DST_SKILL_TARGET_AND_RANGE_INFO32	Everyone around the area within a %d x %dM on %d targets	5f9a384ea181	对区域周围%d米 x %d米内的所有目标%d名使用	accepted	legacy/translations/lang0_overrides.tsv	206	
lang0	lang0.pak	DST_SKILL_TARGET_AND_RANGE_INFO33	Near the character that designates immediate movement	edc42d89b4da	瞬间移动至指定角色附近	accepted	legacy/translations/lang0_overrides.tsv	207	
lang0	lang0.pak	DST_SKILL_TARGET_AND_RANGE_INFO34	All Except the Caster	cc765eaa03da	除施放者外的所有目标	accepted	legacy/translations/lang0_overrides.tsv	208	
lang0	lang0.pak	DST_SKILL_TARGET_AND_RANGE_INFO35	Target Range: %d targets within %dM hit	a42624857e11	目标范围: 命中%d名目标，范围%d米	accepted	legacy/translations/lang0_overrides.tsv	209	
lang0	lang0.pak	DST_SKILL_TARGET_AND_RANGE_INFO36	Own Pet Only	ee7a3abbe594	仅自己的宠物	accepted	legacy/translations/lang0_overrides.tsv	210	
lang0	lang0.pak	DST_SKILL_TARGET_AND_RANGE_INFO37	Target Range: 37	3abd814ef613	目标范围: 37	accepted	legacy/translations/lang0_overrides.tsv	211	
lang0	lang0.pak	DST_SKILL_TARGET_AND_RANGE_INFO38	Target Range: 38	b3565829a66d	目标范围: 38	accepted	legacy/translations/lang0_overrides.tsv	212	
lang0	lang0.pak	DST_SKILL_TARGET_AND_RANGE_INFO39	Target Range: 39	eb0e1a0b33e4	目标范围: 39	accepted	legacy/translations/lang0_overrides.tsv	213	
lang0	lang0.pak	DST_SKILL_TARGET_AND_RANGE_INFO40	Target Range: 40	4059140ea5ea	目标范围: 40	accepted	legacy/translations/lang0_overrides.tsv	214	
lang0	lang0.pak	DST_SKILL_TARGET_AND_RANGE_INFO41	Target Range: 41	6a318b7b0d0a	目标范围: 41	accepted	legacy/translations/lang0_overrides.tsv	215	
lang0	lang0.pak	DST_SYSTEMMSG_CRITICAL_ATTACK_ATTACKER	%s took %d critical damage.	c75ebcc3f6d1	%s受到了%d点暴击伤害。	accepted	legacy/translations/lang0_overrides.tsv	216	
lang0	lang0.pak	DST_SYSTEMMSG_CRITICAL_ATTACK_DEFENDER	%s dealt %d critical damage.	d106f151c959	%s造成了%d点暴击伤害。	accepted	legacy/translations/lang0_overrides.tsv	217	
lang0	lang0.pak	DST_SYSTEMMSG_SKILL_ACTION_ATTACKER	Casting: %s.	2ebf448bb6c5	施放:%s。	accepted	legacy/translations/lang0_overrides.tsv	218	
lang0	lang0.pak	DST_SKILL_TRANSFORM_USE_INFO_FLAG_ABLE_WHEN_BODY_CURSE	[Usable while cursed]	25e19b019674	[诅咒状态下可使用]	accepted	legacy/translations/lang0_overrides.tsv	219	
lang0	lang0.pak	DST_SKILL_TRANSFORM_USE_INFO_FLAG_ABLE_WHEN_CHANGE_CURSE	[Usable during a negative transformation]	42f9f39c9558	[负面变身状态下可使用]	accepted	legacy/translations/lang0_overrides.tsv	220	
lang0	lang0.pak	DST_SKILL_TRANSFORM_USE_INFO_FLAG_ABLE_WHEN_GREAT_NAMEK	[Usable while in Great Namek form]	c2caa1e3d8da	[巨大那美克星人形态下可使用]	accepted	legacy/translations/lang0_overrides.tsv	221	
lang0	lang0.pak	DST_SKILL_TRANSFORM_USE_INFO_FLAG_ABLE_WHEN_EVIL_NAMEK	[Usable while in Evil Namek form]	14c6e1e89291	[邪恶那美克星人形态下可使用]	accepted	legacy/translations/lang0_overrides.tsv	222	
lang0	lang0.pak	DST_SKILL_TRANSFORM_USE_INFO_FLAG_ABLE_WHEN_KING_NAMEK	[Usable while in Orange Namek form]	d94a9ecc5273	[橙色那美克星人形态下可使用]	accepted	legacy/translations/lang0_overrides.tsv	223	
lang0	lang0.pak	DST_SKILL_TRANSFORM_USE_INFO_FLAG_ABLE_WHEN_KAIOKEN	[Usable during Kaio-Ken]	53ba17309231	[界王拳状态下可使用]	accepted	legacy/translations/lang0_overrides.tsv	224	
lang0	lang0.pak	DST_SKILL_TRANSFORM_USE_INFO_FLAG_ABLE_WHEN_MIND_CURSE	[Usable during confusion]	991a28b1729d	[混乱状态下可使用]	accepted	legacy/translations/lang0_overrides.tsv	225	
lang0	lang0.pak	DST_SKILL_TRANSFORM_USE_INFO_FLAG_ABLE_WHEN_NORMAL	[Usable while normal]	7723c90f92be	[普通状态下可使用]	accepted	legacy/translations/lang0_overrides.tsv	226	
lang0	lang0.pak	DST_SKILL_TRANSFORM_USE_INFO_FLAG_ABLE_WHEN_PURE_MAJIN	[Usable while in Pure Majin form]	4242a9e60427	[纯粹魔人形态下可使用]	accepted	legacy/translations/lang0_overrides.tsv	227	
lang0	lang0.pak	DST_SKILL_TRANSFORM_USE_INFO_FLAG_ABLE_WHEN_EVIL_BOO	[Usable while in Super Boo form]	36d4fbaeb75b	[超级布欧形态下可使用]	accepted	legacy/translations/lang0_overrides.tsv	228	
lang0	lang0.pak	DST_SKILL_TRANSFORM_USE_INFO_FLAG_ABLE_WHEN_SUPER_BOO	[Usable while in Buuhan form]	cab6236a5e67	[布欧悟饭形态下可使用]	accepted	legacy/translations/lang0_overrides.tsv	229	
lang0	lang0.pak	DST_SKILL_TRANSFORM_USE_INFO_FLAG_ABLE_WHEN_RABIES	[Usable while enraged]	e5f71a2a2114	[狂暴状态下可使用]	accepted	legacy/translations/lang0_overrides.tsv	230	
lang0	lang0.pak	DST_SKILL_TRANSFORM_USE_INFO_FLAG_ABLE_WHEN_ROLLING_ATTACK	[Usable during a roll attack]	dab464f068db	[翻滚攻击状态下可使用]	accepted	legacy/translations/lang0_overrides.tsv	231	
lang0	lang0.pak	DST_SKILL_TRANSFORM_USE_INFO_FLAG_ABLE_WHEN_SPINNING_ATTACK	[Usable during a spin attack]	5c2749067599	[旋转攻击状态下可使用]	accepted	legacy/translations/lang0_overrides.tsv	232	
lang0	lang0.pak	DST_SKILL_TRANSFORM_USE_INFO_FLAG_ABLE_WHEN_SUPER_SAIYAN	[Usable while in Super Saiyan form]	2f90e04fd212	[超级赛亚人形态下可使用]	accepted	legacy/translations/lang0_overrides.tsv	233	
lang0	lang0.pak	DST_SKILL_TRANSFORM_USE_INFO_FLAG_ABLE_WHEN_SUPER_SAIYAN2	[Usable while in Super Saiyan 2 form]	2aa26571b6bc	[超级赛亚人2形态下可使用]	accepted	legacy/translations/lang0_overrides.tsv	234	
lang0	lang0.pak	DST_SKILL_TRANSFORM_USE_INFO_FLAG_ABLE_WHEN_SUPER_SAIYAN3	[Usable while in Super Saiyan God form]	7b440a63a68a	[超级赛亚人之神形态下可使用]	accepted	legacy/translations/lang0_overrides.tsv	235	
lang0	lang0.pak	DST_SKILL_TRANSFORM_USE_INFO_FLAG_ABLE_WHEN_SUPER_SAIYANBLUE	[Usable while in Super Saiyan Blue form]	36ea8afeaf22	[超级赛亚人蓝色形态下可使用]	accepted	legacy/translations/lang0_overrides.tsv	236	
lang0	lang0.pak	DST_SKILL_TRANSFORM_USE_INFO_FLAG_ABLE_WHEN_SUPER_SAIYAN4	[Usable while in Super Saiyan 4 form]	9adec24fa5e3	[超级赛亚人4形态下可使用]	accepted	legacy/translations/lang0_overrides.tsv	237	
lang0	lang0.pak	DST_SKILL_TRANSFORM_USE_INFO_FLAG_ABLE_WHEN_BIG_MONKEY	[Usable while in Oozaru form]	c4fa5cae2ec3	[大猿形态下可使用]	accepted	legacy/translations/lang0_overrides.tsv	238	
lang0	lang0.pak	DST_SKILL_TRANSFORM_USE_INFO_FLAG_ABLE_WHEN_VEHICLE	[Usable while in a vehicle]	d85858ee1dd1	[载具状态下可使用]	accepted	legacy/translations/lang0_overrides.tsv	239	
lang0	lang0.pak	DST_SKILL_TRANSFORM_USE_INFO_FLAG_ABLE_WHEN_GREAT_ORANGE	[Usable while in Great Orange form]	f39c48446fa9	[巨大橙色形态下可使用]	accepted	legacy/translations/lang0_overrides.tsv	240	
lang0	lang0.pak	DST_SKILL_TRANSFORM_USE_INFO_FLAG_ABLE_WHEN_SUPER_SAIYANROSE	[Usable while in Super Saiyan Rose form]	b723510b5e20	[超级赛亚人桃红形态下可使用]	accepted	legacy/translations/lang0_overrides.tsv	241	
lang0	lang0.pak	DST_SKILL_TRANSFORM_USE_INFO_FLAG_ABLE_WHEN_SUPER_SAIYANL	[Usable while in Super Saiyan Legendary form]	529e78dc0d52	[传说超级赛亚人形态下可使用]	accepted	legacy/translations/lang0_overrides.tsv	242	
lang0	lang0.pak	DST_SKILL_TRANSFORM_USE_INFO_FLAG_ABLE_WHEN_SUPER_SAIYAN33	[Usable while in Super Saiyan 3 form]	c44d4ff7e569	[超级赛亚人3形态下可使用]	accepted	legacy/translations/lang0_overrides.tsv	243	
lang0	lang0.pak	DST_SKILL_TRANSFORM_USE_INFO_FLAG_ABLE_WHEN_SUPER_BOO2	[Usable while in Super Boo 2 form]	b3b5f2c1efd7	[超级布欧2形态下可使用]	accepted	legacy/translations/lang0_overrides.tsv	244	
lang0	lang0.pak	DST_SKILL_TRANSFORM_USE_INFO_FLAG_ABLE_WHEN_BUUHAN_SKIN	[Usable while in Buuhan Skin form]	bfc2a9ef0db4	[布欧悟饭皮肤形态下可使用]	accepted	legacy/translations/lang0_overrides.tsv	245	
lang0	lang0.pak	DST_SKILL_TRANSFORM_USE_INFO_FLAG_ABLE_WHEN_BUUHAN_SKIN2	[Usable while in Buuhan Skin 2 form]	c61386085fdc	[布欧悟饭皮肤2形态下可使用]	accepted	legacy/translations/lang0_overrides.tsv	246	
lang0	lang0.pak	DST_SKILL_TRANSFORM_USE_INFO_FLAG_ABLE_WHEN_GOTENKS_BOO_FIS	[Usable while in Gotenks Boo Fighter form]	99e115f30a5e	[悟天克斯布欧格斗形态下可使用]	accepted	legacy/translations/lang0_overrides.tsv	247	
lang0	lang0.pak	DST_SKILL_TRANSFORM_USE_INFO_FLAG_ABLE_WHEN_GOTENKS_BOO_MAG	[Usable while in Gotenks Boo Mystic form]	f467c3d5e114	[悟天克斯布欧秘术形态下可使用]	accepted	legacy/translations/lang0_overrides.tsv	248	
lang0	lang0.pak	DST_SKILL_TRANSFORM_USE_INFO_FLAG_ABLE_WHEN_DARK_NAMEK	[Usable while in Dark Namek form]	4b624c9ee171	[黑暗那美克星人形态下可使用]	accepted	legacy/translations/lang0_overrides.tsv	249	
lang0	lang0.pak	DST_SKILL_TRANSFORM_USE_INFO_FLAG_ABLE_WHEN_MYSTIC_MAJIN	[Usable while in Mystic Majin form]	4ffefebb139f	[神秘魔人形态下可使用]	accepted	legacy/translations/lang0_overrides.tsv	250	
lang0	lang0.pak	DST_MSG_BOX_TITLE	Message	68f4145fee7d	消息	accepted	legacy/translations/lang0_overrides.tsv	255	
lang0	lang0.pak	DST_MSG_BTN_CANCEL	Cancel	77dfd2135f4d	取消	accepted	legacy/translations/lang0_overrides.tsv	256	
lang0	lang0.pak	DST_MSG_BTN_OK	Ok	b0a98216a324	OK	accepted	legacy/translations/lang0_overrides.tsv	257	
lang0	lang0.pak	DST_DIALOG_MODE_NARRATION	Please Wait while I'm on the bot check	349fde449275	正在播放旁白，请稍后。	accepted	legacy/translations/lang0_overrides.tsv	260	
lang0	lang0.pak	DST_MSG_BOX_TITLE	Message	68f4145fee7d	消息	accepted	legacy/translations/lang0_overrides.tsv	261	
lang0	lang0.pak	DST_MSG_BTN_CANCEL	Cancel	77dfd2135f4d	取消	accepted	legacy/translations/lang0_overrides.tsv	262	
lang0	lang0.pak	DST_MSG_BTN_OK	Ok	b0a98216a324	OK	accepted	legacy/translations/lang0_overrides.tsv	263	
lang0	lang0.pak	DST_MAINMENU_COMMUNITY	Guild	54241a3d0070	社群	accepted	legacy/translations/lang0_overrides.tsv	264	
lang0	lang0.pak	DST_MAINMENU_CONTROL	Controls	bee75ca77f75	操作方法	accepted	legacy/translations/lang0_overrides.tsv	265	
lang0	lang0.pak	DST_MAINMENU_FRIENDLIST	Friends List	9912a1e690a4	好友列表	accepted	legacy/translations/lang0_overrides.tsv	266	
lang0	lang0.pak	DST_MAINMENU_INVEN	Inventory	300d29fd5f32	胶囊盒	accepted	legacy/translations/lang0_overrides.tsv	267	
lang0	lang0.pak	DST_MAINMENU_PARTYMATCHINGLIST	Party Search	68cefcfd567b	组队配对	accepted	legacy/translations/lang0_overrides.tsv	268	
lang0	lang0.pak	DST_MAINMENU_QUEST	Quests	eca701b5e1d8	任务	accepted	legacy/translations/lang0_overrides.tsv	269	
lang0	lang0.pak	DST_MAINMENU_RANKBOARD	Ranks	00926d0ecaab	排行	accepted	legacy/translations/lang0_overrides.tsv	270	
lang0	lang0.pak	DST_MAINMENU_SKILL	Skills	e09212c7d3ea	技能	accepted	legacy/translations/lang0_overrides.tsv	271	
lang0	lang0.pak	DST_MAINMENU_STATUS	Character	ee9946c82d4a	角色	accepted	legacy/translations/lang0_overrides.tsv	272	
lang0	lang0.pak	DST_MAINMENU_TOOLTIP	Menu	57f5f5efbc59	菜单	accepted	legacy/translations/lang0_overrides.tsv	273	
lang0	lang0.pak	DST_MAINMENU_TOOLTIP_SHORTCUT	Hotkey	22f6b6c33d2a	热键	accepted	legacy/translations/lang0_overrides.tsv	274	
lang0	lang0.pak	DST_INFOWINDOW_CREATE_ITEM	Mix Item	311659e32e0e	合成	accepted	legacy/translations/lang0_overrides.tsv	275	
lang0	lang0.pak	DST_INFOWINDOW_MAKE_LEVEL	Crafting Level : %d	2d47bc3e1a8b	工艺等级:%d	accepted	legacy/translations/lang0_overrides.tsv	276	
lang0	lang0.pak	DST_INFOWINDOW_MAKE_ZENNY	Fee	c6e89c9caf21	费	accepted	legacy/translations/lang0_overrides.tsv	277	
lang0	lang0.pak	DST_INFOWINDOW_PREVIEW_MANUAL	Use Shift+left mouse button to preview the item.	f87d94462938	Shift+左键预览物品。	accepted	legacy/translations/lang0_overrides.tsv	278	
lang0	lang0.pak	DST_INFOWINDOW_RECIPE_MAT	Ingredients	f9e84ee2ac46	材料	accepted	legacy/translations/lang0_overrides.tsv	279	
lang0	lang0.pak	DST_INFOWINDOW_SELL_PRICE	Sale Price	17ae734e917c	售价	accepted	legacy/translations/lang0_overrides.tsv	280	
lang0	lang0.pak	DST_INFOWINDOW_USE_STATE	Conditions:	cdb6217a0174	条件:	accepted	legacy/translations/lang0_overrides.tsv	281	
lang0	lang0.pak	DST_INFOWINDOW_ZENNY	%s Zeni	d89500f73efb	%s 索	accepted	legacy/translations/lang0_overrides.tsv	282	
lang0	lang0.pak	DST_INFOWND_RPBONUS_CASTTIME	Casttime	0d0e16cce407	吟唱	accepted	legacy/translations/lang0_overrides.tsv	283	
lang0	lang0.pak	DST_INFOWND_RPBONUS_COOLTIME	Cooldown	98fd67d93f41	冷却	accepted	legacy/translations/lang0_overrides.tsv	284	
lang0	lang0.pak	DST_INFOWND_RPBONUS_EP	EP Reduced	fcfe1e2dcf5c	EP减少	accepted	legacy/translations/lang0_overrides.tsv	285	
lang0	lang0.pak	DST_INFOWND_RPBONUS_GUARDCRASH	Guard Break	3a38285f553d	破防	accepted	legacy/translations/lang0_overrides.tsv	286	
lang0	lang0.pak	DST_INFOWND_RPBONUS_KEEPTIME	Upkeep	120946df734a	维持	accepted	legacy/translations/lang0_overrides.tsv	287	
lang0	lang0.pak	DST_INFOWND_RPBONUS_KNOCKDOWN	Knockdown	0a5735256c79	击倒	accepted	legacy/translations/lang0_overrides.tsv	288	
lang0	lang0.pak	DST_INFOWND_RPBONUS_POWER	Power Increased	1bd13093c303	威力增加	accepted	legacy/translations/lang0_overrides.tsv	289	
lang0	lang0.pak	DST_INFOWND_RPBONUS_USE	Use Skill	700c7c49025e	用技能	accepted	legacy/translations/lang0_overrides.tsv	290	
lang0	lang0.pak	DST_INFO_MASCOT	These are your registered Pets.	e234f6d5c5b3	已登记的宠物。	accepted	legacy/translations/lang0_overrides.tsv	291	
lang0	lang0.pak	DST_INFO_MASCOT_ACTIVATE_ICON	Shows Pet Being Summoned	a7efaffc1ece	显示召唤宠物	accepted	legacy/translations/lang0_overrides.tsv	292	
lang0	lang0.pak	DST_INFO_MASCOT_BUTT	Remove Ring to Delete	745869442d19	取下戒指删除	accepted	legacy/translations/lang0_overrides.tsv	293	
lang0	lang0.pak	DST_INFO_MASCOT_LIST	List of Registered Pets	23061466ade5	已登记宠物列表	accepted	legacy/translations/lang0_overrides.tsv	294	
lang0	lang0.pak	DST_INFO_MASCOT_RING_ICON	Ring equipment state can be found in the pet window, click on the ring to use.	efa8d09edac3	宠物窗口可查看戒指，点击戒指使用。	accepted	legacy/translations/lang0_overrides.tsv	295	
lang0	lang0.pak	DST_INFO_RING_ITEM	Pets can be summoned and require VP to use Rings.	21c40fb441f5	宠物需用VP戒指召唤。	accepted	legacy/translations/lang0_overrides.tsv	296	
lang0	lang0.pak	DST_OPTION_CANCEL	Cancel	77dfd2135f4d	关闭	accepted	legacy/translations/lang0_overrides.tsv	297	
lang0	lang0.pak	DST_OPTION_CHATTING_ADDED_GUILD	Guild	54241a3d0070	流派	accepted	legacy/translations/lang0_overrides.tsv	298	
lang0	lang0.pak	DST_OPTION_CHATTING_ADDED_NORMAL	Normal	45e118d0563e	普通	accepted	legacy/translations/lang0_overrides.tsv	299	
lang0	lang0.pak	DST_OPTION_CHATTING_ADDED_PARTY	Party	60b18fc8a85f	队伍	accepted	legacy/translations/lang0_overrides.tsv	300	
lang0	lang0.pak	DST_OPTION_CHATTING_ADDED_PARTY_SEARCH	Party Search	68cefcfd567b	搜寻队伍	accepted	legacy/translations/lang0_overrides.tsv	301	
lang0	lang0.pak	DST_OPTION_CHATTING_ADDED_SHOUT	Shout	85cf631d6fcc	广播	accepted	legacy/translations/lang0_overrides.tsv	302	
lang0	lang0.pak	DST_OPTION_CHATTING_ADDED_SYSTEM	System	bc0792d8dc81	系统	accepted	legacy/translations/lang0_overrides.tsv	303	
lang0	lang0.pak	DST_OPTION_CHATTING_ADDED_TRADE	Trade	b0811e470d6b	交易	accepted	legacy/translations/lang0_overrides.tsv	304	
lang0	lang0.pak	DST_OPTION_CHATTING_ADDED_WISPHER	Whisper	c010a73e4748	悄悄话	accepted	legacy/translations/lang0_overrides.tsv	305	
lang0	lang0.pak	DST_OPTION_CHATTING_BASIC_GUILD	Guild	54241a3d0070	流派	accepted	legacy/translations/lang0_overrides.tsv	306	
lang0	lang0.pak	DST_OPTION_CHATTING_BASIC_NORMAL	Normal	45e118d0563e	普通	accepted	legacy/translations/lang0_overrides.tsv	307	
lang0	lang0.pak	DST_OPTION_CHATTING_BASIC_PARTY	Party	60b18fc8a85f	队伍	accepted	legacy/translations/lang0_overrides.tsv	308	
lang0	lang0.pak	DST_OPTION_CHATTING_BASIC_PARTY_SEARCH	Party Search	68cefcfd567b	搜寻队伍	accepted	legacy/translations/lang0_overrides.tsv	309	
lang0	lang0.pak	DST_OPTION_CHATTING_BASIC_SHOUT	Shout	85cf631d6fcc	广播	accepted	legacy/translations/lang0_overrides.tsv	310	
lang0	lang0.pak	DST_OPTION_CHATTING_BASIC_SYSTEM	System	bc0792d8dc81	系统	accepted	legacy/translations/lang0_overrides.tsv	311	
lang0	lang0.pak	DST_OPTION_CHATTING_BASIC_TRADE	Trade	b0811e470d6b	交易	accepted	legacy/translations/lang0_overrides.tsv	312	
lang0	lang0.pak	DST_OPTION_CHATTING_BASIC_WISPHER	Whisper	c010a73e4748	悄悄话	accepted	legacy/translations/lang0_overrides.tsv	313	
lang0	lang0.pak	DST_OPTION_CHATTING_COMMON_ADDEDWINDOW	Window+	427b583c8c9c	窗口+	accepted	legacy/translations/lang0_overrides.tsv	314	
lang0	lang0.pak	DST_OPTION_CHATTING_COMMON_ADDEDWINDOW2	Window++	1419f931d391	窗口++	accepted	legacy/translations/lang0_overrides.tsv	315	
lang0	lang0.pak	DST_OPTION_CHATTING_COMMON_INPUTMODE	Input Mode	6ab836b6e60d	输入模式	accepted	legacy/translations/lang0_overrides.tsv	316	
lang0	lang0.pak	DST_OPTION_CHATTING_COMMON_LOCK	Lock Chat	152613581762	锁聊天	accepted	legacy/translations/lang0_overrides.tsv	317	
lang0	lang0.pak	DST_OPTION_CHATTING_COMMON_OPACITY	Opacity	f0fa69f38b14	透明度	accepted	legacy/translations/lang0_overrides.tsv	318	
lang0	lang0.pak	DST_OPTION_CHATTING_COMMON_SCROLL	Scroll Chat	47a1335f6460	滚动聊天	accepted	legacy/translations/lang0_overrides.tsv	319	
lang0	lang0.pak	DST_OPTION_CHATTING_TITLE_ADDED	Window+	427b583c8c9c	窗口+	accepted	legacy/translations/lang0_overrides.tsv	320	
lang0	lang0.pak	DST_OPTION_CHATTING_TITLE_ADDED2	Window++	1419f931d391	窗口++	accepted	legacy/translations/lang0_overrides.tsv	321	
lang0	lang0.pak	DST_OPTION_CHATTING_TITLE_BASIC	Basic	aa2c96dacf00	基本	accepted	legacy/translations/lang0_overrides.tsv	322	
lang0	lang0.pak	DST_OPTION_CHATTING_TITLE_COMMON	Common	7de90a65241a	通用	accepted	legacy/translations/lang0_overrides.tsv	323	
lang0	lang0.pak	DST_OPTION_CONTROL_ACTION_AVATAR_AUTORUN	Auto-run	bf549d64e98c	自动奔跑	accepted	legacy/translations/lang0_overrides.tsv	324	
lang0	lang0.pak	DST_OPTION_CONTROL_ACTION_AVATAR_BACKWARD	Back	b52b36b7269f	后退	accepted	legacy/translations/lang0_overrides.tsv	325	
lang0	lang0.pak	DST_OPTION_CONTROL_ACTION_AVATAR_BLOCKING	Block	82dd2cdf36f9	格挡	accepted	legacy/translations/lang0_overrides.tsv	326	
lang0	lang0.pak	DST_OPTION_CONTROL_ACTION_AVATAR_CHARGE	Charge	d4e1aee46cda	集气	accepted	legacy/translations/lang0_overrides.tsv	327	
lang0	lang0.pak	DST_OPTION_CONTROL_ACTION_AVATAR_FORWARD	Forward	ba4e72261283	前进	accepted	legacy/translations/lang0_overrides.tsv	328	
lang0	lang0.pak	DST_OPTION_CONTROL_ACTION_AVATAR_JUMP	Jump	1eba140fdd9c	跳跃	accepted	legacy/translations/lang0_overrides.tsv	329	
lang0	lang0.pak	DST_OPTION_CONTROL_ACTION_AVATAR_LEFTSIDE	Left	8ae1c34bd37f	左	accepted	legacy/translations/lang0_overrides.tsv	330	
lang0	lang0.pak	DST_OPTION_CONTROL_ACTION_AVATAR_LEFTTURN	Turn Left	cab20e0d8b75	左转	accepted	legacy/translations/lang0_overrides.tsv	331	
lang0	lang0.pak	DST_OPTION_CONTROL_ACTION_AVATAR_LOOTING	Loot	e8fef4b91ca3	拾取	accepted	legacy/translations/lang0_overrides.tsv	332	
lang0	lang0.pak	DST_OPTION_CONTROL_ACTION_AVATAR_RIGHTSIDE	Right	954daa8b0033	右	accepted	legacy/translations/lang0_overrides.tsv	333	
lang0	lang0.pak	DST_OPTION_CONTROL_ACTION_AVATAR_RIGHTTURN	Turn Right	16ee6eb5533b	右转	accepted	legacy/translations/lang0_overrides.tsv	334	
lang0	lang0.pak	DST_OPTION_CONTROL_ACTION_AVATAR_SCOUTER	Scouter on / off	1741baf8e9ee	Scott 开启/关闭	accepted	legacy/translations/lang0_overrides.tsv	335	
lang0	lang0.pak	DST_OPTION_CONTROL_ACTION_AVATAR_SITDOWN	Sit	83125c611966	坐	accepted	legacy/translations/lang0_overrides.tsv	336	
lang0	lang0.pak	DST_OPTION_CONTROL_ACTION_CHAT_PGDN	Scroll Down	22aaf38f1a5b	下滚	accepted	legacy/translations/lang0_overrides.tsv	337	
lang0	lang0.pak	DST_OPTION_CONTROL_ACTION_CHAT_PGUP	Scroll Up	9f40469e6a5f	上滚	accepted	legacy/translations/lang0_overrides.tsv	338	
lang0	lang0.pak	DST_OPTION_CONTROL_ACTION_GLOBAL_CANCLE	Cancel	77dfd2135f4d	取消	accepted	legacy/translations/lang0_overrides.tsv	339	
lang0	lang0.pak	DST_OPTION_CONTROL_ACTION_GLOBAL_CHAT	Start Chat	0db546be556f	聊天	accepted	legacy/translations/lang0_overrides.tsv	340	
lang0	lang0.pak	DST_OPTION_CONTROL_ACTION_GLOBAL_RENDERGUI	Hide UI	57643108f594	隐藏UI	accepted	legacy/translations/lang0_overrides.tsv	341	
lang0	lang0.pak	DST_OPTION_CONTROL_ACTION_GLOBAL_SNAPSHOT	Screenshot	60c152d92dff	拍图	accepted	legacy/translations/lang0_overrides.tsv	342	
lang0	lang0.pak	DST_OPTION_CONTROL_ACTION_MINIMAP_ZOOMIN	Minimap Zoom-In	03ad05e6d275	放大地图	accepted	legacy/translations/lang0_overrides.tsv	343	
lang0	lang0.pak	DST_OPTION_CONTROL_ACTION_MINIMAP_ZOOMOUT	Minimap Zoom-Out	1ae07126ea63	缩小地图	accepted	legacy/translations/lang0_overrides.tsv	344	
lang0	lang0.pak	DST_OPTION_CONTROL_ACTION_QUICKSLOT_2NDCAP	Bag2	b65e28cdf2b9	包2	accepted	legacy/translations/lang0_overrides.tsv	345	
lang0	lang0.pak	DST_OPTION_CONTROL_ACTION_QUICKSLOT_3RDCAP	Bag3	faea3f612b56	包3	accepted	legacy/translations/lang0_overrides.tsv	346	
lang0	lang0.pak	DST_OPTION_CONTROL_ACTION_QUICKSLOT_4THCAP	Bag4	492ce9eb5a4c	包4	accepted	legacy/translations/lang0_overrides.tsv	347	
lang0	lang0.pak	DST_OPTION_CONTROL_ACTION_QUICKSLOT_5THCAP	Bag5	7432d4af263c	包5	accepted	legacy/translations/lang0_overrides.tsv	348	
lang0	lang0.pak	DST_OPTION_CONTROL_ACTION_QUICKSLOT_NEXT	Next Bar	025eb3c73552	次快速列	accepted	legacy/translations/lang0_overrides.tsv	349	
lang0	lang0.pak	DST_OPTION_CONTROL_ACTION_QUICKSLOT_PREV	Prev Bar	40c5a9f21462	上栏	accepted	legacy/translations/lang0_overrides.tsv	350	
lang0	lang0.pak	DST_OPTION_CONTROL_ACTION_QUICKSLOT_SUMMON_1	Quick Summon 1	be820416b912	召唤兽快捷栏 1	accepted	legacy/translations/lang0_overrides.tsv	351	
lang0	lang0.pak	DST_OPTION_CONTROL_ACTION_QUICKSLOT_SUMMON_2	Quick Summon 2	6ed125c1b568	召唤兽快捷栏 2	accepted	legacy/translations/lang0_overrides.tsv	352	
lang0	lang0.pak	DST_OPTION_CONTROL_ACTION_QUICKSLOT_SUMMON_3	Quick Summon 3	8d6a7f2254ec	召唤兽快速栏 3	accepted	legacy/translations/lang0_overrides.tsv	353	
lang0	lang0.pak	DST_OPTION_CONTROL_ACTION_QUICKSLOT_SUMMON_4	Quick Summon 4	4857332be0bb	召唤兽快捷栏 4	accepted	legacy/translations/lang0_overrides.tsv	354	
lang0	lang0.pak	DST_OPTION_CONTROL_ACTION_QUICKSLOT_SUMMON_5	Quick Summon 5	f8847a74a03b	召唤兽快捷栏 5	accepted	legacy/translations/lang0_overrides.tsv	355	
lang0	lang0.pak	DST_OPTION_CONTROL_ACTION_QUICKSLOT_SUMMON_6	Quick Summon 6	8d6aab3b7352	召唤兽快捷栏 6	accepted	legacy/translations/lang0_overrides.tsv	356	
lang0	lang0.pak	DST_OPTION_CONTROL_ACTION_QUICKSLOT_SUMMON_7	Quick Summon 7	3990adb83061	召唤兽快速栏 7	accepted	legacy/translations/lang0_overrides.tsv	357	
lang0	lang0.pak	DST_OPTION_CONTROL_ACTION_QUICKSLOT_SUMMON_8	Quick Summon 8	64ee2e2de320	召唤兽快速栏 8	accepted	legacy/translations/lang0_overrides.tsv	358	
lang0	lang0.pak	DST_OPTION_CONTROL_ACTION_TARGET_1STPARTY	Target Member1	1ecbebc5c30e	选择第一位队员	accepted	legacy/translations/lang0_overrides.tsv	359	
lang0	lang0.pak	DST_OPTION_CONTROL_ACTION_TARGET_2NDPARTY	Target Member2	8a9153b475b1	选择第二位队员	accepted	legacy/translations/lang0_overrides.tsv	360	
lang0	lang0.pak	DST_OPTION_CONTROL_ACTION_TARGET_3RDPARTY	Target Member3	d6ed104cc2dc	选择第三位队员	accepted	legacy/translations/lang0_overrides.tsv	361	
lang0	lang0.pak	DST_OPTION_CONTROL_ACTION_TARGET_4THPARTY	Target Member4	f4e9c3f5066c	选出第四位队员	accepted	legacy/translations/lang0_overrides.tsv	362	
lang0	lang0.pak	DST_OPTION_CONTROL_ACTION_TARGET_AUTO	Auto-Target	b3245f9e562a	自动目标	accepted	legacy/translations/lang0_overrides.tsv	363	
lang0	lang0.pak	DST_OPTION_CONTROL_ACTION_TARGET_AUTOATK	Auto-Attack	0d56bf1b7c1f	自动攻击	accepted	legacy/translations/lang0_overrides.tsv	364	
lang0	lang0.pak	DST_OPTION_CONTROL_ACTION_TARGET_AUTOFOLLOW	Auto-Follow	0ec7262cec3e	跟随	accepted	legacy/translations/lang0_overrides.tsv	365	
lang0	lang0.pak	DST_OPTION_CONTROL_ACTION_TARGET_AUTOPARTY	Target Member	f3d8f3ff1a1c	自动选择队员	accepted	legacy/translations/lang0_overrides.tsv	366	
lang0	lang0.pak	DST_OPTION_CONTROL_ACTION_TARGET_MARKING1	Mark1	0035678f00d0	标记1	accepted	legacy/translations/lang0_overrides.tsv	367	
lang0	lang0.pak	DST_OPTION_CONTROL_ACTION_TARGET_MARKING2	Mark2	a9d442292429	标记2	accepted	legacy/translations/lang0_overrides.tsv	368	
lang0	lang0.pak	DST_OPTION_CONTROL_ACTION_TARGET_MARKING3	Mark3	1f37477ae9b8	标记3	accepted	legacy/translations/lang0_overrides.tsv	369	
lang0	lang0.pak	DST_OPTION_CONTROL_ACTION_TARGET_MARKING4	Mark4	bb95dd413b42	标记4	accepted	legacy/translations/lang0_overrides.tsv	370	
lang0	lang0.pak	DST_OPTION_CONTROL_ACTION_TARGET_MARKING5	Mark5	9c520caa526a	标记5	accepted	legacy/translations/lang0_overrides.tsv	371	
lang0	lang0.pak	DST_OPTION_CONTROL_ACTION_TARGET_SELECTING1	Target Mark1	f4a232e8581c	目标标记1	accepted	legacy/translations/lang0_overrides.tsv	372	
lang0	lang0.pak	DST_OPTION_CONTROL_ACTION_TARGET_SELECTING2	Target Mark2	3e1ee90cd57f	目标标记2	accepted	legacy/translations/lang0_overrides.tsv	373	
lang0	lang0.pak	DST_OPTION_CONTROL_ACTION_TARGET_SELECTING3	Target Mark3	af0b56083504	目标标记3	accepted	legacy/translations/lang0_overrides.tsv	374	
lang0	lang0.pak	DST_OPTION_CONTROL_ACTION_TARGET_SELECTING4	Target Mark4	754cd255b46a	目标标记4	accepted	legacy/translations/lang0_overrides.tsv	375	
lang0	lang0.pak	DST_OPTION_CONTROL_ACTION_TARGET_SELECTING5	Target Mark5	27446e6bed3c	目标标记5	accepted	legacy/translations/lang0_overrides.tsv	376	
lang0	lang0.pak	DST_OPTION_CONTROL_ACTION_TARGET_SELF	Target Self	6f6334b4e76a	选择自己	accepted	legacy/translations/lang0_overrides.tsv	377	
lang0	lang0.pak	DST_OPTION_CONTROL_ACTION_WINDOW_DWC	DWC	763690b00c49	DWC	accepted	legacy/translations/lang0_overrides.tsv	378	
lang0	lang0.pak	DST_OPTION_CONTROL_ACTION_WINDOW_FRIEND	Friends List	9912a1e690a4	好友列表	accepted	legacy/translations/lang0_overrides.tsv	379	
lang0	lang0.pak	DST_OPTION_CONTROL_ACTION_WINDOW_GUILD	Guild Window	deb56dcab68c	流派视窗	accepted	legacy/translations/lang0_overrides.tsv	380	
lang0	lang0.pak	DST_OPTION_CONTROL_ACTION_WINDOW_HELP	Help	c47ae15370cf	帮助	accepted	legacy/translations/lang0_overrides.tsv	381	
lang0	lang0.pak	DST_OPTION_CONTROL_ACTION_WINDOW_HOIPOIMIX	HoiPoi Mix	3e1be5449f37	混合胶囊	accepted	legacy/translations/lang0_overrides.tsv	382	
lang0	lang0.pak	DST_OPTION_CONTROL_ACTION_WINDOW_MAIN	Main Menu	758da7453531	主选单	accepted	legacy/translations/lang0_overrides.tsv	383	
lang0	lang0.pak	DST_OPTION_CONTROL_ACTION_WINDOW_MAINCAP	Bag	ef6155a5eccf	包	accepted	legacy/translations/lang0_overrides.tsv	384	
lang0	lang0.pak	DST_OPTION_CONTROL_ACTION_WINDOW_MASCOT	Pets	849c2d068505	宠物	accepted	legacy/translations/lang0_overrides.tsv	385	
lang0	lang0.pak	DST_OPTION_CONTROL_ACTION_WINDOW_MINIMAP	Minimap	03000e5d5a47	小地图	accepted	legacy/translations/lang0_overrides.tsv	386	
lang0	lang0.pak	DST_OPTION_CONTROL_ACTION_WINDOW_OPTION	Options	6bf5da9c080b	选项	accepted	legacy/translations/lang0_overrides.tsv	387	
lang0	lang0.pak	DST_OPTION_CONTROL_ACTION_WINDOW_PARTY	Party Info	c227893734c1	队伍信息	accepted	legacy/translations/lang0_overrides.tsv	388	
lang0	lang0.pak	DST_OPTION_CONTROL_ACTION_WINDOW_PROFILE	Character	ee9946c82d4a	角色视窗	accepted	legacy/translations/lang0_overrides.tsv	389	
lang0	lang0.pak	DST_OPTION_CONTROL_ACTION_WINDOW_QUEST	Quests	eca701b5e1d8	任务	accepted	legacy/translations/lang0_overrides.tsv	390	
lang0	lang0.pak	DST_OPTION_CONTROL_ACTION_WINDOW_RANKBOARD	Rank Board	33d8d05b07a7	查看排名	accepted	legacy/translations/lang0_overrides.tsv	391	
lang0	lang0.pak	DST_OPTION_CONTROL_ACTION_WINDOW_SCOUTER	Scouter	8bcb090d6225	史考特	accepted	legacy/translations/lang0_overrides.tsv	392	
lang0	lang0.pak	DST_OPTION_CONTROL_ACTION_WINDOW_SKILL	Skills	e09212c7d3ea	技能	accepted	legacy/translations/lang0_overrides.tsv	393	
lang0	lang0.pak	DST_OPTION_CONTROL_ACTION_WINDOW_WORLDMAP	Worldmap	98a4eaad4359	世界地图	accepted	legacy/translations/lang0_overrides.tsv	394	
lang0	lang0.pak	DST_OPTION_CONTROL_CATEGORY_AVATAR	Character	ee9946c82d4a	角色动作	accepted	legacy/translations/lang0_overrides.tsv	395	
lang0	lang0.pak	DST_OPTION_CONTROL_CATEGORY_FIXED	Other	6e6a6f2086bb	其他	accepted	legacy/translations/lang0_overrides.tsv	396	
lang0	lang0.pak	DST_OPTION_CONTROL_CATEGORY_QUICKSLOT	Skill Slots	dc8f0e3e27f3	快捷列热键	accepted	legacy/translations/lang0_overrides.tsv	397	
lang0	lang0.pak	DST_OPTION_CONTROL_CATEGORY_TARGET	Target	61ad50a9b918	目标	accepted	legacy/translations/lang0_overrides.tsv	398	
lang0	lang0.pak	DST_OPTION_CONTROL_CATEGORY_WINDOW	Window	41dfc0a6c927	窗口	accepted	legacy/translations/lang0_overrides.tsv	399	
lang0	lang0.pak	DST_OPTION_CONTROL_TEXT_CHANGEGUIDE	Key %s is used by %s, change to %s.	5675318653ce	键%s被%s占用,改为%s	accepted	legacy/translations/lang0_overrides.tsv	400	
lang0	lang0.pak	DST_OPTION_CONTROL_TEXT_EMPTYKEY	None	6eef6648406c	无	accepted	legacy/translations/lang0_overrides.tsv	401	
lang0	lang0.pak	DST_OPTION_CONTROL_TEXT_FIXEDKEYGUIDE	Can't be changed	b9f3f9dc62a5	不可更改	accepted	legacy/translations/lang0_overrides.tsv	402	
lang0	lang0.pak	DST_OPTION_CONTROL_TEXT_GUIDE	Duplicates found: %s	9d2b4ae33fd6	重复按键:%s	accepted	legacy/translations/lang0_overrides.tsv	403	
lang0	lang0.pak	DST_OPTION_CONTROL_TEXT_NEGATIVEMODEGUIDE	Wrong Key	bd188f5d47b5	错误键	accepted	legacy/translations/lang0_overrides.tsv	404	
lang0	lang0.pak	DST_OPTION_CONTROL_TEXT_NEGATIVE_BY_OTHER	Key is already being used.	084c4c54d299	按键已被占用。	accepted	legacy/translations/lang0_overrides.tsv	405	
lang0	lang0.pak	DST_OPTION_CONTROL_TEXT_NOTCHANGEGUIDE	%s can't be changed	47fe2f86e4f8	%s不可更改	accepted	legacy/translations/lang0_overrides.tsv	406	
lang0	lang0.pak	DST_OPTION_CONTROL_TEXT_NOTCOMBINEGUIDE	Can't use Key	d85a9962780b	不能用键	accepted	legacy/translations/lang0_overrides.tsv	407	
lang0	lang0.pak	DST_OPTION_CONTROL_TEXT_READYGUIDE	Please input the key you desire.	ac644582f319	请输入按键。	accepted	legacy/translations/lang0_overrides.tsv	408	
lang0	lang0.pak	DST_OPTION_CONTROL_TEXT_SAMEKEYGUIDE	No duplicate Keys	de107ccffaf9	无重复键	accepted	legacy/translations/lang0_overrides.tsv	409	
lang0	lang0.pak	DST_OPTION_CONTROL_TEXT_TITLE	Control	ea1d3df298ca	控制	accepted	legacy/translations/lang0_overrides.tsv	410	
lang0	lang0.pak	DST_OPTION_CONTROL_TEXT_WAITGUIDE	No changes.	9b1fcbda693f	无变化。	accepted	legacy/translations/lang0_overrides.tsv	411	
lang0	lang0.pak	DST_OPTION_TAB_DROP_FILTER	Drop Filter	fd377724e1c9	撷取	accepted	legacy/translations/lang0_overrides.tsv	412	
lang0	lang0.pak	DST_OPTION_TAB_DROP_SELL	Drop Sell	99cd286609b9	出售	accepted	legacy/translations/lang0_overrides.tsv	413	
lang0	lang0.pak	DST_OPTION_DROPFILTER_TITLE_ITEMS	Items	44d25b5d1b6d	物品	accepted	legacy/translations/lang0_overrides.tsv	414	
lang0	lang0.pak	DST_OPTION_DROPFILTER_TITLE_STONES	Stones	09c28ae8f83b	宝石	accepted	legacy/translations/lang0_overrides.tsv	415	
lang0	lang0.pak	DST_OPTION_DROPFILTER_NORMAL	Normal	45e118d0563e	普通	accepted	legacy/translations/lang0_overrides.tsv	416	
lang0	lang0.pak	DST_OPTION_DROPFILTER_SUPERIOR	Superior	69cbd0d6056a	高级	accepted	legacy/translations/lang0_overrides.tsv	417	
lang0	lang0.pak	DST_OPTION_DROPFILTER_EXCELENT	Excelent	cd87a570a42c	优	accepted	legacy/translations/lang0_overrides.tsv	418	
lang0	lang0.pak	DST_OPTION_DROPFILTER_RARE	Rare	cce370d2f978	稀有	accepted	legacy/translations/lang0_overrides.tsv	419	
lang0	lang0.pak	DST_OPTION_DROPFILTER_LEGENDARY	Legendary	b7e8916505bf	传说	accepted	legacy/translations/lang0_overrides.tsv	420	
lang0	lang0.pak	DST_OPTION_DROPFILTER_DRAGONBALL	DragonBall	a3c1b43aea22	七龙珠	accepted	legacy/translations/lang0_overrides.tsv	421	
lang0	lang0.pak	DST_OPTION_DROPFILTER_JUNK	Event Items	c54155196347	活动物品	accepted	legacy/translations/lang0_overrides.tsv	422	
lang0	lang0.pak	DST_OPTION_DROPFILTER_RECOVER	Recover Items	715ac0abdfd5	恢复道具	accepted	legacy/translations/lang0_overrides.tsv	423	
lang0	lang0.pak	DST_OPTION_DROPFILTER_FOOD	Food Items	44f9e728ad0b	食物道具	accepted	legacy/translations/lang0_overrides.tsv	424	
lang0	lang0.pak	DST_OPTION_DROPFILTER_UTILITY	Utility Items	460f6db5dc39	功能性道具	accepted	legacy/translations/lang0_overrides.tsv	425	
lang0	lang0.pak	DST_OPTION_DROPFILTER_AUTOCOLLECT	Auto-Collect	cf22be73020c	自动撷取	accepted	legacy/translations/lang0_overrides.tsv	426	
lang0	lang0.pak	DST_OPTION_DROPFILTER_WEAPONUPGRADE	Weapon Stone	39c425f6dcce	武器强化石	accepted	legacy/translations/lang0_overrides.tsv	427	
lang0	lang0.pak	DST_OPTION_DROPFILTER_ARMORUPGRADE	Armor Stone	5ec408d89638	护甲强化石	accepted	legacy/translations/lang0_overrides.tsv	428	
lang0	lang0.pak	DST_OPTION_DROPFILTER_WEAPONGREATERUPGRADE	Weapon Greater Stone	4d550558920e	武器高级强化石	accepted	legacy/translations/lang0_overrides.tsv	429	
lang0	lang0.pak	DST_OPTION_DROPFILTER_ARMORGREATERUPGRADE	Armor Greater Stone	1b353032ac4c	护甲高级强化石	accepted	legacy/translations/lang0_overrides.tsv	430	
lang0	lang0.pak	DST_OPTION_DROPFILTER_WEAPONDOWNGRADE	Weapon Downgrade Stone	0f73eab54ddb	武器降级石	accepted	legacy/translations/lang0_overrides.tsv	431	
lang0	lang0.pak	DST_OPTION_DROPFILTER_ARMORDOWNGRADE	Armor Downgrade Stone	c2690fa9d179	护甲降级石	accepted	legacy/translations/lang0_overrides.tsv	432	
lang0	lang0.pak	DST_OPTION_DROPFILTER_STONECORE	White Stone	28e457cfce12	强化保护石	accepted	legacy/translations/lang0_overrides.tsv	433	
lang0	lang0.pak	DST_OPTION_DROPFILTER_TOOLTIP_NORMAL	Filter Normal Items	3e7d387c0715	过滤普通物品	accepted	legacy/translations/lang0_overrides.tsv	434	
lang0	lang0.pak	DST_OPTION_DROPFILTER_TOOLTIP_SUPERIOR	Filter Superior Items	07dbb51a75fa	过滤优质物品	accepted	legacy/translations/lang0_overrides.tsv	435	
lang0	lang0.pak	DST_OPTION_DROPFILTER_TOOLTIP_EXCELENT	Filter Excelent Items	1f58e60c5df7	过滤特级物品	accepted	legacy/translations/lang0_overrides.tsv	436	
lang0	lang0.pak	DST_OPTION_DROPFILTER_TOOLTIP_RARE	Filter Rare Items 	124ea2dc9fc2	过滤稀有物品	accepted	legacy/translations/lang0_overrides.tsv	437	
lang0	lang0.pak	DST_OPTION_DROPFILTER_TOOLTIP_LEGENDARY	Filter Legendary Items 	b105e60d1ed5	过滤传说物品	accepted	legacy/translations/lang0_overrides.tsv	438	
lang0	lang0.pak	DST_OPTION_DROPFILTER_TOOLTIP_DRAGONBALL	Filter Legendary Items 	b105e60d1ed5	过滤龙珠物品	accepted	legacy/translations/lang0_overrides.tsv	439	
lang0	lang0.pak	DST_OPTION_DROPFILTER_TOOLTIP_RECOVER	Filter Recover Items 	7ba4b442fc43	过滤恢复物品	accepted	legacy/translations/lang0_overrides.tsv	440	
lang0	lang0.pak	DST_OPTION_DROPFILTER_TOOLTIP_FOOD	Filter Food Items 	b62af72c0a0a	过滤食物	accepted	legacy/translations/lang0_overrides.tsv	441	
lang0	lang0.pak	DST_OPTION_DROPFILTER_TOOLTIP_UTILITY	Filter Utility Items 	f6dd600e7705	过滤工具物品	accepted	legacy/translations/lang0_overrides.tsv	442	
lang0	lang0.pak	DST_OPTION_DROPFILTER_TOOLTIP_WEAPONUPGRADE	Filter Weapon Stone	90f8641bf2ec	过滤武器石	accepted	legacy/translations/lang0_overrides.tsv	443	
lang0	lang0.pak	DST_OPTION_DROPFILTER_TOOLTIP_ARMORUPGRADE	Filter Armor Stone	16bb5fc19739	过滤防具石	accepted	legacy/translations/lang0_overrides.tsv	444	
lang0	lang0.pak	DST_OPTION_DROPFILTER_TOOLTIP_WEAPONGREATERUPGRADE	Filter Weapon Greater Stone	31d2222faa40	过滤武器大石	accepted	legacy/translations/lang0_overrides.tsv	445	
lang0	lang0.pak	DST_OPTION_DROPFILTER_TOOLTIP_ARMORGREATERUPGRADE	Filter Armor Greater Stone	b0bbcd1c7a0d	过滤防具大石	accepted	legacy/translations/lang0_overrides.tsv	446	
lang0	lang0.pak	DST_OPTION_DROPFILTER_TOOLTIP_WEAPONDOWNGRADE	Filter Weapon Downgrade Stone	843d0e65627c	过滤武器降级石	accepted	legacy/translations/lang0_overrides.tsv	447	
lang0	lang0.pak	DST_OPTION_DROPFILTER_TOOLTIP_ARMORDOWNGRADE	Filter Armor Downgrade Stone	d677b4590b6b	过滤防具降级石	accepted	legacy/translations/lang0_overrides.tsv	448	
lang0	lang0.pak	DST_OPTION_DROPFILTER_TOOLTIP_STONECORE	Filter White Stone	1b348bd0da9b	过滤白石	accepted	legacy/translations/lang0_overrides.tsv	449	
lang0	lang0.pak	DST_OPTION_DROPFILTER_TOOLTIP_AUTOCOLLECT	Auto-Collect Items	2ae19a7cef7e	自动拾取物品	accepted	legacy/translations/lang0_overrides.tsv	450	
lang0	lang0.pak	DST_OPTION_ETC_EX_QUICKSLOT1	Extended Bar 1	c5ee9bcc059b	扩充快捷列1	accepted	legacy/translations/lang0_overrides.tsv	451	
lang0	lang0.pak	DST_OPTION_ETC_EX_QUICKSLOT2	Extended Bar 2	3984edfe8813	扩充快捷列2	accepted	legacy/translations/lang0_overrides.tsv	452	
lang0	lang0.pak	DST_OPTION_ETC_EX_QUICKSLOT_LOCK	Lock Bars	8dcb33dd3d21	锁栏	accepted	legacy/translations/lang0_overrides.tsv	453	
lang0	lang0.pak	DST_OPTION_ETC_FOV	FOV	4fc538e314a5	FOV	accepted	legacy/translations/lang0_overrides.tsv	454	
lang0	lang0.pak	DST_OPTION_ETC_FRIENDCONNECT	Friend Connection Info	15058490a51c	好友上线信息	accepted	legacy/translations/lang0_overrides.tsv	455	
lang0	lang0.pak	DST_OPTION_ETC_GUILDCONNECT	Guild Login	f98796068704	公会上线	accepted	legacy/translations/lang0_overrides.tsv	456	
lang0	lang0.pak	DST_OPTION_ETC_MOUSEDASH	Mouse Dash Interval	ba80c866e90e	鼠标点击间隔	accepted	legacy/translations/lang0_overrides.tsv	457	
lang0	lang0.pak	DST_OPTION_ETC_QUESTEFFECT	Quest Text Effects	e6ba0a660519	任务文字效果	accepted	legacy/translations/lang0_overrides.tsv	458	
lang0	lang0.pak	DST_OPTION_ETC_SELF_TARGET_APPLY	Self casting	21a882a22cb8	施展SELF技能	accepted	legacy/translations/lang0_overrides.tsv	459	
lang0	lang0.pak	DST_OPTION_ETC_USERTRADE	Trade	b0811e470d6b	交易	accepted	legacy/translations/lang0_overrides.tsv	460	
lang0	lang0.pak	DST_OPTION_ETC_VIEW_POINT	Point	f79a28423ed1	视点	accepted	legacy/translations/lang0_overrides.tsv	461	
lang0	lang0.pak	DST_OPTION_ETC_WINDOWMOVE	Lock Windows	8be8b9f851a8	可移动视窗	accepted	legacy/translations/lang0_overrides.tsv	462	
lang0	lang0.pak	DST_OPTION_ETC_WINDOWMOVE_DEFAULT	Default Window Positions	50593eeea70b	还原视窗位置	accepted	legacy/translations/lang0_overrides.tsv	463	
lang0	lang0.pak	DST_OPTION_GMT_TAB	Bonus	4d963cfab70d	加成	accepted	legacy/translations/lang0_overrides.tsv	464	
lang0	lang0.pak	DST_OPTION_GRAPHIC_CARTOON_EDGE	Cell Shading	2cabbb64bc8e	卡通效果	accepted	legacy/translations/lang0_overrides.tsv	465	
lang0	lang0.pak	DST_OPTION_GRAPHIC_CHARACTER_EFFECT	Character Effects	b05ac48d94af	角色效果	accepted	legacy/translations/lang0_overrides.tsv	466	
lang0	lang0.pak	DST_OPTION_GRAPHIC_CHARACTER_RANGE	Player Range	a4c98c5a0970	角色视野距离	accepted	legacy/translations/lang0_overrides.tsv	467	
lang0	lang0.pak	DST_OPTION_GRAPHIC_CHARACTER_SHADOW	Player Shadows	0eb4cfb0735c	角色阴影	accepted	legacy/translations/lang0_overrides.tsv	468	
lang0	lang0.pak	DST_OPTION_GRAPHIC_ETC_TITLE	Other Effects	d4a430c3a084	其他效果	accepted	legacy/translations/lang0_overrides.tsv	469	
lang0	lang0.pak	DST_OPTION_GRAPHIC_GAMMA	Gamma	cba508b12182	明度	accepted	legacy/translations/lang0_overrides.tsv	470	
lang0	lang0.pak	DST_OPTION_GRAPHIC_HDR_EFFECT	HDR FX	cceada5ea889	HDR	accepted	legacy/translations/lang0_overrides.tsv	471	
lang0	lang0.pak	DST_OPTION_GRAPHIC_PERFORMANCE_MODE	Performance Mode	6fd40bbf1291	性能模式	accepted	legacy/translations/lang0_overrides.tsv	472	
lang0	lang0.pak	DST_OPTION_PERF_PLAYER_FILTER	Player Filter:	61c69736246c	玩家过滤:	accepted	legacy/translations/lang0_overrides.tsv	473	
lang0	lang0.pak	DST_OPTION_PERF_PLAYER_FILTER_ALL	Show All	b3f85420876d	显示全部	accepted	legacy/translations/lang0_overrides.tsv	474	
lang0	lang0.pak	DST_OPTION_PERF_PLAYER_FILTER_HIDE_ALL	Hide All	556020f395f3	隐藏全部	accepted	legacy/translations/lang0_overrides.tsv	475	
lang0	lang0.pak	DST_OPTION_PERF_PLAYER_FILTER_PARTY	Party Only	58d840480dff	组队专用	accepted	legacy/translations/lang0_overrides.tsv	476	local_data_priority_lang0_short_ui
lang0	lang0.pak	DST_OPTION_PERF_PLAYER_FILTER_GUILD	Guild Only	32a3fcf5ebaf	仅公会	accepted	legacy/translations/lang0_overrides.tsv	477	
lang0	lang0.pak	DST_OPTION_PERF_PLAYER_FILTER_FRIENDS	Friends Only	34539510faa4	仅好友	accepted	legacy/translations/lang0_overrides.tsv	478	
lang0	lang0.pak	DST_OPTION_PERF_PLAYER_FILTER_PARTY_GUILD	Party + Guild	ccaf16d9073a	队伍+公会	accepted	legacy/translations/lang0_overrides.tsv	479	
lang0	lang0.pak	DST_OPTION_PERF_PLAYER_FILTER_ALL_SOCIAL	Party + Guild + Friends	0589d9d8d5ed	队伍+公会+好友	accepted	legacy/translations/lang0_overrides.tsv	480	
lang0	lang0.pak	DST_OPTION_PERF_HIDE_MASCOT	Hide Mascots/Pets	2b15971f4565	隐藏宠物	accepted	legacy/translations/lang0_overrides.tsv	481	
lang0	lang0.pak	DST_OPTION_PERF_HIDE_PLAYER_EFFECTS	Hide Player Effects	fd9343aa6ece	隐藏玩家效果	accepted	legacy/translations/lang0_overrides.tsv	482	
lang0	lang0.pak	DST_OPTION_GRAPHIC_MAGIC_EFFECT	Spell Effects	6b3fb4853f90	魔法细部效果	accepted	legacy/translations/lang0_overrides.tsv	483	
lang0	lang0.pak	DST_OPTION_GRAPHIC_QUALITY_HIGH	High	b1a5954a483f	高	accepted	legacy/translations/lang0_overrides.tsv	484	
lang0	lang0.pak	DST_OPTION_GRAPHIC_QUALITY_LOW	Low	a124947cbd2d	低	accepted	legacy/translations/lang0_overrides.tsv	485	
lang0	lang0.pak	DST_OPTION_GRAPHIC_QUALITY_MIDDLE	Medium	d404968ea90b	中	accepted	legacy/translations/lang0_overrides.tsv	486	
lang0	lang0.pak	DST_OPTION_GRAPHIC_QUALITY_OBJECT_RANGE	Object Distance	b9f8b02417f4	物件视野	accepted	legacy/translations/lang0_overrides.tsv	487	
lang0	lang0.pak	DST_OPTION_GRAPHIC_QUALITY_TERRAIN_RANGE	Terrain Distance	4731e956c1c7	地形视野	accepted	legacy/translations/lang0_overrides.tsv	488	
lang0	lang0.pak	DST_OPTION_GRAPHIC_QUALITY_TOTAL	Total	b25928c69902	整体	accepted	legacy/translations/lang0_overrides.tsv	489	
lang0	lang0.pak	DST_OPTION_GRAPHIC_QUALITY_USER	Custom	081ae3fdc403	使用者	accepted	legacy/translations/lang0_overrides.tsv	490	
lang0	lang0.pak	DST_OPTION_GRAPHIC_RESOLUTION	Resolution	516aae52959d	解析度设定	accepted	legacy/translations/lang0_overrides.tsv	491	
lang0	lang0.pak	DST_OPTION_GRAPHIC_RESOLUTION_TITLE	Resolution	516aae52959d	解析度设定	accepted	legacy/translations/lang0_overrides.tsv	492	
lang0	lang0.pak	DST_OPTION_GRAPHIC_TERRAIN_SHADOW	Object Shadows	2cc821990e96	地型阴影	accepted	legacy/translations/lang0_overrides.tsv	493	
lang0	lang0.pak	DST_OPTION_GRAPHIC_TEXTURE_QUALITY	Texture Quality	96e585a50ae1	字型解析度	accepted	legacy/translations/lang0_overrides.tsv	494	
lang0	lang0.pak	DST_OPTION_GRAPHIC_TITLE	Quality	a60f2c73604f	效果	accepted	legacy/translations/lang0_overrides.tsv	495	
lang0	lang0.pak	DST_OPTION_GRAPHIC_UPGRADE_EFFECT	Upgrade Effects	5009e6164ee4	升级效果	accepted	legacy/translations/lang0_overrides.tsv	496	
lang0	lang0.pak	DST_OPTION_GRAPHIC_WATER_EFFECT	Water Effects	fc58bcffa4e2	水波效果	accepted	legacy/translations/lang0_overrides.tsv	497	
lang0	lang0.pak	DST_OPTION_GRAPHIC_WEATHER_EFFECT	Weather Effects	0e3ab1020394	天气效果	accepted	legacy/translations/lang0_overrides.tsv	498	
lang0	lang0.pak	DST_OPTION_GRAPHIC_WINDOWMODE	Windowed Mode	48da25a986b6	视窗模式	accepted	legacy/translations/lang0_overrides.tsv	499	
lang0	lang0.pak	DST_OPTION_INFO_ACHAR_NAME	Show your name	1ced3a9476e8	显示名称	accepted	legacy/translations/lang0_overrides.tsv	500	
lang0	lang0.pak	DST_OPTION_INFO_AGGRO_MODE	Show your agro	4ed2af5e535d	显示仇恨	accepted	legacy/translations/lang0_overrides.tsv	501	
lang0	lang0.pak	DST_OPTION_INFO_COSTUME_RENDER	Show Costumes	07b42f289121	显示时装	accepted	legacy/translations/lang0_overrides.tsv	502	
lang0	lang0.pak	DST_OPTION_INFO_DAMAGE_RENDER	Combat info	2b0b418940fd	战斗信息	accepted	legacy/translations/lang0_overrides.tsv	503	
lang0	lang0.pak	DST_OPTION_INFO_DOJOMARK	Show Dojo Mark	c9492a2ca30f	显示道场标志	accepted	legacy/translations/lang0_overrides.tsv	504	
lang0	lang0.pak	DST_OPTION_INFO_DROPITEM_OWNERSHIP	Show loot Icon	e4e96a8ac7b7	显示掉落图标	accepted	legacy/translations/lang0_overrides.tsv	505	
lang0	lang0.pak	DST_OPTION_INFO_GUILDEMBLEM	Guild Emblem	137ea45051a4	公会徽章	accepted	legacy/translations/lang0_overrides.tsv	506	
lang0	lang0.pak	DST_OPTION_INFO_SCOUTERMODEL	Show Scouter	7091abf8ca8e	显示史考特	accepted	legacy/translations/lang0_overrides.tsv	507	
lang0	lang0.pak	DST_OPTION_INFO_TOOLTIP_ACHAR_NAME	Display Names.	ddda503eca57	显示名称。	accepted	legacy/translations/lang0_overrides.tsv	508	
lang0	lang0.pak	DST_OPTION_INFO_TOOLTIP_AGGRO	Display Agro values.	c2bf99199fcf	显示仇恨值。	accepted	legacy/translations/lang0_overrides.tsv	509	
lang0	lang0.pak	DST_OPTION_INFO_TOOLTIP_DAMAGE_RENDER	Display all combat info	62561f9c0b65	显示战斗信息	accepted	legacy/translations/lang0_overrides.tsv	510	
lang0	lang0.pak	DST_OPTION_INFO_TOOLTIP_DROPITEM_OWNERSHIP	Show the loot Icon	c918440f7620	显示掉落图标	accepted	legacy/translations/lang0_overrides.tsv	511	
lang0	lang0.pak	DST_OPTION_KIT_ITEM_EMPTY_TOOLTIP	Place your item here.	4aa20701126e	把物品放这里。	accepted	legacy/translations/lang0_overrides.tsv	512	
lang0	lang0.pak	DST_OPTION_OK	Apply	cfea419c3b4e	套用	accepted	legacy/translations/lang0_overrides.tsv	513	
lang0	lang0.pak	DST_OPTION_OKEFFECT	Apply Only Effect	51c95289c002	仅应用效果	accepted	legacy/translations/lang0_overrides.tsv	514	
lang0	lang0.pak	DST_OPTION_RADIO_OFF	Off	e3de5ab0ca4c	关	accepted	legacy/translations/lang0_overrides.tsv	515	
lang0	lang0.pak	DST_OPTION_RADIO_ON	On	e0049a66519c	开	accepted	legacy/translations/lang0_overrides.tsv	516	
lang0	lang0.pak	DST_OPTION_RESET	Default	808d7dca8a74	预设值	accepted	legacy/translations/lang0_overrides.tsv	517	
lang0	lang0.pak	DST_OPTION_SOUND_BGM	Background Music	5d04c4e5d2b1	背景音量	accepted	legacy/translations/lang0_overrides.tsv	518	
lang0	lang0.pak	DST_OPTION_SOUND_ENV	Environment Sound	336a13b780c4	环境音量	accepted	legacy/translations/lang0_overrides.tsv	519	
lang0	lang0.pak	DST_OPTION_SOUND_MAIN	Main Volume	35eb53001e1e	主音量	accepted	legacy/translations/lang0_overrides.tsv	520	
lang0	lang0.pak	DST_OPTION_SOUND_SE	Sound Effects	9c018170b60d	效果音量	accepted	legacy/translations/lang0_overrides.tsv	521	
lang0	lang0.pak	DST_OPTION_TAB_GAME	Game	e3e82846c325	游戏	accepted	legacy/translations/lang0_overrides.tsv	522	
lang0	lang0.pak	DST_OPTION_TAB_GAME_CHATTING	Chat	2ced57f12591	聊天	accepted	legacy/translations/lang0_overrides.tsv	523	
lang0	lang0.pak	DST_OPTION_TAB_GAME_CONTROL	Controls	bee75ca77f75	键盘	accepted	legacy/translations/lang0_overrides.tsv	524	
lang0	lang0.pak	DST_OPTION_TAB_GAME_ETC	Other	6e6a6f2086bb	其他	accepted	legacy/translations/lang0_overrides.tsv	525	
lang0	lang0.pak	DST_OPTION_TAB_GAME_INFO	Info	4b631f698425	信息	accepted	legacy/translations/lang0_overrides.tsv	526	
lang0	lang0.pak	DST_OPTION_TAB_SYSTEM	System	bc0792d8dc81	系统	accepted	legacy/translations/lang0_overrides.tsv	527	
lang0	lang0.pak	DST_OPTION_TAB_SYSTEM_EFFECT	FX	b661792a999a	FX	accepted	legacy/translations/lang0_overrides.tsv	528	
lang0	lang0.pak	DST_OPTION_TAB_SYSTEM_GRAPHIC	GFX	da3fc7832353	GFX	accepted	legacy/translations/lang0_overrides.tsv	529	
lang0	lang0.pak	DST_OPTION_TAB_SYSTEM_SOUND	Sound	b4e3efeba10e	声音	accepted	legacy/translations/lang0_overrides.tsv	530	
lang0	lang0.pak	DST_OPTION_TITLE	Options	6bf5da9c080b	设定	accepted	legacy/translations/lang0_overrides.tsv	531	
lang0	lang0.pak	DST_OPTION_TOOLTIP_BGMVOLUME	Background Volume	ea5cd34f7626	背景音量	accepted	legacy/translations/lang0_overrides.tsv	532	
lang0	lang0.pak	DST_OPTION_TOOLTIP_CARTOON_EDGE	Cartoon Outline Yes/No	45bec34ebc4e	卡通描边开关	accepted	legacy/translations/lang0_overrides.tsv	533	
lang0	lang0.pak	DST_OPTION_TOOLTIP_CHARACTER_DISTANCE	Far or Near Viewing Distance	8283ca9964d4	调整视野距离	accepted	legacy/translations/lang0_overrides.tsv	534	
lang0	lang0.pak	DST_OPTION_TOOLTIP_CHAT_ADDED2_WINDOW	Add 2nd Chat Window	209d0bc4f5d0	增加第2聊天窗	accepted	legacy/translations/lang0_overrides.tsv	535	
lang0	lang0.pak	DST_OPTION_TOOLTIP_CHAT_ADDED_WINDOW	Separate Chat Window	47512fbb0398	分离聊天窗口	accepted	legacy/translations/lang0_overrides.tsv	536	
lang0	lang0.pak	DST_OPTION_TOOLTIP_CHAT_GUILD	Guild Chat	eb4d34ecf7dd	公会聊天	accepted	legacy/translations/lang0_overrides.tsv	537	
lang0	lang0.pak	DST_OPTION_TOOLTIP_CHAT_INPUTMODE	Chat Prompt	a694b48cdae3	聊天提示	accepted	legacy/translations/lang0_overrides.tsv	538	
lang0	lang0.pak	DST_OPTION_TOOLTIP_CHAT_LOCK	Chat Window Lock	2e51936b5631	锁定聊天窗口	accepted	legacy/translations/lang0_overrides.tsv	539	
lang0	lang0.pak	DST_OPTION_TOOLTIP_CHAT_MOUSESCROLL	Mouse Scroll in Chat Window Active or Not	865461231c85	鼠标滚动聊天开关	accepted	legacy/translations/lang0_overrides.tsv	540	
lang0	lang0.pak	DST_OPTION_TOOLTIP_CHAT_NORMAL	Chat Normal	480102118ce5	普通聊天	accepted	legacy/translations/lang0_overrides.tsv	541	
lang0	lang0.pak	DST_OPTION_TOOLTIP_CHAT_PARTY	Party Chat	e4ba91fd2697	队伍聊天	accepted	legacy/translations/lang0_overrides.tsv	542	
lang0	lang0.pak	DST_OPTION_TOOLTIP_CHAT_PARTY_SEARCH	Party Search Chat	c99c5faa0a1c	队伍搜索聊天	accepted	legacy/translations/lang0_overrides.tsv	543	
lang0	lang0.pak	DST_OPTION_TOOLTIP_CHAT_SHOUT	Shout Chat	8e53e63c3056	喊话聊天	accepted	legacy/translations/lang0_overrides.tsv	544	
lang0	lang0.pak	DST_OPTION_TOOLTIP_CHAT_SYSTEM	System Chat	88b75aca9a01	系统聊天	accepted	legacy/translations/lang0_overrides.tsv	545	
lang0	lang0.pak	DST_OPTION_TOOLTIP_CHAT_TRADE	Trade Chat	4e0b21cd4b02	交易聊天	accepted	legacy/translations/lang0_overrides.tsv	546	
lang0	lang0.pak	DST_OPTION_TOOLTIP_CHAT_WHISPER	Chat Whisper	89f9dc713a88	密语聊天	accepted	legacy/translations/lang0_overrides.tsv	547	
lang0	lang0.pak	DST_OPTION_TOOLTIP_CHAT_WINDOW_OPACITY	Opacity	f0fa69f38b14	透明度	accepted	legacy/translations/lang0_overrides.tsv	548	
lang0	lang0.pak	DST_OPTION_TOOLTIP_DOJO_MARK	Show Dojo Mark	c9492a2ca30f	显示道场标志	accepted	legacy/translations/lang0_overrides.tsv	549	
lang0	lang0.pak	DST_OPTION_TOOLTIP_EFFECTVOLUME	Effect Volume	633517b82a1c	音效音量	accepted	legacy/translations/lang0_overrides.tsv	550	
lang0	lang0.pak	DST_OPTION_TOOLTIP_ENVVOLUME	Environment Volume	ea267f2ca489	环境音量	accepted	legacy/translations/lang0_overrides.tsv	551	
lang0	lang0.pak	DST_OPTION_TOOLTIP_EX_QUICKSLOT1	Activate Quickbar 1	53201a2db889	启用快捷栏1	accepted	legacy/translations/lang0_overrides.tsv	552	
lang0	lang0.pak	DST_OPTION_TOOLTIP_EX_QUICKSLOT2	Activate Quickbar 2	0c65966714f2	启用快捷栏2	accepted	legacy/translations/lang0_overrides.tsv	553	
lang0	lang0.pak	DST_OPTION_TOOLTIP_FOV	Adjust Angle	ef9554429d2f	调整角度	accepted	legacy/translations/lang0_overrides.tsv	554	
lang0	lang0.pak	DST_OPTION_TOOLTIP_FRIEND_CONNECT	Shows when a Friend Connects	9d37201d06e5	显示好友上线	accepted	legacy/translations/lang0_overrides.tsv	555	
lang0	lang0.pak	DST_OPTION_TOOLTIP_GAMMA	Change Brightness (Full Screen)	6548a04ca7d9	调整亮度(全屏)	accepted	legacy/translations/lang0_overrides.tsv	556	
lang0	lang0.pak	DST_OPTION_TOOLTIP_GRAPHIC_QUALITY	Overall Graphic Quality	d4c89528aa1a	整体画质	accepted	legacy/translations/lang0_overrides.tsv	557	
lang0	lang0.pak	DST_OPTION_TOOLTIP_GUILD_EMBLEM	Show Guild Emblem	68ed8a629223	显示公会徽章	accepted	legacy/translations/lang0_overrides.tsv	558	
lang0	lang0.pak	DST_OPTION_TOOLTIP_HDR	Set HDR Effects	50cbab1bcea1	设置HDR效果	accepted	legacy/translations/lang0_overrides.tsv	559	
lang0	lang0.pak	DST_OPTION_TOOLTIP_MAGIC_DETAIL	Set Skill Effects Quality	5937556564e6	设置技能效果质量	accepted	legacy/translations/lang0_overrides.tsv	560	
lang0	lang0.pak	DST_OPTION_TOOLTIP_MAINVOLUME	Main Volume	35eb53001e1e	主音量	accepted	legacy/translations/lang0_overrides.tsv	561	
lang0	lang0.pak	DST_OPTION_TOOLTIP_MEMBER_CONNECT	Shows when a Member connects	1b01d9798fdc	显示成员上线	accepted	legacy/translations/lang0_overrides.tsv	562	
lang0	lang0.pak	DST_OPTION_TOOLTIP_MOUSE_DASH	Double click to dash.	3b8637231770	双击冲刺。	accepted	legacy/translations/lang0_overrides.tsv	563	
lang0	lang0.pak	DST_OPTION_TOOLTIP_OBJECT_DISTANCE	Object Distance	b9f8b02417f4	物体距离	accepted	legacy/translations/lang0_overrides.tsv	564	
lang0	lang0.pak	DST_OPTION_TOOLTIP_QUEST_TEXT	Instant Quest Text	442354b48599	即时任务文字	accepted	legacy/translations/lang0_overrides.tsv	565	
lang0	lang0.pak	DST_OPTION_TOOLTIP_QUICKSLOT_LOCK	Lock Quickbar	e850bd716a7e	锁快捷栏	accepted	legacy/translations/lang0_overrides.tsv	566	
lang0	lang0.pak	DST_OPTION_TOOLTIP_RESOLUTION	Change Resolution	6e2a48e15d7a	更改分辨率	accepted	legacy/translations/lang0_overrides.tsv	567	
lang0	lang0.pak	DST_OPTION_TOOLTIP_SCOUTER	Indicate Power Level of other Beings	944de8d1eb51	显示他人战斗力	accepted	legacy/translations/lang0_overrides.tsv	568	
lang0	lang0.pak	DST_OPTION_TOOLTIP_SELF_TARGET_APPLY	Hold Shift to target yourself.	6ff27a07d0a4	按Shift选自己。	accepted	legacy/translations/lang0_overrides.tsv	569	
lang0	lang0.pak	DST_OPTION_TOOLTIP_SHADOW	Character Shadows	7efa4adbd8e2	角色阴影	accepted	legacy/translations/lang0_overrides.tsv	570	
lang0	lang0.pak	DST_OPTION_TOOLTIP_TAB_CHATTING	In-game Chat Option	5b229af97151	游戏聊天选项	accepted	legacy/translations/lang0_overrides.tsv	571	
lang0	lang0.pak	DST_OPTION_TOOLTIP_TAB_CONTROL	Game Options	7ce298bd6c51	游戏选项	accepted	legacy/translations/lang0_overrides.tsv	572	
lang0	lang0.pak	DST_OPTION_TOOLTIP_TAB_ETC	Other Options	9cb6f2fb01df	其他选项	accepted	legacy/translations/lang0_overrides.tsv	573	
lang0	lang0.pak	DST_OPTION_TOOLTIP_TAB_GRAPHIC	Graphics	ab255c27aec8	图形	accepted	legacy/translations/lang0_overrides.tsv	574	
lang0	lang0.pak	DST_OPTION_TOOLTIP_TAB_INFO	Info Display	3041c9b5561c	信息显示	accepted	legacy/translations/lang0_overrides.tsv	575	
lang0	lang0.pak	DST_OPTION_TOOLTIP_TAB_SOUND	Sound Options	b36303f8c856	声音选项	accepted	legacy/translations/lang0_overrides.tsv	576	
lang0	lang0.pak	DST_OPTION_TOOLTIP_TERRAIN_DISTANCE	Terrain Distance	4731e956c1c7	地形距离	accepted	legacy/translations/lang0_overrides.tsv	577	
lang0	lang0.pak	DST_OPTION_TOOLTIP_TERRAIN_SHADOW	Shadow of Terrain	5ba8443edbec	地形阴影	accepted	legacy/translations/lang0_overrides.tsv	578	
lang0	lang0.pak	DST_OPTION_TOOLTIP_TEXTURE_LEVEL	Set Texture Level	13830bad118c	设置贴图等级	accepted	legacy/translations/lang0_overrides.tsv	579	
lang0	lang0.pak	DST_OPTION_TOOLTIP_TRADE	Decline Trades	6e743baa7bb5	拒绝交易	accepted	legacy/translations/lang0_overrides.tsv	580	
lang0	lang0.pak	DST_OPTION_TOOLTIP_UPGRADE_EFFECT	Glow Upgrade Effects	7ea1321666a9	强化发光效果	accepted	legacy/translations/lang0_overrides.tsv	581	
lang0	lang0.pak	DST_OPTION_TOOLTIP_VIEW_POINT	Adjust View	4ec2a3da3d9a	调整视角	accepted	legacy/translations/lang0_overrides.tsv	582	
lang0	lang0.pak	DST_OPTION_TOOLTIP_WATER_EFFECT	Effects of Water	a8c464d79ffc	水面效果	accepted	legacy/translations/lang0_overrides.tsv	583	
lang0	lang0.pak	DST_OPTION_TOOLTIP_WEATHER_EFFECT	Set Weather Effects Quality	b274353c209a	设置天气效果质量	accepted	legacy/translations/lang0_overrides.tsv	584	
lang0	lang0.pak	DST_OPTION_TOOLTIP_WINDOWMODE	Fullscreen or Windowed	67e61807aeb6	全屏或窗口	accepted	legacy/translations/lang0_overrides.tsv	585	
lang0	lang0.pak	DST_OPTION_TOOLTIP_WINDOW_DEFAULT	Set All Windows to Default Location	47e6c5d9ba00	窗口恢复默认位置	accepted	legacy/translations/lang0_overrides.tsv	586	
lang0	lang0.pak	DST_OPTION_TOOLTIP_WINDOW_MOVEABLE	Lock the Windows	efa7cf77a281	锁定窗口	accepted	legacy/translations/lang0_overrides.tsv	587	
lang0	lang0.pak	DST_OPTION_CONTROL_ACTION_WINDOW_SCOUTERUI	Scouter UI	ef2341b0659b	史考特视窗	accepted	legacy/translations/lang0_overrides.tsv	588	
lang0	lang0.pak	DST_POPUPMENU_PARTY_INVITE	Invite to Party	f16185dd3aed	邀请组队	accepted	legacy/translations/lang0_overrides.tsv	592	
lang0	lang0.pak	DST_POPUPMENU_GUILD_INVITE	Invite to Guild	1e9cbf5e916e	邀请加入流派	accepted	legacy/translations/lang0_overrides.tsv	593	
lang0	lang0.pak	DST_POPUPMENU_USER_TRADE	Trade	b0811e470d6b	交易	accepted	legacy/translations/lang0_overrides.tsv	594	
lang0	lang0.pak	DST_POPUPMENU_FRIEND_ADD	Add Friend	1a09d54afb70	加好友	accepted	legacy/translations/lang0_overrides.tsv	595	
lang0	lang0.pak	DST_POPUPMENU_PVP_REQUEST_FIGHT	Duel	a65733b35940	决斗	accepted	legacy/translations/lang0_overrides.tsv	596	
lang0	lang0.pak	DST_POPUPMENU_FOLLOW	Follow	66587a7a62a9	跟随	accepted	legacy/translations/lang0_overrides.tsv	597	
lang0	lang0.pak	DST_POPUPMENU_SEND_WHISPER	Whisper	c010a73e4748	悄悄话	accepted	legacy/translations/lang0_overrides.tsv	598	
lang0	lang0.pak	DST_POPUPMENU_USER_BLOCK	Block	82dd2cdf36f9	屏蔽	accepted	legacy/translations/lang0_overrides.tsv	599	
lang0	lang0.pak	DST_SCOUTER_CHECK_MENU_EQUIPMENT	Scan Equipment	715d76e2bbfc	观看他人装备	accepted	legacy/translations/lang0_overrides.tsv	600	
lang0	lang0.pak	DST_POPUPMENU_CANCEL	Cancel	77dfd2135f4d	取消	accepted	legacy/translations/lang0_overrides.tsv	601	
lang0	lang0.pak	DST_LOBBY_WAIT_GAME_SERVER_CONNECT	"[align = ""center""][font size = ""12"" color=""f4d762""]Loading Game[/font][br][br][font size = ""10"" color=""269eff""]Too many players joining the game.[/font][br][br][font size = ""10"" color=""f4d762""]Players in Queue: %d[/font][br][br][font size = ""10"" color=""ffffff""]Please wait...[/font]"	cd9d724d47da	"[align = ""center""][font size = ""12"" color=""f4d762""]正在进入游戏[/font][br][br][font size = ""10"" color=""269eff""]当前进入游戏的玩家过多。[/font][br][br][font size = ""10"" color=""f4d762""]排队人数: %d[/font][br][br][font size = ""10"" color=""ffffff""]请稍候...[/font]"	accepted	legacy/translations/lang0_overrides.tsv	605	
lang0	lang0.pak	DST_SCS_LOGIN_ALERT	"[align = ""center""][font size = ""12"" color=""f4d762""]Bot Check Required[/font][br][br][font size = ""9"" color=""ffffff""]To receive experience and item drops,[br]you must complete the Bot Verification.[br][br]Complete it once for 1 hour of immunity![/font]"	bca890356ace	"[align = ""center""][font size = ""12"" color=""f4d762""]需要防挂机验证[/font][br][br][font size = ""9"" color=""ffffff""]若要获得经验和物品掉落，[br]必须完成防挂机验证。[br][br]完成一次后1小时内免验证！[/font]"	accepted	legacy/translations/lang0_overrides.tsv	606	
lang0	lang0.pak	DST_TELEPORT_COMMON_CONFIRM_MSG	"[align = ""center""][font size = ""12"" color=""f4d762""]Time to move[/font][br][br][font size = ""10"" color=""269eff""]You can teleport when you want.[/font][br][br][font size = ""10"" color=""f4d762""]%s[/font][br][font size = ""10"" color=""ffffff""]Yes: Teleport to this place[br]No: Don't teleport now[/font][br][br][font size = ""10"" color=""ffffff""]Want to Teleport?[br][/font]"	0a70d3c710ff	"[align = ""center""][font size = ""12"" color=""f4d762""]传送确认[/font][br][br][font size = ""10"" color=""269eff""]你可以选择是否传送。[/font][br][br][font size = ""10"" color=""f4d762""]%s[/font][br][font size = ""10"" color=""ffffff""]是: 传送到此处[br]否: 暂不传送[/font][br][br][font size = ""10"" color=""ffffff""]要传送吗？[br][/font]"	accepted	legacy/translations/lang0_overrides.tsv	607	
lang0	lang0.pak	DST_TELEPORT_COMMON_CONFIRM_YES_BTN	Yes	5397e0583f14	是	accepted	legacy/translations/lang0_overrides.tsv	608	
lang0	lang0.pak	DST_TELEPORT_COMMON_CONFIRM_NO_BTN	No	816c52fd2bdd	否	accepted	legacy/translations/lang0_overrides.tsv	609	
lang0	lang0.pak	DST_MSG_REMAIN_TIME	Time: %s	bd751c54216a	时间: %s	accepted	legacy/translations/lang0_overrides.tsv	610	
lang0	lang0.pak	DST_TIME_SECOND	 Sec	7f82509bce17	 秒	accepted	legacy/translations/lang0_overrides.tsv	611	
lang0	lang0.pak	DST_PVP_ZONE_ENTER	PvP Zone entered.	86874f647fb3	进入PvP区域。	accepted	legacy/translations/lang0_overrides.tsv	614	
lang0	lang0.pak	DST_PVP_ZONE_LEFT	PvP Zone left.	42f066994f28	离开PvP区域。	accepted	legacy/translations/lang0_overrides.tsv	615	
lang0	lang0.pak	DST_HUMAN_FIGHTER	Martial Artist	ae1c7a317ba2	武道家	accepted	legacy/translations/lang0_overrides.tsv	617	
lang0	lang0.pak	DST_HUMAN_MYSTIC	Spiritualist	73b3809d295d	气功师	accepted	legacy/translations/lang0_overrides.tsv	618	
lang0	lang0.pak	DST_NAMEK	Namek	fa4790545002	那美	accepted	legacy/translations/lang0_overrides.tsv	619	
lang0	lang0.pak	DST_NAMEK_FIGHTER	Warrior	945eda39d82d	战士	accepted	legacy/translations/lang0_overrides.tsv	620	
lang0	lang0.pak	DST_NAMEK_MYSTIC	Dragon Clan	90e503aa15f2	那美克龙族	accepted	legacy/translations/lang0_overrides.tsv	621	
lang0	lang0.pak	DST_SKILL_TAB_ACTION_SKILL	Action Skills	64d7a97e565b	动作技能	accepted	legacy/translations/lang0_overrides.tsv	622	
lang0	lang0.pak	DST_SKILL_WINDOW_TITLE	Skills	e09212c7d3ea	技能	accepted	legacy/translations/lang0_overrides.tsv	623	
lang0	lang0.pak	DST_MAILSYSTEM_MAIL_MARKET	World Markets	6c550d27c635	天下第一大市场	accepted	legacy/translations/lang0_overrides.tsv	626	local_data_priority_market
lang0	lang0.pak	DST_MARKET_ACCESSORY	Accessory	962403f6dae8	装饰品	accepted	legacy/translations/lang0_overrides.tsv	627	local_data_priority_market
lang0	lang0.pak	DST_MARKET_ACCESSORY1	Accessory 1	7121316fe01e	装饰品1	accepted	legacy/translations/lang0_overrides.tsv	628	local_data_priority_market
lang0	lang0.pak	DST_MARKET_ACCESSORY2	Accessory 2	0dc8f62e6acc	装饰品2	accepted	legacy/translations/lang0_overrides.tsv	629	local_data_priority_market
lang0	lang0.pak	DST_MARKET_ACCESSORY3	Accessory 3	24d7a216fe01	装饰品3	accepted	legacy/translations/lang0_overrides.tsv	630	local_data_priority_market
lang0	lang0.pak	DST_MARKET_ALLCATEGORY	All	6a72085653e4	全部	accepted	legacy/translations/lang0_overrides.tsv	631	local_data_priority_market
lang0	lang0.pak	DST_MARKET_ALLCLASS	All Classes	0e75c6a2260c	全部职业	accepted	legacy/translations/lang0_overrides.tsv	632	local_data_priority_market
lang0	lang0.pak	DST_MARKET_ALLTYPE	All	6a72085653e4	全	accepted	legacy/translations/lang0_overrides.tsv	633	
lang0	lang0.pak	DST_MARKET_ARMOR	Armor	b1fc5d10fc8c	衣服	accepted	legacy/translations/lang0_overrides.tsv	634	local_data_priority_market
lang0	lang0.pak	DST_MARKET_BLACK_STONE	Black Stone	683be4a07d7d	漆黑原石	accepted	legacy/translations/lang0_overrides.tsv	635	local_data_priority_market
lang0	lang0.pak	DST_MARKET_BUY	"[align = ""center""][font size = ""12"" color=""f4d762""]Auction Purchase[/font][br][br][font size = ""10"" color=""269eff""]The following items:[/font][br][br][font size = ""10"" color=""ffffff""]%s[br]Price: %s Zeni[/font][br][br][font size = ""10"" color=""f36a7c""]Purchase this Item?[/font][br]"	94334c49d12e	"[align = ""center""][font size = ""12"" color=""f4d762""]购买确认[/font][br][br][font size = ""10"" color=""269eff""]以下物品:[/font][br][br][font size = ""10"" color=""ffffff""]%s[br]价格: %s 索[/font][br][br][font size = ""10"" color=""f36a7c""]是否购买?[/font][br]"	accepted	legacy/translations/lang0_overrides.tsv	636	
lang0	lang0.pak	DST_MARKET_BUYITEM_CLICK	Select Items to Buy	448652bdf8e2	选择要买的物品	accepted	legacy/translations/lang0_overrides.tsv	637	
lang0	lang0.pak	DST_MARKET_BUYTEXT	Buy	7ceca51fcafe	购买	accepted	legacy/translations/lang0_overrides.tsv	638	local_data_priority_market
lang0	lang0.pak	DST_MARKET_CAPSULE_KIT	Capsule Kit	0369021bbe93	胶囊盒	accepted	legacy/translations/lang0_overrides.tsv	639	local_data_priority_market
lang0	lang0.pak	DST_MARKET_CHANGETYPE	Switch Between Buying & Selling	54d247a6cc75	可切换购买和贩卖视窗。	accepted	legacy/translations/lang0_overrides.tsv	640	local_data_priority_market
lang0	lang0.pak	DST_MARKET_CONSOLE_MACHINE	Auction House	4dcdd7d31d86	天下第一大市场	accepted	legacy/translations/lang0_overrides.tsv	641	local_data_priority_market
lang0	lang0.pak	DST_MARKET_DOJO	Dojo	2dd1f883527b	道服	accepted	legacy/translations/lang0_overrides.tsv	642	local_data_priority_market
lang0	lang0.pak	DST_MARKET_DOWNGRADE_STONE_ARMOR	Armor Downgrade	0ddb9750eff2	服饰降级	accepted	legacy/translations/lang0_overrides.tsv	643	local_data_priority_market
lang0	lang0.pak	DST_MARKET_DOWNGRADE_STONE_WEAPON	Weapon Downgrade	61ab56f02851	武器降级	accepted	legacy/translations/lang0_overrides.tsv	644	
lang0	lang0.pak	DST_MARKET_ENDTIME	72Hrs	3e8c90fa971f	7日	accepted	legacy/translations/lang0_overrides.tsv	645	local_data_priority_market
lang0	lang0.pak	DST_MARKET_ENDTIME_INFO	72Hr Left	330e65fe014b	剩72时	accepted	legacy/translations/lang0_overrides.tsv	646	
lang0	lang0.pak	DST_MARKET_ENDTIME_SECOND	48 hours	b0e30da24243	48小时	accepted	legacy/translations/lang0_overrides.tsv	647	
lang0	lang0.pak	DST_MARKET_ENDTIME_THIRED	72 hours	59cf33080071	72小时	accepted	legacy/translations/lang0_overrides.tsv	648	
lang0	lang0.pak	DST_MARKET_ETC	Other	6e6a6f2086bb	其他	accepted	legacy/translations/lang0_overrides.tsv	649	
lang0	lang0.pak	DST_MARKET_EXCELLENTTYPE	Excellent	1aafbf548bd1	特级以上	accepted	legacy/translations/lang0_overrides.tsv	650	local_data_priority_market
lang0	lang0.pak	DST_MARKET_EXP_BUFF	EXP Buff	695de190d086	经验值Buff	accepted	legacy/translations/lang0_overrides.tsv	651	local_data_priority_market
lang0	lang0.pak	DST_MARKET_FOOD	Food	35b259290ec3	食物	accepted	legacy/translations/lang0_overrides.tsv	652	
lang0	lang0.pak	DST_MARKET_FORGET_BOOK	Skill Reset Book	30fd8d8ef5c6	忘却之书	accepted	legacy/translations/lang0_overrides.tsv	653	local_data_priority_market
lang0	lang0.pak	DST_MARKET_FORGET_BOOKPLUS	Skill Reset Book+	d0a71221165b	忘却之书+	accepted	legacy/translations/lang0_overrides.tsv	654	local_data_priority_market
lang0	lang0.pak	DST_MARKET_GRADE	Rate	3a9c736b3175	等级	accepted	legacy/translations/lang0_overrides.tsv	655	local_data_priority_market
lang0	lang0.pak	DST_MARKET_GREATER_UPGRADE_STONE_ARMOR	Armor Upgrade(High)	81098c3630c6	服饰强化(高)	accepted	legacy/translations/lang0_overrides.tsv	656	local_data_priority_market
lang0	lang0.pak	DST_MARKET_GREATER_UPGRADE_STONE_WEAPON	Weapon Upgrade (High)	5fecfd851885	武器强化(高)	accepted	legacy/translations/lang0_overrides.tsv	657	local_data_priority_market
lang0	lang0.pak	DST_MARKET_GROVE_KNUCKLE	Glove	bb4e7700e75a	手套	accepted	legacy/translations/lang0_overrides.tsv	658	
lang0	lang0.pak	DST_MARKET_INPUT_NAME	Search	bce06414177f	搜索	accepted	legacy/translations/lang0_overrides.tsv	659	
lang0	lang0.pak	DST_MARKET_ITEMNAME	Item Name	497c978bc23e	道具姓名	accepted	legacy/translations/lang0_overrides.tsv	660	local_data_priority_market
lang0	lang0.pak	DST_MARKET_ITEM_BUY_NOT_SEARCH	Item can't be found	7a13599e9b0a	无法查询该道具。	accepted	legacy/translations/lang0_overrides.tsv	661	local_data_priority_market
lang0	lang0.pak	DST_MARKET_ITEM_NOT_SERACH	No Search Criteria	8bbf424f30e3	尚未输入搜寻条件。	accepted	legacy/translations/lang0_overrides.tsv	662	local_data_priority_market
lang0	lang0.pak	DST_MARKET_ITEM_SERACH_NOTRESULT	Results are shown	02b6e46ae964	已显示结果	accepted	legacy/translations/lang0_overrides.tsv	663	
lang0	lang0.pak	DST_MARKET_LAST_TIME	Time Left	6b03b0a298d4	结束期间	accepted	legacy/translations/lang0_overrides.tsv	664	local_data_priority_market
lang0	lang0.pak	DST_MARKET_LEFT	Last	d1c69a859a96	上页	accepted	legacy/translations/lang0_overrides.tsv	665	
lang0	lang0.pak	DST_MARKET_LEGENDARYTYPE	Legendary	b7e8916505bf	传说	accepted	legacy/translations/lang0_overrides.tsv	666	
lang0	lang0.pak	DST_MARKET_LEVEL_NOT_SERACH	Enter Correct Level Range	daa6bb3978a8	请输入正确等级范围	accepted	legacy/translations/lang0_overrides.tsv	667	
lang0	lang0.pak	DST_MARKET_MAINCATEGORY_INFO	Choose Main Category	8184fbb85a37	选择主分类	accepted	legacy/translations/lang0_overrides.tsv	668	
lang0	lang0.pak	DST_MARKET_MASCOT	Pets	849c2d068505	宠物	accepted	legacy/translations/lang0_overrides.tsv	669	
lang0	lang0.pak	DST_MARKET_MASCOT_FOOD	Pet Food	2f76a1cdda27	饲料	accepted	legacy/translations/lang0_overrides.tsv	670	local_data_priority_market
lang0	lang0.pak	DST_MARKET_MAXLEVEL	Max. Level	cfa6ae4b62a9	最大等级	accepted	legacy/translations/lang0_overrides.tsv	671	local_data_priority_market
lang0	lang0.pak	DST_MARKET_MAX_DURITME	Repair First	88d3a527d94f	请先修理	accepted	legacy/translations/lang0_overrides.tsv	672	
lang0	lang0.pak	DST_MARKET_MINLEVEL	Min. Level	532e2720aa49	最小等级	accepted	legacy/translations/lang0_overrides.tsv	673	local_data_priority_market
lang0	lang0.pak	DST_MARKET_NAME	Name	709a23220f2c	姓名	accepted	legacy/translations/lang0_overrides.tsv	674	local_data_priority_market
lang0	lang0.pak	DST_MARKET_NEW_FOOD	New Food	2fb8b5814622	全新食物	accepted	legacy/translations/lang0_overrides.tsv	675	local_data_priority_market
lang0	lang0.pak	DST_MARKET_NORMALTYPE	Normal	45e118d0563e	一般服饰	accepted	legacy/translations/lang0_overrides.tsv	676	local_data_priority_market
lang0	lang0.pak	DST_MARKET_NORMAL_STONE	Normal Stone	7dd248b90544	普通原石	accepted	legacy/translations/lang0_overrides.tsv	677	local_data_priority_market
lang0	lang0.pak	DST_MARKET_NOT_SERACH	Contains characters that can't be retrieved	1e4822983bcf	关键字中包含了特殊文字无法查询。	accepted	legacy/translations/lang0_overrides.tsv	678	local_data_priority_market
lang0	lang0.pak	DST_MARKET_PRICE	Price	3e8248e32edf	价格	accepted	legacy/translations/lang0_overrides.tsv	679	
lang0	lang0.pak	DST_MARKET_PURE_STONE	Pure stone	58a563c913a8	纯原石	accepted	legacy/translations/lang0_overrides.tsv	680	local_data_priority_market
lang0	lang0.pak	DST_MARKET_RARETYPE	Rare	cce370d2f978	稀有	accepted	legacy/translations/lang0_overrides.tsv	681	
lang0	lang0.pak	DST_MARKET_RECIPE	Recipe	1dcda804c96d	混合	accepted	legacy/translations/lang0_overrides.tsv	682	local_data_priority_market
lang0	lang0.pak	DST_MARKET_RECIPE_ITEM	Recipe	1dcda804c96d	食谱	accepted	legacy/translations/lang0_overrides.tsv	683	local_data_priority_market
lang0	lang0.pak	DST_MARKET_REFRESH	Refresh	56e3badc4e6c	重新整理	accepted	legacy/translations/lang0_overrides.tsv	684	local_data_priority_market
lang0	lang0.pak	DST_MARKET_REGISTRATION	Register	d672995a1465	登录	accepted	legacy/translations/lang0_overrides.tsv	685	local_data_priority_market
lang0	lang0.pak	DST_MARKET_RESORATIVE	Restore	3cbe6d6b9a8d	恢复剂	accepted	legacy/translations/lang0_overrides.tsv	686	local_data_priority_market
lang0	lang0.pak	DST_MARKET_RESORATIVE_ITEM	Restore	3cbe6d6b9a8d	药水	accepted	legacy/translations/lang0_overrides.tsv	687	local_data_priority_market
lang0	lang0.pak	DST_MARKET_RIGHT	Next	bc981983e7f5	下页	accepted	legacy/translations/lang0_overrides.tsv	688	
lang0	lang0.pak	DST_MARKET_SCOUTER	Scouter	8bcb090d6225	史考特	accepted	legacy/translations/lang0_overrides.tsv	689	
lang0	lang0.pak	DST_MARKET_SCOUTER_MAIN	Chip	f8fd9bc39f71	本机	accepted	legacy/translations/lang0_overrides.tsv	690	local_data_priority_market
lang0	lang0.pak	DST_MARKET_SCOUTER_PART	Upgrade	a6f47e00e036	晶片	accepted	legacy/translations/lang0_overrides.tsv	691	local_data_priority_market
lang0	lang0.pak	DST_MARKET_SEARCH_ITEM	Select the category, enter a search term,press search	eeceae1f39e7	请选择欲搜寻道具的分类后输入关键字按搜寻钮。	accepted	legacy/translations/lang0_overrides.tsv	692	local_data_priority_market
lang0	lang0.pak	DST_MARKET_SELL	"[align = ""center""][font size = ""12"" color=""f4d762""]Auction Sale[/font][br][br][font size = ""10"" color=""269eff""]You are now selling an item.[/font][br][br][font size = ""10"" color=""ffffff""]Item(s): %d[br]Fee to Sell: %s Zeni[/font][br][br][font size = ""10"" color=""f36a7c""]Put Item on Sale?[/font][br]"	dd4832c3b196	"[align = ""center""][font size = ""12"" color=""f4d762""]出售确认[/font][br][br][font size = ""10"" color=""269eff""]你正在出售物品。[/font][br][br][font size = ""10"" color=""ffffff""]物品数: %d[br]手续费: %s 索[/font][br][br][font size = ""10"" color=""f36a7c""]是否上架?[/font][br]"	accepted	legacy/translations/lang0_overrides.tsv	693	
lang0	lang0.pak	DST_MARKET_SELLER	Seller	ec3ef051d5a8	卖家	accepted	legacy/translations/lang0_overrides.tsv	694	
lang0	lang0.pak	DST_MARKET_SELLITEM_CANCEL	Click 'Cancel' to Cancel the Auction	366d8c8e166d	点取消可取消拍卖	accepted	legacy/translations/lang0_overrides.tsv	695	
lang0	lang0.pak	DST_MARKET_SELLTEXT	Sell	fa3cf2ad51e0	贩卖	accepted	legacy/translations/lang0_overrides.tsv	696	local_data_priority_market
lang0	lang0.pak	DST_MARKET_SELL_CANCEL	"[align = ""center""][font size = ""12"" color=""f4d762""]Cancel Auction[/font][br][br][font size = ""10"" color=""269eff""]Cancel the following:[/font][br][br][font size = ""10"" color=""ffffff""]%s[br]Sale Price: %s Zeni[/font][br][br][font size = ""10"" color=""f36a7c""]Do you want to Cancel?[/font][br]"	6a7204ff3159	"[align = ""center""][font size = ""12"" color=""f4d762""]取消委托贩卖道具[/font][br][br][font size = ""10"" color=""269font""] 将取消下列登录」[10"" color=""269""] 取消color=""ffffff""]%s[br]卖价 : %sZ[/font][br][br][font size = ""10"" color=""f36a7c""][警告] 您确定要取消吗？"	accepted	legacy/translations/lang0_overrides.tsv	697	local_data_priority_market
lang0	lang0.pak	DST_MARKET_SELL_ITMEPRICE	Price	3e8248e32edf	价格	accepted	legacy/translations/lang0_overrides.tsv	698	
lang0	lang0.pak	DST_MARKET_SELL_NOT	Cancel	77dfd2135f4d	贩卖取消	accepted	legacy/translations/lang0_overrides.tsv	699	local_data_priority_market
lang0	lang0.pak	DST_MARKET_SELL_PRICE	Charge	d4e1aee46cda	手续费	accepted	legacy/translations/lang0_overrides.tsv	700	local_data_priority_market
lang0	lang0.pak	DST_MARKET_SERACH_ITEM	Search	bce06414177f	搜寻	accepted	legacy/translations/lang0_overrides.tsv	701	local_data_priority_market
lang0	lang0.pak	DST_MARKET_SERACH_REFRESH	Refresh	56e3badc4e6c	刷新	accepted	legacy/translations/lang0_overrides.tsv	702	
lang0	lang0.pak	DST_MARKET_STUFF	Material	d8169782b57c	材料	accepted	legacy/translations/lang0_overrides.tsv	703	
lang0	lang0.pak	DST_MARKET_SUBCATEGORY_INFO	Choose Sub Category	43aa8d15d7d4	选择子分类	accepted	legacy/translations/lang0_overrides.tsv	704	
lang0	lang0.pak	DST_MARKET_SUBCATEGORY_NOT_SERACH	Select a subcategory	e07d65fa03a8	请选择子分类	accepted	legacy/translations/lang0_overrides.tsv	705	
lang0	lang0.pak	DST_MARKET_SUBWEAPON	Sub Weapon	ffe8c8e988c7	辅助武器	accepted	legacy/translations/lang0_overrides.tsv	706	local_data_priority_market
lang0	lang0.pak	DST_MARKET_SUPERIORTYPE	Super	f6889fc97e14	优质	accepted	legacy/translations/lang0_overrides.tsv	707	
lang0	lang0.pak	DST_MARKET_TITLE	Auction House	4dcdd7d31d86	天下第一大市场	accepted	legacy/translations/lang0_overrides.tsv	708	local_data_priority_market
lang0	lang0.pak	DST_MARKET_UPGRADE_STONE_ARMOR	Armor Upgrade	a91b2b91f4c6	服饰强化	accepted	legacy/translations/lang0_overrides.tsv	709	local_data_priority_market
lang0	lang0.pak	DST_MARKET_UPGRADE_STONE_WEAPON	Weapon Upgrade	74ef6c4f013d	武器强化	accepted	legacy/translations/lang0_overrides.tsv	710	local_data_priority_market
lang0	lang0.pak	DST_MARKET_USELEVLE	Level	7c7f5d049fad	等级	accepted	legacy/translations/lang0_overrides.tsv	711	
lang0	lang0.pak	DST_MARKET_USE_ITEM	Available	7c62a1424469	可用	accepted	legacy/translations/lang0_overrides.tsv	712	
lang0	lang0.pak	DST_MARKET_WEAPON	Weapon	ead533685e26	主武器	accepted	legacy/translations/lang0_overrides.tsv	713	local_data_priority_market
lang0	lang0.pak	DST_STAFF	Staff	a4730a22cf49	杖	accepted	legacy/translations/lang0_overrides.tsv	716	
lang0	lang0.pak	DST_MIGHTY_MAJIN	Mighty Majin	5873eace4c5e	大魔人	accepted	legacy/translations/lang0_overrides.tsv	717	
lang0	lang0.pak	DST_WONDER_MAJIN	Wonder Majin	89fdfb37cb7f	意魔人	accepted	legacy/translations/lang0_overrides.tsv	718	
lang0	lang0.pak	DST_STREET_FIGHTER	Fighter	7f3c61ac8b0b	格斗家	accepted	legacy/translations/lang0_overrides.tsv	719	
lang0	lang0.pak	DST_SWORD_MASTER	Swordsman	b39501ca197b	剑术家	accepted	legacy/translations/lang0_overrides.tsv	720	
lang0	lang0.pak	DST_DARK_WARRIOR	Dark Warrior	ad7a940f7168	魔界战士	accepted	legacy/translations/lang0_overrides.tsv	721	
lang0	lang0.pak	DST_SHADOW_KNIGHT	Shadow Knight	36dee10e42bf	魔导战士	accepted	legacy/translations/lang0_overrides.tsv	722	
lang0	lang0.pak	DST_DENDEN_HEALER	Dende Priest	9470e1f0d859	天天导师	accepted	legacy/translations/lang0_overrides.tsv	723	
lang0	lang0.pak	DST_POCO_SUMMONER	Poko Priest	75e260c302d5	波可导师	accepted	legacy/translations/lang0_overrides.tsv	724	
lang0	lang0.pak	DST_ULTI_MA	Ultimate Majin	40e99d68c8fe	奥迪魔	accepted	legacy/translations/lang0_overrides.tsv	725	
lang0	lang0.pak	DST_GRAND_MA	Grand Chef Majin	c23516490ca9	葛兰魔	accepted	legacy/translations/lang0_overrides.tsv	726	
lang0	lang0.pak	DST_PLAS_MA	Plasma Majin	95b123fcd50b	普立兹魔	accepted	legacy/translations/lang0_overrides.tsv	727	
lang0	lang0.pak	DST_KAR_MA	Karma Majin	f54067bf331a	卡尔魔	accepted	legacy/translations/lang0_overrides.tsv	728	
lang0	lang0.pak	DST_SCROLL	Scroll	090a3c807816	卷轴	accepted	legacy/translations/lang0_overrides.tsv	729	
lang0	lang0.pak	DST_GEM	Gem	ae634fdf7461	宝	accepted	legacy/translations/lang0_overrides.tsv	730	
lang0	lang0.pak	DST_STICK	Stick	41460ebaa0e8	棍	accepted	legacy/translations/lang0_overrides.tsv	731	
lang0	lang0.pak	DST_SWORD	Sword	4a126f4379ee	剑	accepted	legacy/translations/lang0_overrides.tsv	732	
lang0	lang0.pak	DST_FAN	Fan	ec384064ecf4	扇	accepted	legacy/translations/lang0_overrides.tsv	733	
lang0	lang0.pak	DST_WAND	Wand	2af4fc97b86a	短棍	accepted	legacy/translations/lang0_overrides.tsv	734	
lang0	lang0.pak	DST_INSTRUMENT	Trumpet	66c3284825be	乐器	accepted	legacy/translations/lang0_overrides.tsv	735	
lang0	lang0.pak	DST_DRUM	Drum	32bad1d2cace	鼓	accepted	legacy/translations/lang0_overrides.tsv	736	
lang0	lang0.pak	DST_MASK	Mask	8aadf1657da5	面具	accepted	legacy/translations/lang0_overrides.tsv	737	
lang0	lang0.pak	DST_MAILSYSTEM_ALREADY_OPEN	Mail window is already open.	29998adbbc73	邮件窗口已打开。	accepted	legacy/translations/lang0_overrides.tsv	740	
lang0	lang0.pak	DST_MAILSYSTEM_ATTACH_DISABLED_MSG	Can't Attach	fbb842196573	无法附加	accepted	legacy/translations/lang0_overrides.tsv	741	
lang0	lang0.pak	DST_MAILSYSTEM_DELMAILNUM	Deleted Mail	d8f9c36b4051	已删邮件	accepted	legacy/translations/lang0_overrides.tsv	742	
lang0	lang0.pak	DST_MAILSYSTEM_MAILBOX	Mailbox	2f5c26f8354e	邮箱	accepted	legacy/translations/lang0_overrides.tsv	743	
lang0	lang0.pak	DST_MAILSYSTEM_MAIL_ALARM	[Notifications] %s	f706083e336d	[通知] %s	accepted	legacy/translations/lang0_overrides.tsv	744	
lang0	lang0.pak	DST_MAILSYSTEM_MAIL_ATTACH	Attach	1afff0157ce3	附加	accepted	legacy/translations/lang0_overrides.tsv	745	
lang0	lang0.pak	DST_MAILSYSTEM_MAIL_ATTACH_2	Item Attachment	0e130fd56d03	附加物品	accepted	legacy/translations/lang0_overrides.tsv	746	
lang0	lang0.pak	DST_MAILSYSTEM_MAIL_ATTACH_REQ	Request	4aed03cac49d	请求	accepted	legacy/translations/lang0_overrides.tsv	747	
lang0	lang0.pak	DST_MAILSYSTEM_MAIL_ATTACH_SEND	Send	9bc2575c3930	发送	accepted	legacy/translations/lang0_overrides.tsv	748	
lang0	lang0.pak	DST_MAILSYSTEM_MAIL_AWAY	Away	4fae89296662	离开	accepted	legacy/translations/lang0_overrides.tsv	749	
lang0	lang0.pak	DST_MAILSYSTEM_MAIL_AWAY_OFF	Away Off	6f5f79fa5368	离开关	accepted	legacy/translations/lang0_overrides.tsv	750	
lang0	lang0.pak	DST_MAILSYSTEM_MAIL_AWAY_ON	Away On	93737313c231	离开开	accepted	legacy/translations/lang0_overrides.tsv	751	
lang0	lang0.pak	DST_MAILSYSTEM_MAIL_CONTENT	Content	4f9be057f0ea	内容	accepted	legacy/translations/lang0_overrides.tsv	752	
lang0	lang0.pak	DST_MAILSYSTEM_MAIL_DELETE	Delete	f6fdbe48dc54	删除	accepted	legacy/translations/lang0_overrides.tsv	753	
lang0	lang0.pak	DST_MAILSYSTEM_MAIL_EMPTYMAIL	Your Mailbox is Empty	2c6bf3296fdd	邮箱为空	accepted	legacy/translations/lang0_overrides.tsv	754	
lang0	lang0.pak	DST_MAILSYSTEM_MAIL_EXPIRED_DAY	%u Day	f89abd84b507	%u天	accepted	legacy/translations/lang0_overrides.tsv	755	
lang0	lang0.pak	DST_MAILSYSTEM_MAIL_EXPIRED_DAY_LOCK	Lock	891ebccd5baa	锁定	accepted	legacy/translations/lang0_overrides.tsv	756	
lang0	lang0.pak	DST_MAILSYSTEM_MAIL_EXPIRED_DAY_TITLE	Expiration Date	29a152dbe5f2	到期日	accepted	legacy/translations/lang0_overrides.tsv	757	
lang0	lang0.pak	DST_MAILSYSTEM_MAIL_FROM	From	3f66052a107e	来自	accepted	legacy/translations/lang0_overrides.tsv	758	
lang0	lang0.pak	DST_MAILSYSTEM_MAIL_MARKET	World Markets	6c550d27c635	天下第一大市场	accepted	legacy/translations/lang0_overrides.tsv	759	local_data_priority_market
lang0	lang0.pak	DST_MAILSYSTEM_MAIL_REPLY	Reply	6c2bb735a46a	回复	accepted	legacy/translations/lang0_overrides.tsv	760	
lang0	lang0.pak	DST_MAILSYSTEM_MAIL_RESET	Reset	44c57abd888a	重置	accepted	legacy/translations/lang0_overrides.tsv	761	
lang0	lang0.pak	DST_MAILSYSTEM_MAIL_RETURN	Return	24f096b221f9	退回	accepted	legacy/translations/lang0_overrides.tsv	762	
lang0	lang0.pak	DST_MAILSYSTEM_MAIL_SEND	Send	9bc2575c3930	发送	accepted	legacy/translations/lang0_overrides.tsv	763	
lang0	lang0.pak	DST_MAILSYSTEM_MAIL_SENDDATE	Date Sent: %u/%u/%u %s %u:%u	6c959ef27910	发送日:%u/%u/%u %s %u:%u	accepted	legacy/translations/lang0_overrides.tsv	764	
lang0	lang0.pak	DST_MAILSYSTEM_MAIL_SYSTEM_MAIL	[System Mail]	5d017544724b	[系统邮件]	accepted	legacy/translations/lang0_overrides.tsv	765	
lang0	lang0.pak	DST_MAILSYSTEM_MAIL_TO	To	ae79ea1e9c63	至	accepted	legacy/translations/lang0_overrides.tsv	766	
lang0	lang0.pak	DST_MAILSYSTEM_MAIL_ZENNY	Zeni	2b223d64d741	索尼	accepted	legacy/translations/lang0_overrides.tsv	767	
lang0	lang0.pak	DST_MAILSYSTEM_MAIL_ZENNY_REQ	Give Zeni (BEWARE SCAM)	1db5d9f82f4d	索尼请求(慎防诈骗)	accepted	legacy/translations/lang0_overrides.tsv	768	
lang0	lang0.pak	DST_MAILSYSTEM_MAIL_ZENNY_SEND	Take Zeni	76c0b84873af	领取索尼	accepted	legacy/translations/lang0_overrides.tsv	769	
lang0	lang0.pak	DST_MAILSYSTEM_MSG_ATTACH_ITEM_NOT	Item can't be attached to Mail	3bc1602dd18f	物品无法附加到邮件	accepted	legacy/translations/lang0_overrides.tsv	770	
lang0	lang0.pak	DST_MAILSYSTEM_MSG_ATTACH_ZENNY	Maximum Zeni to attach or request is %s	d1425f51814b	最多可附加或请求%s索尼	accepted	legacy/translations/lang0_overrides.tsv	771	
lang0	lang0.pak	DST_MAILSYSTEM_MSG_AWAY_OFF	"[align = ""center""]Available Status[br][br]If you turn off Away Mode[br]you can receive Mail again.[br][br]Turn Off Away Mode?"	e1fbf669f59b	"[align = ""center""]可收信状态[br][br]关闭离开模式后[br]可再次接收邮件。[br][br]关闭离开模式?"	accepted	legacy/translations/lang0_overrides.tsv	772	
lang0	lang0.pak	DST_MAILSYSTEM_MSG_AWAY_ON	"[align = ""center""]Away Status[br][br]If you set your status to away[br]all Mail will be Denied.[br]You won't receive Mail.[br][br]Switch to Away Mode?"	cfc13a0beea0	"[align = ""center""]离开状态[br][br]设为离开后[br]所有邮件会被拒收。[br]你将无法接收邮件。[br][br]切换到离开模式?"	accepted	legacy/translations/lang0_overrides.tsv	773	
lang0	lang0.pak	DST_MAILSYSTEM_MSG_DELETE	"[align = ""center""][font size = ""12"" color=""f4d762""]Delete Mail[/font][br][br][font size = ""10"" color=""f36a7c""]Deleting the selected Mail.[br][br]It's not possible to recover the deleted Mail[br]Please Choose carefully.[/font][br][br][font size = ""10"" color=""ffffff""]Delete Selected Mail?[/font]"	4a47aca5ad0a	"[align = ""center""][font size = ""12"" color=""f4d762""]删除邮件[/font][br][br][font size = ""10"" color=""f36a7c""]将删除所选邮件。[br][br]删除后无法恢复，[br]请谨慎选择。[/font][br][br][font size = ""10"" color=""ffffff""]删除所选邮件?[/font]"	accepted	legacy/translations/lang0_overrides.tsv	774	
lang0	lang0.pak	DST_MAILSYSTEM_MSG_MAIL_CONTENT_BUFFEROVER	Max 128 Characters	3eb254056364	最多128字符	accepted	legacy/translations/lang0_overrides.tsv	775	
lang0	lang0.pak	DST_MAILSYSTEM_MSG_MAIL_CONTENT_SLANGDER	"[align = ""center""]Compose Mail[br][br]In the mail you used forbidden words[br][br]please edit"	6aa78cea946c	"[align = ""center""]写邮件[br][br]邮件内容含禁用词[br][br]请修改"	accepted	legacy/translations/lang0_overrides.tsv	776	
lang0	lang0.pak	DST_MAILSYSTEM_MSG_MAIL_NOT_LOCK	Mail Zeni Requests can't be Locked	c5d984bfd106	索尼请求邮件不能锁定	accepted	legacy/translations/lang0_overrides.tsv	777	
lang0	lang0.pak	DST_MAILSYSTEM_MSG_NOTFIND_SELECTED_MAIL	No Mail Selected	121704775cba	未选择邮件	accepted	legacy/translations/lang0_overrides.tsv	778	
lang0	lang0.pak	DST_MAILSYSTEM_MSG_PLEASE_MAILCONTENT	"[align = ""center""]Mail[br][br]Make sure that all fields,[br]are filled in[br][br]you can use[br]a maximum of 128 characters"	fbedd15c6b6f	"[align = ""center""]邮件[br][br]请确认所有字段[br]都已填写[br][br]最多可输入[br]128个字符"	accepted	legacy/translations/lang0_overrides.tsv	779	
lang0	lang0.pak	DST_MAILSYSTEM_MSG_PLEASE_TARGETNAME	"[align = ""center""]Sending Mail[br][br]Sending Mail, enter name[br]of receiver.[br][br]Character name must be[br]2-8 characters.[br][br]Type name of receiver."	0cf65af871af	"[align = ""center""]发送邮件[br][br]请输入收件人名称。[br][br]角色名必须为[br]2-8个字符。[br][br]请输入收件人。"	accepted	legacy/translations/lang0_overrides.tsv	780	
lang0	lang0.pak	DST_MAILSYSTEM_MSG_RECEIVE_ACCEPT_MAIL	Received Mail from %s	428a2aa7fa4a	收到%s的邮件	accepted	legacy/translations/lang0_overrides.tsv	781	
lang0	lang0.pak	DST_MAILSYSTEM_MSG_RECEIVE_ITEM	Received %s Item Attached to Mail	affc1016c5f1	收到邮件附加物品%s	accepted	legacy/translations/lang0_overrides.tsv	782	
lang0	lang0.pak	DST_MAILSYSTEM_MSG_RECEIVE_ITEM_ACCEPT	"[align = ""center""][font size = ""12"" color=""f4d762""]Receiving Mail[/font][br][br][font size = ""10"" color=""269eff""]There are[br]attached Items in this Mail.[br][br]Received[br]attached items go to your Inventory.[/font][br][br][font size = ""10"" color=""f36a7c""]Item: %s[br][br]Make sure you have an Empty Slot.[/font][br][br][font size = ""10"" color=""ffffff""]Receive Item?[/font]"	a6fc6be772a3	"[align = ""center""][font size = ""12"" color=""f4d762""]领取邮件[/font][br][br][font size = ""10"" color=""269eff""]此邮件中[br]有附加物品。[br][br]领取后[br]物品会进入背包。[/font][br][br][font size = ""10"" color=""f36a7c""]物品: %s[br][br]请确认背包有空格。[/font][br][br][font size = ""10"" color=""ffffff""]领取物品?[/font]"	accepted	legacy/translations/lang0_overrides.tsv	783	
lang0	lang0.pak	DST_MAILSYSTEM_MSG_RECEIVE_ITEM_ZENNY_ACCEPT	"[align = ""center""]Receive Item & Zeni[br][br]An Item & Zeni[br]are attached.[br][br]There's an Item attached to Mail[br]with Zeni.[br][br]Zeni: %s[br]Item: %s[br][br]Make sure you have an Empty Slot.[br][br]Receive Item & Zeni?"	ef9cdc052c3c	"[align = ""center""]领取物品和索尼[br][br]邮件附有物品和索尼。[br][br]索尼: %s[br]物品: %s[br][br]请确认背包有空格。[br][br]领取物品和索尼?"	accepted	legacy/translations/lang0_overrides.tsv	784	
lang0	lang0.pak	DST_MAILSYSTEM_MSG_RECEIVE_ITEM_ZENNY_REQ_ACCEPT	"[align = ""center""][font size = ""12"" color=""f4d762""]Item/Zeni Request[/font][br][br][font size = ""10"" color=""269eff""]There is a Mail requesting[br]Zeni for attached Item.[br][br]If you receive this Mail, you'll receive the attached Item[br]and send Zeni[br]to Player.[/font][br][br][font size = ""10"" color=""f36a7c""]Item: %s[br]Cost Zeni: %s[br][br]You're not getting Zeni but paying.[br]Select carefully.[/font][br][br][font size = ""10"" color=""ffffff""]Accept Item/Zeni Request?[/font]"	ad74e9341292	"[align = ""center""][font size = ""12"" color=""f4d762""]物品/索尼请求[/font][br][br][font size = ""10"" color=""269eff""]此邮件请求索尼换取物品。[br][br]领取后会获得附加物品，[br]并向玩家支付索尼。[/font][br][br][font size = ""10"" color=""f36a7c""]物品: %s[br]花费索尼: %s[br][br]这是付款而不是收款，[br]请谨慎选择。[/font][br][br][font size = ""10"" color=""ffffff""]接受物品/索尼请求?[/font]"	accepted	legacy/translations/lang0_overrides.tsv	785	
lang0	lang0.pak	DST_MAILSYSTEM_MSG_RECEIVE_ZENNY	Received %s Zeni	e06dfb3e11f2	收到%s索尼	accepted	legacy/translations/lang0_overrides.tsv	786	
lang0	lang0.pak	DST_MAILSYSTEM_MSG_RECEIVE_ZENNY_ACCEPT	"[align = ""center""][font size = ""12"" color=""f4d762""]Receive Zeni[/font][br][br][font size = ""10"" color=""269eff""]There is[br]Zeni attached to this Mail.[br][br]You'll receive[br]the attached Zeni.[/font][br][br][font size = ""10"" color=""f36a7c""]Zeni: %s[/font][br][br][font size = ""10"" color=""ffffff""]Receive Zeni?[/font]"	4ae6dc946140	"[align = ""center""][font size = ""12"" color=""f4d762""]领取索尼[/font][br][br][font size = ""10"" color=""269eff""]此邮件附有索尼。[br][br]领取后[br]索尼会到账。[/font][br][br][font size = ""10"" color=""f36a7c""]索尼: %s[/font][br][br][font size = ""10"" color=""ffffff""]领取索尼?[/font]"	accepted	legacy/translations/lang0_overrides.tsv	787	
lang0	lang0.pak	DST_MAILSYSTEM_MSG_RECEIVE_ZENNY_REQ	%s requested Zeni sent to %s	50a3644d241e	%s请求向%s发送索尼	accepted	legacy/translations/lang0_overrides.tsv	788	
lang0	lang0.pak	DST_MAILSYSTEM_MSG_RECEIVE_ZENNY_REQ_ACCEPT	"[align = ""center""][font size = ""12"" color=""f4d762""]Zeni Request[/font][br][br][font size = ""10"" color=""ffffff""]There is content requesting Zeni[br]in this mail.[br][br]If you receive this Mail you send the requested Zeni[br]to Player.[/font][br][br][font size = ""10"" color=""f36a7c""]Cost Zeni: %s[br][br]This is NOT receiving Zeni but paying.[br]Select Carefully.[/font][br][br][font size = ""10"" color=""ffffff""]Accept Request?[/font]"	8555ea561e89	"[align = ""center""][font size = ""12"" color=""f4d762""]索尼请求[/font][br][br][font size = ""10"" color=""ffffff""]此邮件请求索尼。[br][br]领取此邮件后，你会把请求的索尼[br]发送给玩家。[/font][br][br][font size = ""10"" color=""f36a7c""]花费索尼: %s[br][br]这是付款，不是收款。[br]请谨慎选择。[/font][br][br][font size = ""10"" color=""ffffff""]接受请求?[/font]"	accepted	legacy/translations/lang0_overrides.tsv	789	
lang0	lang0.pak	DST_MAILSYSTEM_MSG_REPLY_MAIL_ITEM	%s receive %s Item from 	a9f06f79cc9c	%s收到%s物品，来自	accepted	legacy/translations/lang0_overrides.tsv	790	
lang0	lang0.pak	DST_MAILSYSTEM_MSG_REPLY_MAIL_ITEM_ZENNY	%s Item received & %s Zeni which %s sent	5ac91939ad5e	%s物品已收，%s索尼由%s发送	accepted	legacy/translations/lang0_overrides.tsv	791	
lang0	lang0.pak	DST_MAILSYSTEM_MSG_REPLY_MAIL_ITEM_ZENNY_REQ	%s received %s Items & Sent requested %s Zeni	38d69c030292	%s收到%s物品并发送请求的%s索尼	accepted	legacy/translations/lang0_overrides.tsv	792	
lang0	lang0.pak	DST_MAILSYSTEM_MSG_REPLY_MAIL_ZENNY	%s Zeni received that %s sent	a682596d0c20	%s索尼已收到，来自%s	accepted	legacy/translations/lang0_overrides.tsv	793	
lang0	lang0.pak	DST_MAILSYSTEM_MSG_REPLY_MAIL_ZENNY_REQ	%s sent %s Zeni	9abe382095b2	%s发送%s索尼	accepted	legacy/translations/lang0_overrides.tsv	794	
lang0	lang0.pak	DST_MAILSYSTEM_MSG_RETRUN_MAIL	%s Returned Mail.	0b3c9b7bd847	%s退回邮件。	accepted	legacy/translations/lang0_overrides.tsv	795	
lang0	lang0.pak	DST_MAILSYSTEM_MSG_RETURN	"[align = ""center""][font size = ""12"" color=""f4d762""]Mail Return[/font][br][br][font size = ""10"" color=""f36a7c""]Return selected Mail[br]Caution[br][br]Once returned you can't receive again.[/font][br][br][font size = ""10"" color=""ffffff""]Do you want to return the Mail?[/font]"	dd7d76b88b39	"[align = ""center""][font size = ""12"" color=""f4d762""]退回邮件[/font][br][br][font size = ""10"" color=""f36a7c""]退回所选邮件。[br]注意:[br][br]退回后无法再次领取。[/font][br][br][font size = ""10"" color=""ffffff""]要退回此邮件吗?[/font]"	accepted	legacy/translations/lang0_overrides.tsv	796	
lang0	lang0.pak	DST_MAILSYSTEM_MSG_SELECT_REQ_OR_SEND	"[align = ""center""][font size = ""12"" color=""f4d762""]Request/Send Zeni[/font][br][br][font size = ""10"" color=""269eff""]Requesting/Sending Zeni in mail[/font][br][font size = ""10"" color=""ffffff""]Select[br][br]attach Zeni by Requesting or Sending[br]Attach Zeni.[/font]"	5bf25fc07e0d	"[align = ""center""][font size = ""12"" color=""f4d762""]请求/发送索尼[/font][br][br][font size = ""10"" color=""269eff""]在邮件中请求或发送索尼[/font][br][font size = ""10"" color=""ffffff""]请选择[br][br]请求对方支付索尼[br]或附加索尼。[/font]"	accepted	legacy/translations/lang0_overrides.tsv	797	
lang0	lang0.pak	DST_MAILSYSTEM_MSG_SEND_BASIC	"[align = ""center""][font size = ""12"" color=""f4d762""]Send Mail[/font][br][br][font size = ""10"" color=""269eff""]Sending mail costs Zeni.[/font][br][br][font size = ""10"" color=""f36a7c""]Fee: %s Zeni[/font][br][br][font size = ""10"" color=""ffffff""]Send Mail?[/font]"	fdff525a5b60	"[align = ""center""][font size = ""12"" color=""f4d762""]发送邮件[/font][br][br][font size = ""10"" color=""269eff""]发送邮件需要索尼。[/font][br][br][font size = ""10"" color=""f36a7c""]费用: %s索尼[/font][br][br][font size = ""10"" color=""ffffff""]发送邮件?[/font]"	accepted	legacy/translations/lang0_overrides.tsv	798	
lang0	lang0.pak	DST_MAILSYSTEM_MSG_SEND_ITEM	"[align = ""center""][font size = ""12"" color=""f4d762""]Send Item[/font][br][br][font size = ""10"" color=""269eff""]Sending Items Costs Zeni.[/font][br][br][font size = ""10"" color=""f36a7c""]Fee: %s Zeni[br]Attached item: %s[/font][br][br][font size = ""10"" color=""ffffff""]Send Mail? [/font]"	8eb9b47040c5	"[align = ""center""][font size = ""12"" color=""f4d762""]发送物品[/font][br][br][font size = ""10"" color=""269eff""]发送物品需要索尼。[/font][br][br][font size = ""10"" color=""f36a7c""]费用: %s索尼[br]附加物品: %s[/font][br][br][font size = ""10"" color=""ffffff""]发送邮件? [/font]"	accepted	legacy/translations/lang0_overrides.tsv	799	
lang0	lang0.pak	DST_MAILSYSTEM_MSG_SEND_ITEM_ZENNY	"[align = ""center""][font size = ""12"" color=""f4d762""]Item/Zeni[/font][br][br][font size = ""10"" color=""269eff""]Sending mail and item costs Zeni.[/font][br][br][font size = ""10"" color=""f36a7c""]Fee: %s Zeni[br]Attached Item: %s[br][br]Zeni: %s[/font][br][br][font size = ""10"" color=""ffffff""]Send Mail?[/font]"	122025dce8a7	"[align = ""center""][font size = ""12"" color=""f4d762""]物品/索尼[/font][br][br][font size = ""10"" color=""269eff""]发送邮件和物品需要索尼。[/font][br][br][font size = ""10"" color=""f36a7c""]费用: %s索尼[br]附加物品: %s[br][br]索尼: %s[/font][br][br][font size = ""10"" color=""ffffff""]发送邮件?[/font]"	accepted	legacy/translations/lang0_overrides.tsv	800	
lang0	lang0.pak	DST_MAILSYSTEM_MSG_SEND_ITEM_ZENNY_REQ	"[align = ""center""][font size = ""12"" color=""f4d762""]Item/Zeni Request[/font][br][br][font size = ""10"" color=""269eff""]Sending mail costs Zeni.[/font][br][br][font size = ""10"" color=""f36a7c""]Fee: %s Zeni[br]Attached Item: %s[br]Zeni requested: %s[/font][br][br][font size = ""10"" color=""ffffff""]Send Mail?[/font]"	f912b8bc509e	"[align = ""center""][font size = ""12"" color=""f4d762""]物品/索尼请求[/font][br][br][font size = ""10"" color=""269eff""]发送邮件需要索尼。[/font][br][br][font size = ""10"" color=""f36a7c""]费用: %s索尼[br]附加物品: %s[br]请求索尼: %s[/font][br][br][font size = ""10"" color=""ffffff""]发送邮件?[/font]"	accepted	legacy/translations/lang0_overrides.tsv	801	
lang0	lang0.pak	DST_MAILSYSTEM_MSG_SEND_SUCCEED	Sent Mail to %s	3a28c17458f6	邮件已发给%s	accepted	legacy/translations/lang0_overrides.tsv	802	
lang0	lang0.pak	DST_MAILSYSTEM_MSG_SEND_ZENNY	"[align = ""center""][font size = ""12"" color=""f4d762""]Send Zeni[/font][br][br][font size = ""10"" color=""269eff""]Sending mail costs Zeni.[/font][br][br][font size = ""10"" color=""f36a7c""]Fee: %s Zeni[br]Zeni: %s[/font][br][br][font size = ""10"" color=""ffffff""]Send Mail?[/font]"	8c1a632b784b	"[align = ""center""][font size = ""12"" color=""f4d762""]发送索尼[/font][br][br][font size = ""10"" color=""269eff""]发送邮件需要索尼。[/font][br][br][font size = ""10"" color=""f36a7c""]费用: %s索尼[br]索尼: %s[/font][br][br][font size = ""10"" color=""ffffff""]发送邮件?[/font]"	accepted	legacy/translations/lang0_overrides.tsv	803	
lang0	lang0.pak	DST_MAILSYSTEM_MSG_SEND_ZENNY_REQ	"[align = ""center""][font size = ""12"" color=""f4d762""]Zeni Request[/font][br][br][font size = ""10"" color=""269eff""]Sending mail costs Zeni.[/font][br][br][font size = ""10"" color=""f36a7c""]Fee: %s Zeni[br]Zeni: %s[/font][br][br][font size = ""10"" color=""ffffff""]Send Mail?[/font]"	482c8e0baffc	"[align = ""center""][font size = ""12"" color=""f4d762""]索尼请求[/font][br][br][font size = ""10"" color=""269eff""]发送邮件需要索尼。[/font][br][br][font size = ""10"" color=""f36a7c""]费用: %s索尼[br]索尼: %s[/font][br][br][font size = ""10"" color=""ffffff""]发送邮件?[/font]"	accepted	legacy/translations/lang0_overrides.tsv	804	
lang0	lang0.pak	DST_MAILSYSTEM_NEGATIVE_CHECK_ATTACH	Can't Use Attachments in this Mail	b8ba9bbf9df0	此邮件无法使用附件	accepted	legacy/translations/lang0_overrides.tsv	805	
lang0	lang0.pak	DST_MAILSYSTEM_NEGATIVE_CHECK_LOCK	You can't select Locked Mail	ea619237f8f4	不能选择锁定邮件	accepted	legacy/translations/lang0_overrides.tsv	806	
lang0	lang0.pak	DST_MAILSYSTEM_NOTREADMAILNUM	Unread Mail	35950d221b14	未读邮件	accepted	legacy/translations/lang0_overrides.tsv	807	
lang0	lang0.pak	DST_MAILSYSTEM_NOT_DELETE_BY_ITEMZENNY	Can't delete item or Zeni.	10f84b7b114f	无法删除含物品或索尼邮件	accepted	legacy/translations/lang0_overrides.tsv	808	
lang0	lang0.pak	DST_MAILSYSTEM_NOT_DELETE_BY_LOCK	Mail is locked and can't be deleted.	d4f0dde1cffb	邮件已锁定，无法删除。	accepted	legacy/translations/lang0_overrides.tsv	809	
lang0	lang0.pak	DST_MAILSYSTEM_NOT_DELETE_BY_ZENNY_CLAIM	Zeni claim can't be deleted.	a547c1c50aec	索尼请求不能删除。	accepted	legacy/translations/lang0_overrides.tsv	810	
lang0	lang0.pak	DST_MAILSYSTEM_NOT_IDENTIFICATION	Can't Identify	e086dd5b53ab	无法鉴定	accepted	legacy/translations/lang0_overrides.tsv	811	
lang0	lang0.pak	DST_MAILSYSTEM_NOT_IDENTIFICATION_ITEM	Mystery Item	ed770708567b	未知物品	accepted	legacy/translations/lang0_overrides.tsv	812	
lang0	lang0.pak	DST_MAILSYSTEM_OPEN_SENDMAIL_CONFIRM_MSGBOX	"[align = ""center][font size=""12""color=""f4d762""]Mailbox Access[/font][br][br][font size=""10""color=""269eff""]Pet use rings[br]to get remote access to Mailbox[br]Connecting: You are connecting[br]Connect Now?[/font]"	e1ca771c5f92	"[align = ""center][font size=""12""color=""f4d762""]邮箱访问[/font][br][br][font size=""10""color=""269eff""]宠物使用戒指[br]可远程连接邮箱。[br]连接中: 正在连接[br]现在连接?[/font]"	accepted	legacy/translations/lang0_overrides.tsv	813	
lang0	lang0.pak	DST_MAILSYSTEM_STATUS	Mail Box	0270e7dbee2b	邮箱	accepted	legacy/translations/lang0_overrides.tsv	814	
lang0	lang0.pak	DST_MAILSYSTEM_STATUS_FULL	Mailbox is Full	8335e19639ad	邮箱已满	accepted	legacy/translations/lang0_overrides.tsv	815	
lang0	lang0.pak	DST_MAILSYSTEM_STATUS_UNREAD	You have %u Unread Mail	1e38f9b3d297	你有%u封未读邮件	accepted	legacy/translations/lang0_overrides.tsv	816	
lang0	lang0.pak	DST_MAILSYSTEM_TAB_MAILBOX	Inbox	44caf74675ce	收件	accepted	legacy/translations/lang0_overrides.tsv	817	
lang0	lang0.pak	DST_MAILSYSTEM_TAB_READMAIL	Read	852b438f91ad	已读	accepted	legacy/translations/lang0_overrides.tsv	818	
lang0	lang0.pak	DST_MAILSYSTEM_TAB_SENDMAIL	Send	9bc2575c3930	发送	accepted	legacy/translations/lang0_overrides.tsv	819	
lang0	lang0.pak	DST_MAILSYSTEM_TAB_SYSTEMMAILBOX	System Mail	cb4db291b89d	系统邮件	accepted	legacy/translations/lang0_overrides.tsv	820	
lang0	lang0.pak	DST_MAILSYSTEM_TOOLTIP_ATTACHACTION	Receive items or Zeni, or pay Zeni requested by others.	082e7926fa87	领取物品或索尼，或支付他人请求的索尼。	accepted	legacy/translations/lang0_overrides.tsv	821	
lang0	lang0.pak	DST_MAILSYSTEM_TOOLTIP_RECEIVE_ALL	Receive items and Zeni from eligible mail (up to 6 per use, 15s cooldown).	f3ab123119b0	从符合条件的邮件领取物品和索尼(每次最多6封，冷却15秒)。	accepted	legacy/translations/lang0_overrides.tsv	822	
lang0	lang0.pak	DST_MAILSYSTEM_TOOLTIP_DELETE_RESOLVED	Delete resolved mail in batches of 6.	4570d66a7063	批量删除已处理邮件，每次最多6封。	accepted	legacy/translations/lang0_overrides.tsv	823	
lang0	lang0.pak	DST_MAILSYSTEM_TOOLTIP_DELETE_BUTTON	Delete Selected Mail	c1ca3f27f8bc	删除所选邮件	accepted	legacy/translations/lang0_overrides.tsv	824	
lang0	lang0.pak	DST_MAILSYSTEM_MSG_RECEIVE_ALL_COOLDOWN	Please wait 15 seconds before trying again.	06759fe52750	请等待15秒后再试。	accepted	legacy/translations/lang0_overrides.tsv	825	
lang0	lang0.pak	DST_MAILSYSTEM_MSG_RECEIVE_ALL_NONE	No mail available to receive.	e33d4a62ec75	没有可领取的邮件。	accepted	legacy/translations/lang0_overrides.tsv	826	
lang0	lang0.pak	DST_MAILSYSTEM_MSG_DELETE_RESOLVED_NONE	No resolved mail to delete.	34616b137b69	没有可删除的已处理邮件。	accepted	legacy/translations/lang0_overrides.tsv	827	
lang0	lang0.pak	DST_MAILSYSTEM_TOOLTIP_EXPIREDDAY	Mail will return/expire in set Time Period	e6087a8e4060	邮件将在设定时间后退回或过期	accepted	legacy/translations/lang0_overrides.tsv	828	
lang0	lang0.pak	DST_MAILSYSTEM_TOOLTIP_FRIEND_LIST	Friend List	87442ae92595	好友列表	accepted	legacy/translations/lang0_overrides.tsv	829	
lang0	lang0.pak	DST_MAILSYSTEM_TOOLTIP_NOT_ATTACH	Register Item that will be Attached	e16793152fbd	登记要附加的物品	accepted	legacy/translations/lang0_overrides.tsv	830	
lang0	lang0.pak	DST_MAILSYSTEM_TOOLTIP_RELOAD	Refresh	56e3badc4e6c	刷新	accepted	legacy/translations/lang0_overrides.tsv	831	
lang0	lang0.pak	GAME_MAIL_ALREADY_READ	Mail has already been read.	fca280cfbb03	邮件已读。	accepted	legacy/translations/lang0_overrides.tsv	832	
lang0	lang0.pak	GAME_MAIL_CANT_SEND_MAIL_TO_YOURSELF	Can't send mail to yourself.	0cfb72380f97	不能给自己发邮件。	accepted	legacy/translations/lang0_overrides.tsv	833	
lang0	lang0.pak	GAME_MAIL_INVALID_LOCK	Mail is locked	4951b57404c7	邮件已锁	accepted	legacy/translations/lang0_overrides.tsv	834	
lang0	lang0.pak	GAME_MAIL_INVALID_RETURN	Impossible to return mail	e232c1a36f1e	无法退回邮件	accepted	legacy/translations/lang0_overrides.tsv	835	
lang0	lang0.pak	GAME_MAIL_MAILING_PARTS_NOT_FOUND	Don't have a Mail Scouter Chip.	93513e1630b2	没有邮件史考特芯片。	accepted	legacy/translations/lang0_overrides.tsv	836	
lang0	lang0.pak	GAME_MAIL_NOT_FOUND	Mail not found.	07cb7de70610	邮件未找到。	accepted	legacy/translations/lang0_overrides.tsv	837	
lang0	lang0.pak	GAME_MAIL_TRANSMIT_PARTS_NOT_FOUND	Scouter: No Mail chip.	e980608cafad	史考特:无邮件芯片。	accepted	legacy/translations/lang0_overrides.tsv	838	
lang0	lang0.pak	DST_FRIEND_ADD	Add	61cc55aa0453	加	accepted	legacy/translations/lang0_overrides.tsv	842	
lang0	lang0.pak	DST_FRIEND_BLOCK	Block	82dd2cdf36f9	屏蔽	accepted	legacy/translations/lang0_overrides.tsv	843	
lang0	lang0.pak	DST_FRIEND_DELETE	Remove	e963907dac5c	移除	accepted	legacy/translations/lang0_overrides.tsv	844	
lang0	lang0.pak	DST_FRIEND_ERR_EXIST_BLACK	Already Blacklisted	0855e27a4b46	已在黑名单	accepted	legacy/translations/lang0_overrides.tsv	845	
lang0	lang0.pak	DST_FRIEND_ERR_EXIST_FRIEND	Already Friends	4b483e6ab250	已是好友	accepted	legacy/translations/lang0_overrides.tsv	846	
lang0	lang0.pak	DST_FRIEND_ERR_SELF_EXIT_BLOCK	Can't blacklist yourself	688bf0c54a85	不能屏蔽自己	accepted	legacy/translations/lang0_overrides.tsv	847	
lang0	lang0.pak	DST_FRIEND_ERR_SELF_EXIT_FRIENDLIST	Can't befriend yourself	37d0c583d5da	不能加自己好友	accepted	legacy/translations/lang0_overrides.tsv	848	
lang0	lang0.pak	DST_FRIEND_INVALID_USER	Invalid User	1567de884a69	无效用户	accepted	legacy/translations/lang0_overrides.tsv	849	
lang0	lang0.pak	DST_FRIEND_INVITE	Invite	b136609f0684	邀请	accepted	legacy/translations/lang0_overrides.tsv	850	
lang0	lang0.pak	DST_FRIEND_MAIL	Mail	92379cbb8ecf	邮件	accepted	legacy/translations/lang0_overrides.tsv	851	
lang0	lang0.pak	DST_FRIEND_MSG_BLACK_ADD	"[align = ""center""]Blacklist[br][br]Blacklisting[br]Users can't Contact You[br][br]Enter Name"	72ccb3ebd014	"[align = ""center""]黑名单[br][br]加入黑名单后[br]该用户无法联系你[br][br]输入名称"	accepted	legacy/translations/lang0_overrides.tsv	852	
lang0	lang0.pak	DST_FRIEND_MSG_BLACK_ADD_RESULT	%s is added to the blacklist	456f57d651a5	%s已加入黑名单	accepted	legacy/translations/lang0_overrides.tsv	853	
lang0	lang0.pak	DST_FRIEND_MSG_BLACK_DEL_RESULT	%s is removed from the blacklist	41c9cb1c35a9	%s已移出黑名单	accepted	legacy/translations/lang0_overrides.tsv	854	
lang0	lang0.pak	DST_FRIEND_MSG_BLACK_DEL	"[align = ""center""][font size = ""12"" color=""f4d762""]Remove Blacklist[/font][br][br][font size = ""10"" color=""269eff""]Removing Blacklisted User[/font][br][br][font size = ""10"" color=""ffffff""]Deleting from Blacklist.[/font][br][br][font size = ""10"" color=""f4d7""]Removing: %s[/font][br][br][font size = ""10"" color=""ffffff""]Remove User?[/font]"	e61be6ca16dd	"[align = ""center""][font size = ""12"" color=""f4d762""]移出黑名单[/font][br][br][font size = ""10"" color=""269eff""]移除黑名单用户[/font][br][br][font size = ""10"" color=""ffffff""]从黑名单删除。[/font][br][br][font size = ""10"" color=""f4d7""]移除: %s[/font][br][br][font size = ""10"" color=""ffffff""]移除此用户?[/font]"	accepted	legacy/translations/lang0_overrides.tsv	855	
lang0	lang0.pak	DST_FRIEND_MSG_FRIEND_ADD	"[align = ""center""][font size = ""12"" color=""f4d762""]Add Friends[/font][br][br][font size = ""10"" color=""f36a7c""]Adding a Friend[br]Friends can be used to make Parties etc.[/font][br][br][font size = ""10"" color=""ffffff""]Enter Name[/font]"	775163cc0d16	"[align = ""center""][font size = ""12"" color=""f4d762""]添加好友[/font][br][br][font size = ""10"" color=""f36a7c""]添加好友后[br]可方便组队等操作。[/font][br][br][font size = ""10"" color=""ffffff""]输入名称[/font]"	accepted	legacy/translations/lang0_overrides.tsv	856	
lang0	lang0.pak	DST_FRIEND_MSG_FRIEND_ADD_RESULT	%s is added to the friendlist	6d0dfed59b8f	%s已加入好友列表	accepted	legacy/translations/lang0_overrides.tsv	857	
lang0	lang0.pak	DST_FRIEND_MSG_FRIEND_DEL	"[align = ""center""][font size = ""12"" color=""f4d762""]Remove Friend[/font][br][br][font size = ""10"" color=""f36a7c""]Removing Friend[/font][br][br][font size = ""10"" color=""ffffff""]Deleting from Friend List.[/font][br][br][font size = ""10"" color=""f36a7c""]Removing: %s[/font][br][br][font size = ""10"" color=""ffffff""]Remove Friend?[/font]"	d11666d671e6	"[align = ""center""][font size = ""12"" color=""f4d762""]删除好友[/font][br][br][font size = ""10"" color=""f36a7c""]正在删除好友[/font][br][br][font size = ""10"" color=""ffffff""]将从好友列表删除。[/font][br][br][font size = ""10"" color=""f36a7c""]移除: %s[/font][br][br][font size = ""10"" color=""ffffff""]删除好友?[/font]"	accepted	legacy/translations/lang0_overrides.tsv	858	
lang0	lang0.pak	DST_FRIEND_MSG_FRIEND_DEL_RESULT	%s is removed from the friendlist	a6acb54f0ac3	%s已从好友列表删除	accepted	legacy/translations/lang0_overrides.tsv	859	
lang0	lang0.pak	DST_FRIEND_MSG_FRIEND_MOVE_RESULT	%s moved to the block list	590b91fc6875	%s已移至黑名单	accepted	legacy/translations/lang0_overrides.tsv	860	
lang0	lang0.pak	DST_FRIEND_MSG_LOGIN	%s has logged in	f053260f6635	%s已登录	accepted	legacy/translations/lang0_overrides.tsv	861	
lang0	lang0.pak	DST_FRIEND_OFFLINE	Offline	e01fa717bacc	离线	accepted	legacy/translations/lang0_overrides.tsv	862	
lang0	lang0.pak	DST_FRIEND_SUBJECT_CHANNEL	Channel	879f0b1bef59	频道	accepted	legacy/translations/lang0_overrides.tsv	863	
lang0	lang0.pak	DST_FRIEND_SUBJECT_LEVEL	Level	7c7f5d049fad	等级	accepted	legacy/translations/lang0_overrides.tsv	864	
lang0	lang0.pak	DST_FRIEND_SUBJECT_LOC	Area	2745debaa64a	区域	accepted	legacy/translations/lang0_overrides.tsv	865	
lang0	lang0.pak	DST_FRIEND_SUBJECT_NAME	Name	709a23220f2c	名称	accepted	legacy/translations/lang0_overrides.tsv	866	
lang0	lang0.pak	DST_FRIEND_TAB_BLACKLIST	Blacklist	7b2dd04c28ef	黑名单	accepted	legacy/translations/lang0_overrides.tsv	867	
lang0	lang0.pak	DST_FRIEND_TAB_FRIEND	Friends	c11d5e1d35fb	好友	accepted	legacy/translations/lang0_overrides.tsv	868	
lang0	lang0.pak	DST_FRIEND_TOO_OVER_NAME	Name Too Long	5b3ed7823489	名称过长	accepted	legacy/translations/lang0_overrides.tsv	869	
lang0	lang0.pak	DST_FRIEND_WHISPER	Whisper	c010a73e4748	私聊	accepted	legacy/translations/lang0_overrides.tsv	870	
lang0	lang0.pak	DST_POPUPMENU_GUILD_APPOINT_SECOND_MASTER	Make Jr. Master	51569d868152	任命为师范	accepted	legacy/translations/lang0_overrides.tsv	875	
lang0	lang0.pak	DST_POPUPMENU_GUILD_CHANGE_MASTER	Appoint Guild Leader	9e2a1d4839f0	任命为最高师范	accepted	legacy/translations/lang0_overrides.tsv	876	
lang0	lang0.pak	DST_POPUPMENU_GUILD_DISAPPOINT_SECOND_MASTER	Demote Jr. Master	8dc4335da455	解除师范资格	accepted	legacy/translations/lang0_overrides.tsv	877	
lang0	lang0.pak	DST_POPUPMENU_GUILD_INVITE	Invite to Guild	1e9cbf5e916e	邀请加入流派	accepted	legacy/translations/lang0_overrides.tsv	878	
lang0	lang0.pak	DST_POPUPMENU_GUILD_KICK_OUT	Expel	7ce23a02caae	放逐	accepted	legacy/translations/lang0_overrides.tsv	879	
lang0	lang0.pak	DST_POPUPMENU_GUILD_POST	Send Mail	a107085e8e8e	寄信	accepted	legacy/translations/lang0_overrides.tsv	880	
lang0	lang0.pak	DST_GUILD	Guild	54241a3d0070	流派	accepted	legacy/translations/lang0_overrides.tsv	881	
lang0	lang0.pak	DST_GUILDWAREHOUSE_TITLE_1	Guild Warehouse 1	aac0c5d83ff0	流派仓库1	accepted	legacy/translations/lang0_overrides.tsv	882	
lang0	lang0.pak	DST_GUILDWAREHOUSE_TITLE_2	Guild Warehouse2	5a78b4479bd8	流派仓库2	accepted	legacy/translations/lang0_overrides.tsv	883	
lang0	lang0.pak	DST_GUILDWAREHOUSE_TITLE_3	Guild Warehouse3	6def2da0ff5a	流派仓库3	accepted	legacy/translations/lang0_overrides.tsv	884	
lang0	lang0.pak	DST_GUILD_ADD_FUNCTION	"[align = ""center""][font size = ""12"" color=""f4d762""]%s[/font][br][br][font size = ""10"" color=""269eff""]Improvements[/font][br][br][font size = ""10"" color=""ffffff""]The Following is Required[/font][br][br][font size = ""10"" color=""f36a7c""]Guild Points: %d[br][br]Zeni: %s[/font][br][br][font size = ""10"" color=""ffffff""]Add Feature?[/font]"	c1a1aec21cbd	"[align = ""center""][font size = ""12"" color=""f4d762""]%s[/font][br][br][font size = ""10"" color=""269eff""]功能扩展[/font][br][br][font size = ""10"" color=""ffffff""]需要以下条件[/font][br][br][font size = ""10"" color=""f36a7c""]公会点数: %d[br][br]索尼: %s[/font][br][br][font size = ""10"" color=""ffffff""]添加功能?[/font]"	accepted	legacy/translations/lang0_overrides.tsv	885	
lang0	lang0.pak	DST_GUILD_ADD_FUNCTION_NOTIFY_TO_MASTER	"[align = ""center""][font size = ""12"" color=""f4d762""]Guild Change Made[/font][br][br][font size = ""10"" color=""269eff""]Good Job![/font][br][br][font size = ""10"" color=""f4d762""]Changes are:[br]%s[/font]"	494e120b4a15	"[align = ""center""][font size = ""12"" color=""f4d762""]公会变更完成[/font][br][br][font size = ""10"" color=""269eff""]做得好![/font][br][br][font size = ""10"" color=""f4d762""]变更内容:[br]%s[/font]"	accepted	legacy/translations/lang0_overrides.tsv	886	
lang0	lang0.pak	DST_GUILD_ADD_FUNCTION_NOTIFY_TO_MEMBER	Access Changed	96e95adc25c5	权限已变更	accepted	legacy/translations/lang0_overrides.tsv	887	
lang0	lang0.pak	DST_GUILD_APPOINT_SECOND_MASTER	"[align = ""center""][font size = ""12"" color=""f4d762""]Appointment of the Jr. Master[/font][br][br][font size = ""10"" color=""269eff""]Appoint a Jr. Master of the guild.[/font][br][br][font size = ""10"" color=""ffffff""]Following player gets Jr. Master privileges.[/font][br][br][font size = ""10"" color=""f4d762""]Player: %s[/font][br][br][font size = ""10"" color=""ffffff""]Do you want to appoint the player?[/font]"	c83daa58707b	"[align = ""center""][font size = ""12"" color=""f4d762""]任命副会长[/font][br][br][font size = ""10"" color=""269eff""]任命公会副会长。[/font][br][br][font size = ""10"" color=""ffffff""]以下玩家将获得副会长权限。[/font][br][br][font size = ""10"" color=""f4d762""]玩家: %s[/font][br][br][font size = ""10"" color=""ffffff""]要任命此玩家吗?[/font]"	accepted	legacy/translations/lang0_overrides.tsv	888	
lang0	lang0.pak	DST_GUILD_ASK_CHANGE_GUILD_EMBLEM_WITH_ZENNY	"[align = ""center""][font size = ""12"" color=""f4d762""]Change Guild Emblem[/font][br][br][font size = ""10"" color=""ffffff""]If you want to change the guild emblem [br]You need to pay the following amount.[/font][br][br]Cost: %s Zeni[br][br][font size = ""10"" color=""ffffff""]Change Guild Emblem?[/font]"	43bf386ca6e7	"[align = ""center""][font size = ""12"" color=""f4d762""]更改公会徽章[/font][br][br][font size = ""10"" color=""ffffff""]若要更改公会徽章，[br]需要支付以下费用。[/font][br][br]费用: %s索尼[br][br][font size = ""10"" color=""ffffff""]更改公会徽章?[/font]"	accepted	legacy/translations/lang0_overrides.tsv	889	
lang0	lang0.pak	DST_GUILD_CANCELED_DISSOLVE	Dissolve cancelled.	3f44eba6357c	已取消解散。	accepted	legacy/translations/lang0_overrides.tsv	890	
lang0	lang0.pak	DST_GUILD_CANCEL_DISSOLVE	"[align =""center""][font size=""12""color=""f4d762""]Guild Dissolve[/font][br][br][font size=""10""color=""269eff""]Cancel the guild dissolve.[/font][br][br][font size=""10""color=""ffffff""]You want to cancel the dissolve?[/font]"	53ba7a75f2f6	"[align =""center""][font size=""12""color=""f4d762""]公会解散[/font][br][br][font size=""10""color=""269eff""]取消公会解散。[/font][br][br][font size=""10""color=""ffffff""]要取消解散吗?[/font]"	accepted	legacy/translations/lang0_overrides.tsv	891	
lang0	lang0.pak	DST_GUILD_CHANGED_GUILD_NAME	Guild Renamed	85e259f46e20	公会已改名	accepted	legacy/translations/lang0_overrides.tsv	892	
lang0	lang0.pak	DST_GUILD_CHANGED_GUILD_NOTICE	New Notice	eea15809b35d	新公告	accepted	legacy/translations/lang0_overrides.tsv	893	
lang0	lang0.pak	DST_GUILD_CHANGED_GUILD_NOTICE_SUCCESS	New Notice	eea15809b35d	新公告	accepted	legacy/translations/lang0_overrides.tsv	894	
lang0	lang0.pak	DST_GUILD_CHANGE_GUILD_EMBLEM	Emblem Changed	9bc8c3a94049	徽章已变更	accepted	legacy/translations/lang0_overrides.tsv	895	
lang0	lang0.pak	DST_GUILD_CHANGE_GUILD_NAME	"[align = ""center""][font size = ""12"" color=""f4d762""]Change Guild Name[/font] [br][br][font size = ""10"" color=""269eff""]New Name:[/font][br][br][font size = ""10"" color=""f36a7c""]2-16 Characters[/font][br]"	5f6938af2dfb	"[align = ""center""][font size = ""12"" color=""f4d762""]更改公会名[/font] [br][br][font size = ""10"" color=""269eff""]新名称:[/font][br][br][font size = ""10"" color=""f36a7c""]2-16个字符[/font][br]"	accepted	legacy/translations/lang0_overrides.tsv	896	
lang0	lang0.pak	DST_GUILD_CHANGE_MASTER	%s is the New Master	63de444cd887	%s成为新会长	accepted	legacy/translations/lang0_overrides.tsv	897	
lang0	lang0.pak	DST_GUILD_CLASS_CHANGE_MEMBER	%s  %s	f999e2ab2b87	%s  %s	accepted	legacy/translations/lang0_overrides.tsv	898	
lang0	lang0.pak	DST_GUILD_CONTRIBUTION_ZENNY	"[align = ""center""][font size = ""12"" color=""f4d762""]Zeni Donation[br](for style points)[/font][br][br][font size = ""10"" color=""269eff""]By donating Zeni[br]The guild gets points[br]To expand the guild.[/font][br][br][font size = ""10"" color=""ffffff""]Donation Amount:[/font][br][br][font size = ""10"" color=""f4d762""]Selected Amount: %s Zeni[br](10000 Zeni = 5 Style Points)[/font][br][br][font size = ""10"" color=""ffffff""]Donate Zeni?[/font]"	68f32da3fe15	"[align = ""center""][font size = ""12"" color=""f4d762""]索尼捐献[br](获得风格点)[/font][br][br][font size = ""10"" color=""269eff""]捐献索尼后[br]公会获得点数，[br]用于扩展公会。[/font][br][br][font size = ""10"" color=""ffffff""]捐献金额:[/font][br][br][font size = ""10"" color=""f4d762""]选择金额: %s索尼[br](10000索尼 = 5风格点)[/font][br][br][font size = ""10"" color=""ffffff""]捐献索尼?[/font]"	accepted	legacy/translations/lang0_overrides.tsv	899	
lang0	lang0.pak	DST_GUILD_CONTRIBUTION_ZENNY_NOTIFY	Zeni for the Guild	ecc95b2883cf	公会索尼	accepted	legacy/translations/lang0_overrides.tsv	900	
lang0	lang0.pak	DST_GUILD_CONTRIBUTION_ZENNY_OTHERS	%s donated %s Zeni to Guild	8c4c101e9605	%s向公会捐献%s索尼	accepted	legacy/translations/lang0_overrides.tsv	901	
lang0	lang0.pak	DST_GUILD_CREATE	Guild Created	a6661aaab54c	建立新流派。	accepted	legacy/translations/lang0_overrides.tsv	902	
lang0	lang0.pak	DST_GUILD_CREATE_GUILD_EMBLEM	Emblem Made	727085321d7a	徽章已创建	accepted	legacy/translations/lang0_overrides.tsv	903	
lang0	lang0.pak	DST_GUILD_CREATE_NFY	%s was created.	d41dba7fb2dd	%s已创建。	accepted	legacy/translations/lang0_overrides.tsv	904	
lang0	lang0.pak	DST_GUILD_CURRNET_POINT	Style Points	6b2bde6205b8	现在流派点数	accepted	legacy/translations/lang0_overrides.tsv	905	
lang0	lang0.pak	DST_GUILD_CURRNET_POINT_EXPAIN	Donation: %d, Gained: %d	6ec93d599c88	捐献:%d,获得:%d	accepted	legacy/translations/lang0_overrides.tsv	906	
lang0	lang0.pak	DST_GUILD_CUR_POS	Area	2745debaa64a	区域	accepted	legacy/translations/lang0_overrides.tsv	907	
lang0	lang0.pak	DST_GUILD_DECLINE	%s Declined	7cb49673b838	%s已拒绝	accepted	legacy/translations/lang0_overrides.tsv	908	
lang0	lang0.pak	DST_GUILD_DISBAND	Guild Disband	a4e649c56a27	解散公会	accepted	legacy/translations/lang0_overrides.tsv	909	
lang0	lang0.pak	DST_GUILD_DISMISS_SECOND_MASTER	%s was demoted.	a7a0c92e21e6	%s已降职。	accepted	legacy/translations/lang0_overrides.tsv	910	
lang0	lang0.pak	DST_GUILD_DISMISS_SECOND_MASTER_REQ	"[align = ""center""][font size = ""12"" color=""f4d762""]Deprived of the Jr. Master position[/font][br][br][font size = ""10"" color=""ffffff""]Deprived of the following player privileges.[/font][br][br][font size = ""10"" color=""f36a7c""]Player: %s[/font][br][br][font size = ""10"" color=""ffffff""]Do you want to deprive Jr. Master authority?[/font]"	1d6adc8e4c6b	"[align = ""center""][font size = ""12"" color=""f4d762""]解除副会长[/font][br][br][font size = ""10"" color=""ffffff""]解除以下玩家的权限。[/font][br][br][font size = ""10"" color=""f36a7c""]玩家: %s[/font][br][br][font size = ""10"" color=""ffffff""]要解除副会长权限吗?[/font]"	accepted	legacy/translations/lang0_overrides.tsv	911	
lang0	lang0.pak	DST_GUILD_DO_DISSOLVE	"[align = ""center""][font size = ""12"" color=""f4d762""]Disband Guild[/font][br][br][font size = ""10"" color=""f36a7c""]Disbanding a guild will remove the guild name.[br][br](The guild will be removed instantly) [/font][br][br][font size = ""10"" color=""ffffff""]Start disbanding Guild?[/font]"	6be56c749dea	"[align = ""center""][font size = ""12"" color=""f4d762""]解散公会[/font][br][br][font size = ""10"" color=""f36a7c""]解散公会会删除公会名。[br][br](公会将立即删除) [/font][br][br][font size = ""10"" color=""ffffff""]开始解散公会?[/font]"	accepted	legacy/translations/lang0_overrides.tsv	912	
lang0	lang0.pak	DST_GUILD_DO_MAKE	"[align = ""center""][font size = ""12"" color=""f4d762""]Guild Creation[/font][br][br][font size = ""10"" color=""269eff""]Gather your party members[br]Creating a guild provides a variety of content[br]to enjoy.[/font][br][br][font size = ""10"" color=""ffffff""][/font]To create Guild[br]The following are required.[br][br][font size = ""10"" color=""f36a7c""]Required level: Lvl 30[br]Party size: 5[br]Zeni: 200,000[br]Guild Name: Must be 2-16 characters[/font][br][br][font size = ""10"" color=""ffffff""]Enter name and press Ok.[/font]"	9191905e6a4c	"[align = ""center""][font size = ""12"" color=""f4d762""]创建公会[/font][br][br][font size = ""10"" color=""269eff""]召集队伍成员，[br]创建公会可体验多种内容。[/font][br][br][font size = ""10"" color=""ffffff""][/font]创建公会[br]需要以下条件。[br][br][font size = ""10"" color=""f36a7c""]需求等级: 30级[br]队伍人数: 5[br]索尼: 200,000[br]公会名: 2-16个字符[/font][br][br][font size = ""10"" color=""ffffff""]输入名称并按OK。[/font]"	accepted	legacy/translations/lang0_overrides.tsv	913	
lang0	lang0.pak	DST_GUILD_DO_NOT_FUNC_FOR_DISBAND	Break	7c9d6bf311eb	中断	accepted	legacy/translations/lang0_overrides.tsv	914	
lang0	lang0.pak	DST_GUILD_EMBLEM_EXPLAIN_1	text, templates, backgrounds, combine	7cc47519736e	请组合纹章、边框、背景。	accepted	legacy/translations/lang0_overrides.tsv	915	
lang0	lang0.pak	DST_GUILD_EMBLEM_EXPLAIN_2	(can be set separately for each color)	1dd7d46c7f4e	(可以挑选颜色。)	accepted	legacy/translations/lang0_overrides.tsv	916	
lang0	lang0.pak	DST_GUILD_EMBLEM_INFO	Emblem	33082edabb4e	徽章	accepted	legacy/translations/lang0_overrides.tsv	917	
lang0	lang0.pak	DST_GUILD_EMBLEM_MODIFY_INFO	Style Changes	74c90506f2d8	样式变更	accepted	legacy/translations/lang0_overrides.tsv	918	
lang0	lang0.pak	DST_GUILD_EMBLEM_TITLE	Logo	83fce8327410	标志	accepted	legacy/translations/lang0_overrides.tsv	919	
lang0	lang0.pak	DST_GUILD_EMPTY	Not in a Guild	699d8b940048	尚未加入流派。	accepted	legacy/translations/lang0_overrides.tsv	920	
lang0	lang0.pak	DST_GUILD_ENTRUST_MASTER	Assign Guild Master %s	a81c7799178e	任命%s为会长	accepted	legacy/translations/lang0_overrides.tsv	921	
lang0	lang0.pak	DST_GUILD_EXPIRED	%s Didn't respond to the Invite	a87516c527fa	%s 没有回应流派邀请。	accepted	legacy/translations/lang0_overrides.tsv	922	
lang0	lang0.pak	DST_GUILD_GYM	Dojo	2dd1f883527b	道场	accepted	legacy/translations/lang0_overrides.tsv	923	
lang0	lang0.pak	DST_GUILD_INVITE	%s Invited	c5adaec4390e	%s已邀请	accepted	legacy/translations/lang0_overrides.tsv	924	
lang0	lang0.pak	DST_GUILD_INVITE_REQ	"[align = ""center""][font size = ""12"" color=""f4d762""]Guild Join Request[/font] [br][br][font size = ""10"" color=""269eff""]You have received a Guild Invite[/font][br][br][font size = ""10"" color = ""ffffff""]Do you want to join %s ?[/font][br]"	275bf54993cf	"[align = ""center""][font size = ""12"" color=""f4d762""]公会加入请求[/font] [br][br][font size = ""10"" color=""269eff""]你收到了公会邀请[/font][br][br][font size = ""10"" color = ""ffffff""]要加入%s吗?[/font][br]"	accepted	legacy/translations/lang0_overrides.tsv	925	
lang0	lang0.pak	DST_GUILD_INVITE_RES	You are now in a Guild!	6b911a071b65	你已加入公会!	accepted	legacy/translations/lang0_overrides.tsv	926	
lang0	lang0.pak	DST_GUILD_IS_ONLY_MASTER	Master Only	df2f9a95a582	仅会长	accepted	legacy/translations/lang0_overrides.tsv	927	
lang0	lang0.pak	DST_GUILD_KICKOUT_MEMBER	%s was expelled from the Guild	b041e042f062	%s 被驱逐了。	accepted	legacy/translations/lang0_overrides.tsv	928	
lang0	lang0.pak	DST_GUILD_KICK_OUT	"[align = ""center""][font size = ""12"" color=""f4d762""]Dismiss[/font][br][br][font size = ""10"" color=""f36a7c""]Dismiss the player from the guild.[/font][br][br][font size = ""10"" color=""f36a7c""]Player: %s[/font][br][br][font size = ""10"" color=""ffffff""]Are you sure, to dismiss the player?[/font]"	9fffdb21bf7e	"[align = ""center""][font size = ""12"" color=""f4d762""]踢出[/font][br][br][font size = ""10"" color=""f36a7c""]将该玩家踢出公会。[/font][br][br][font size = ""10"" color=""f36a7c""]玩家: %s[/font][br][br][font size = ""10"" color=""ffffff""]确定踢出该玩家?[/font]"	accepted	legacy/translations/lang0_overrides.tsv	929	
lang0	lang0.pak	DST_GUILD_LEAVE	Leave	7e3520a97331	离开	accepted	legacy/translations/lang0_overrides.tsv	930	
lang0	lang0.pak	DST_GUILD_LEAVE_ASK	"[align = ""center""][font size=""12""color=""f4d762""]Leave Guild[/font][br][br][font size=""10""color=""ffffff""]You are sure to leave the Guild?[/font]"	d29737115dc1	"[align = ""center""][font size=""12""color=""f4d762""]离开公会[/font][br][br][font size=""10""color=""ffffff""]确定离开公会吗?[/font]"	accepted	legacy/translations/lang0_overrides.tsv	931	
lang0	lang0.pak	DST_GUILD_LEAVE_AVATAR	You left the Guild	f4ad9338d472	已退出流派。	accepted	legacy/translations/lang0_overrides.tsv	932	
lang0	lang0.pak	DST_GUILD_LEAVE_MEMBER	%s has left the Guild	4ea6652e8d77	%s 已退出流派。	accepted	legacy/translations/lang0_overrides.tsv	933	
lang0	lang0.pak	DST_GUILD_LEVEL	Lv.	99f42451a1ce	Lv.	accepted	legacy/translations/lang0_overrides.tsv	934	
lang0	lang0.pak	DST_GUILD_LEVEL_CHANGE_MEMBER	%s is now Lv.%d	bc24f03f8082	%s现为%d级	accepted	legacy/translations/lang0_overrides.tsv	935	
lang0	lang0.pak	DST_GUILD_MASTER	Master	78f3842f0201	会长	accepted	legacy/translations/lang0_overrides.tsv	936	
lang0	lang0.pak	DST_GUILD_MAX_POINT	Max Points	a2eb751cf946	点数上限	accepted	legacy/translations/lang0_overrides.tsv	937	
lang0	lang0.pak	DST_GUILD_MAX_POINT_EXPAIN	Get Points for Skills.	50095c05502d	技能获得点数。	accepted	legacy/translations/lang0_overrides.tsv	938	
lang0	lang0.pak	DST_GUILD_MEMBER	Members	1cb449c11266	成员	accepted	legacy/translations/lang0_overrides.tsv	939	
lang0	lang0.pak	DST_GUILD_NAME_RULE	Name must be 2-16 characters	d3ecf7dc66da	流派名称请输入中文2~16个字。	accepted	legacy/translations/lang0_overrides.tsv	940	
lang0	lang0.pak	DST_GUILD_NEW_MEMBER	%s has joined the Guild	fc60b2bd69ba	%s已加入流派了。	accepted	legacy/translations/lang0_overrides.tsv	941	
lang0	lang0.pak	DST_GUILD_NOTICE	Notice	5256fffffb86	公告	accepted	legacy/translations/lang0_overrides.tsv	942	
lang0	lang0.pak	DST_GUILD_NOTICE_DISSOLVE	Guild will be disbanded.\nDate %dYear %dMonth %dDay (%s) at %d:%dMin.	d46fc223bc86	公会将被解散。\n日期 %d年%d月%d日(%s) %d:%d分	accepted	legacy/translations/lang0_overrides.tsv	943	
lang0	lang0.pak	DST_GUILD_NOTICE_TITLE	Notice	5256fffffb86	公告	accepted	legacy/translations/lang0_overrides.tsv	944	
lang0	lang0.pak	DST_GUILD_NOT_JOIN	Not in a Guild	699d8b940048	尚未加入流派。	accepted	legacy/translations/lang0_overrides.tsv	945	
lang0	lang0.pak	DST_GUILD_NOT_SELECT_EMBLEM	background, framework, etc.	c8886c7c496c	背景、框架等	accepted	legacy/translations/lang0_overrides.tsv	946	
lang0	lang0.pak	DST_GUILD_ONLINE_MEMBER	%s is Online	9b454c11088b	%s在线	accepted	legacy/translations/lang0_overrides.tsv	947	
lang0	lang0.pak	DST_GUILD_SECOND_MASTER	Jr. Master	daeacd68ac0f	师范	accepted	legacy/translations/lang0_overrides.tsv	948	
lang0	lang0.pak	DST_GUILD_SECOND_MASTER_APPOINTED	%s has been appointed as Jr. Master	3c28c340842a	%s被任命为流派师父。	accepted	legacy/translations/lang0_overrides.tsv	949	
lang0	lang0.pak	DST_GUILD_SETUP_EMBLEM_COLOR	Logo Color	592667846075	标志颜色	accepted	legacy/translations/lang0_overrides.tsv	950	
lang0	lang0.pak	DST_GUILD_WAREHOUSE_CAN_NOT_DISCARD	No-Discard	76e3db51ec84	不可丢弃	accepted	legacy/translations/lang0_overrides.tsv	951	
lang0	lang0.pak	DST_GUILD_WAREHOUSE_SAVE_ZENNY	%s Zeni Stored	93454393c4a6	存入%s索尼	accepted	legacy/translations/lang0_overrides.tsv	952	
lang0	lang0.pak	DST_GUILD_WAREHOUSE_ZENNY_DRAW_OUT	Drew %s Zeni from Bank	abc17268d384	从仓库取出%s索尼	accepted	legacy/translations/lang0_overrides.tsv	953	
lang0	lang0.pak	DST_TAB_GUILD	Guild	54241a3d0070	流派	accepted	legacy/translations/lang0_overrides.tsv	954	
lang0	lang0.pak	DST_MULTIDIALOG_MENU_SMITH_DISASSEMBLE	Disassemble	f96ef8437bb0	分解	accepted	legacy/translations/lang0_overrides.tsv	957	
lang0	lang0.pak	DST_SEWING_KIT_BTN_DISASSEMBLE	Disassemble	f96ef8437bb0	分解	accepted	legacy/translations/lang0_overrides.tsv	958	
lang0	lang0.pak	DST_STATUS_TECHNIC_HOIPOIMIX_DISASSEMBLE	Disassemble	f96ef8437bb0	分解道具	accepted	legacy/translations/lang0_overrides.tsv	959	
lang0	lang0.pak	DST_PARTY_INVITE_SUCCESS	Invited: %s	5bcf080c207b	已邀请: %s	accepted	legacy/translations/lang0_overrides.tsv	960	
lang0	lang0.pak	DST_INVENTORY_SORT_SUCCESS	sort %s done.	82cac7dbcbe4	整理完成。	accepted	legacy/translations/lang0_overrides.tsv	961	
lang0	lang0.pak	DST_TRADE_ACCEPT_TRADE	"[align = ""center""][font size = ""12"" color=""f4d762""]Trade[/font][br][br][font size = ""10"" color=""269eff""]Trade with Others! [br]You can trade Items[/font][br][br][font size = ""10"" color=""f4d762""]%s wants to Trade.[/font][br][br][font size = ""10"" color=""ffffff""]Accept Trade?[/font]"	e69cbf5104cd	"[align = ""center""][font size = ""12"" color=""f4d762""]交易[/font][br][br][font size = ""10"" color=""269eff""]与其他玩家交易！[br]可以交换物品[/font][br][br][font size = ""10"" color=""f4d762""]%s 请求与你交易。[/font][br][br][font size = ""10"" color=""ffffff""]是否接受交易？[/font]"	accepted	legacy/translations/lang0_overrides.tsv	962	
lang0	lang0.pak	DST_POPUPMENU_PARTY_KICK_OUT	Expel from Party	0fcaf88e6073	强制退出球员	accepted	legacy/translations/lang0_overrides.tsv	964	
tbl	tbl0.pak	*	AzureRenegade	15f3e0f41d71	苍蓝叛逆者	accepted	legacy/translations/tbl_overrides.tsv	3	
tbl	tbl0.pak	*	BurningRenegade	67f6ee41f4ab	燃烧叛逆者	accepted	legacy/translations/tbl_overrides.tsv	4	
tbl	tbl1.pak	*	Azure Renegade	b8881d869f4b	苍蓝叛逆者	accepted	legacy/translations/tbl_overrides.tsv	5	
tbl	tbl1.pak	*	Burning Renegade	526c05567be9	燃烧叛逆者	accepted	legacy/translations/tbl_overrides.tsv	6	
tbl	tbl1.pak	*	Shadow Sovereign Fan	a12804a0bca5	暗影暴君扇	accepted	legacy/translations/tbl_overrides.tsv	7	
tbl	tbl1.pak	*	Shadow Sovereign Stick	415f6aa0189b	暗影暴君棒	accepted	legacy/translations/tbl_overrides.tsv	8	
tbl	tbl1.pak	*	Shadow Sovereign Wand	f9cb7a3641ef	暗影暴君短棍	accepted	legacy/translations/tbl_overrides.tsv	9	
tbl	tbl1.pak	*	Shadow Sovereign Trumpet	f68d5606be7e	暗影暴君号	accepted	legacy/translations/tbl_overrides.tsv	10	
tbl	tbl1.pak	*	Shadow Sovereign Club	a54e7ac65806	暗影暴君棍	accepted	legacy/translations/tbl_overrides.tsv	11	
tbl	tbl1.pak	*	Shadow Sovereign Sword	894615073bb4	暗影暴君剑	accepted	legacy/translations/tbl_overrides.tsv	12	
tbl	tbl1.pak	*	Shadow Sovereign Scroll	7996e8a48aed	暗影暴君卷轴	accepted	legacy/translations/tbl_overrides.tsv	13	
tbl	tbl1.pak	*	Shadow Sovereign Axe	37c7b62264f6	暗影暴君斧	accepted	legacy/translations/tbl_overrides.tsv	14	
tbl	tbl1.pak	*	Shadow Sovereign Claws	3aed12819a27	暗影暴君爪	accepted	legacy/translations/tbl_overrides.tsv	15	
tbl	tbl1.pak	*	Shadow Sovereign Drums	68554baeb18b	暗影暴君鼓	accepted	legacy/translations/tbl_overrides.tsv	16	
tbl	tbl1.pak	*	Shadow Sovereign Mask	d8ac3666c5c3	暗影暴君面具	accepted	legacy/translations/tbl_overrides.tsv	17	
tbl	tbl1.pak	*	Shadow Sovereign Gems	00deb8561f2c	暗影暴君宝石	accepted	legacy/translations/tbl_overrides.tsv	18	
tbl	tbl1.pak	*	Shadow Sovereign Armor	73eb61ae556f	暗影暴君盔甲	accepted	legacy/translations/tbl_overrides.tsv	19	
tbl	tbl1.pak	*	Shadow Sovereign Pants	b478a868a35c	暗影暴君裤子	accepted	legacy/translations/tbl_overrides.tsv	20	
tbl	tbl1.pak	*	Shadow Sovereign Shoes	200a29aeec04	暗影暴君鞋子	accepted	legacy/translations/tbl_overrides.tsv	21	
tbl	tbl1.pak	*	Shadow Sovereign Staff	56a103c397e9	暗影暴君杖	accepted	legacy/translations/tbl_overrides.tsv	22	
tbl	tbl1.pak	*	Shadow Mech Dragon Ring X Type A	9d1fe961337a	暗影机械暴龙戒指X型A	accepted	legacy/translations/tbl_overrides.tsv	23	
tbl	tbl1.pak	*	Shadow Mech Dragon Ring X Type B	8da87d2e9b88	暗影机械暴龙戒指X型B	accepted	legacy/translations/tbl_overrides.tsv	24	
tbl	tbl1.pak	*	Shadow Mech Dragon Necklace X	56d1c2641956	暗影机械暴龙项链X	accepted	legacy/translations/tbl_overrides.tsv	25	
tbl	tbl1.pak	*	Shadow Mech Dragon Earring X Type A	310730f29ca4	暗影机械暴龙耳环X型A	accepted	legacy/translations/tbl_overrides.tsv	26	
tbl	tbl1.pak	*	Shadow Mech Dragon Earring X Type B	c333f9750319	暗影机械暴龙耳环X型B	accepted	legacy/translations/tbl_overrides.tsv	27	
tbl	tbl1.pak	*	(Energy)Shadow Sovereign Gloves	5d33cfbbb95b	暗影暴君气功手套	accepted	legacy/translations/tbl_overrides.tsv	28	
tbl	tbl1.pak	*	(Physical)Shadow Sovereign Gloves	54962e4d7cab	暗影暴君物理手套	accepted	legacy/translations/tbl_overrides.tsv	29	
tbl	tbl1.pak	*	Bardock's Fan	5ecb92c77507	巴达克的粉丝	accepted	legacy/translations/tbl_overrides.tsv	30	
tbl	tbl1.pak	*	Krillin	a100b970f280	克林	accepted	legacy/translations/tbl_overrides.tsv	32	
tbl	tbl1.pak	*	Bright Red Dragon	91846e5d84bd	奥西里斯之天空龙	accepted	legacy/translations/tbl_overrides.tsv	33	
tbl	tbl1.pak	*	Shiny Blue Dragon	01df12449bd6	欧贝利斯克之巨神兵	accepted	legacy/translations/tbl_overrides.tsv	34	
tbl	tbl1.pak	*	Legendary Super Saiyan (Super)	06815121ff30	传说超级赛亚人(超)	accepted	legacy/translations/tbl_overrides.tsv	35	
tbl	tbl1.pak	*	Golden Oozaru	9e2fa7216a82	黄金巨猿	accepted	legacy/translations/tbl_overrides.tsv	36	
tbl	tbl1.pak	*	Tournament Bacterian	1058ec953602	武道会细菌队长	disabled_missing_20260720	legacy/translations/tbl_overrides.tsv	37	source absent in 2026-07-20 snapshot
tbl	tbl1.pak	*	Tournament Giran	3f69b244fba2	武道会基兰	disabled_missing_20260720	legacy/translations/tbl_overrides.tsv	38	source absent in 2026-07-20 snapshot
tbl	tbl1.pak	*	Tournament Chaos	cd464944f80d	武道会饺子	disabled_missing_20260720	legacy/translations/tbl_overrides.tsv	39	source absent in 2026-07-20 snapshot
tbl	tbl1.pak	*	Tournament King Chappa	fa331492a06e	武道会查帕王	disabled_missing_20260720	legacy/translations/tbl_overrides.tsv	40	source absent in 2026-07-20 snapshot
tbl	tbl1.pak	*	Tournament Tien	34da7513c807	武道会天津饭	disabled_missing_20260720	legacy/translations/tbl_overrides.tsv	41	source absent in 2026-07-20 snapshot
tbl	tbl1.pak	*	Tournament Yamcha	e6c275dfded0	武道会雅木茶	disabled_missing_20260720	legacy/translations/tbl_overrides.tsv	42	source absent in 2026-07-20 snapshot
tbl	tbl1.pak	*	Tournament Goku	338bac2fda7e	武道会孙悟空	disabled_missing_20260720	legacy/translations/tbl_overrides.tsv	43	source absent in 2026-07-20 snapshot
tbl	tbl1.pak	*	Goku(Super)	cb77bd4d3cb5	孙悟空(超)	accepted	legacy/translations/tbl_overrides.tsv	44	
tbl	tbl1.pak	*	Vegeta(Super)	0aa9f93b2c30	贝吉塔(超)	accepted	legacy/translations/tbl_overrides.tsv	45	
tbl	tbl1.pak	*	Increase Physical Defense Penetration %d%%	7705bb192545	增加物理防御穿透%d%%	accepted	legacy/translations/tbl_overrides.tsv	46	
tbl	tbl1.pak	*	Increase Energy Defense Penetration %d%%	1cbd8956f452	增加气功防御穿透%d%%	accepted	legacy/translations/tbl_overrides.tsv	47	
tbl	tbl1.pak	*	Increase Defense Penetration %d%%	766380756dce	增加防御穿透%d%%	accepted	legacy/translations/tbl_overrides.tsv	48	
tbl	tbl1.pak	*	Sun Steel	f49d815d95fc	太阳钢	accepted	legacy/translations/tbl_overrides.tsv	50	
tbl	tbl1.pak	0x017146F3	Shadow Mech Dragon X	719e296ab1f1	暗影机械暴龙X	accepted	legacy/translations/tbl_overrides.tsv	51	
tbl	tbl1.pak	0x01713D0F	Ozaru Broly	23204ea0ec46	巨猿布罗利	accepted	legacy/translations/tbl_overrides.tsv	52	
tbl	tbl1.pak	*	Raditz	d8be93f63b3f	拉蒂兹	accepted	legacy/translations/tbl_overrides.tsv	56	
tbl	tbl1.pak	*	Vegeta	576a29d8ebb9	贝吉塔	accepted	legacy/translations/tbl_overrides.tsv	57	
tbl	tbl1.pak	*	Ozaru Vegeta	49c818f26f98	巨猿贝吉塔	accepted	legacy/translations/tbl_overrides.tsv	58	
tbl	tbl1.pak	*	Ozaru Raditz	bf4b606fb079	巨猿拉蒂兹	accepted	legacy/translations/tbl_overrides.tsv	59	
tbl	tbl1.pak	*	Ozaru Nappa	802b718b5e2f	巨猿纳帕	accepted	legacy/translations/tbl_overrides.tsv	60	
tbl	tbl0.pak	*	(Martial) Potion Super Saiyan 1	96d897f630dd	(武道家)超级赛亚人1药水	accepted	legacy/translations/tbl_overrides.tsv	63	wildcard_after_tbl0_refresh_20260628
tbl	tbl0.pak	*	(Martial) Potion Super Saiyan 2	16e6f7a231bb	(武道家)超级赛亚人2药水	accepted	legacy/translations/tbl_overrides.tsv	64	wildcard_after_tbl0_refresh_20260628
tbl	tbl0.pak	*	(Martial) Potion Super Saiyan 3	83e1f6771269	(武道家)超级赛亚人3药水	accepted	legacy/translations/tbl_overrides.tsv	65	wildcard_after_tbl0_refresh_20260628
tbl	tbl0.pak	*	(Martial) Potion Super Saiyan 4	4555e2a07da5	(武道家)超级赛亚人4药水	accepted	legacy/translations/tbl_overrides.tsv	66	wildcard_after_tbl0_refresh_20260628
tbl	tbl0.pak	0x013BCB3D	(Martial) Capsule Super Saiyan 1	39a321ce07e3	(武道家)超级赛亚人1胶囊	accepted	legacy/translations/tbl_overrides.tsv	67	
tbl	tbl0.pak	0x013BCCB9	(Martial) Capsule Super Saiyan 2	a2442dea1c21	(武道家)超级赛亚人2胶囊	accepted	legacy/translations/tbl_overrides.tsv	68	
tbl	tbl0.pak	0x013BCE35	(Martial) Capsule Super Saiyan 3	f43ed366e3e5	(武道家)超级赛亚人3胶囊	accepted	legacy/translations/tbl_overrides.tsv	69	
tbl	tbl0.pak	0x013BD71D	(Martial) Capsule Super Saiyan 4	938f09eac2f5	(武道家)超级赛亚人4胶囊	accepted	legacy/translations/tbl_overrides.tsv	70	
tbl	tbl1.pak	0x012EAD5B	Skill! Power Up (Martial Artist)	4409b915eb37	技能!力量提升(武道家)	accepted	legacy/translations/tbl_overrides.tsv	71	
tbl	tbl1.pak	0x012EAE13	Skill! Power Up (Spiritualist)	63f093c0f3c3	技能!力量提升(气功师)	accepted	legacy/translations/tbl_overrides.tsv	72	
tbl	tbl1.pak	0x012EAF71	Skill! Power Up (Dragon Clan)	e8bd2e23308d	技能!力量提升(那美克龙族)	accepted	legacy/translations/tbl_overrides.tsv	73	
tbl	tbl1.pak	0x012EB0D7	Skill! Power Up (Wonder Majin)	a0ea11a8696b	技能!力量提升(意魔人)	accepted	legacy/translations/tbl_overrides.tsv	74	
tbl	tbl1.pak	0x012EB18B	Skill! Guard (Martial Artist)	947cec6a4136	技能!防御(武道家)	accepted	legacy/translations/tbl_overrides.tsv	75	
tbl	tbl1.pak	0x012EB237	Skill! Guard (Spiritualist)	ad8d6d20b2cb	技能!防御(气功师)	accepted	legacy/translations/tbl_overrides.tsv	76	
tbl	tbl1.pak	0x012EB37D	Skill! Guard (Dragon Clan)	b2161b0e098c	技能!防御(那美克龙族)	accepted	legacy/translations/tbl_overrides.tsv	77	
tbl	tbl1.pak	0x012EB4CB	Skill! Guard (Wonder Majin)	cdfabec2c20d	技能!防御(意魔人)	accepted	legacy/translations/tbl_overrides.tsv	78	
tbl	tbl1.pak	0x012EB573	Skill! Dash (Martial Artist)	2ab5751573e9	技能!冲刺(武道家)	accepted	legacy/translations/tbl_overrides.tsv	79	
tbl	tbl1.pak	0x012EB61B	Skill! Dash (Spiritualist)	5ccd9e093101	技能!冲刺(气功师)	accepted	legacy/translations/tbl_overrides.tsv	80	
tbl	tbl1.pak	0x012EB759	Skill! Dash (Dragon Clan)	1695de2c73c6	技能!冲刺(那美克龙族)	accepted	legacy/translations/tbl_overrides.tsv	81	
tbl	tbl1.pak	0x012EB89F	Skill! Dash (Wonder Majin)	196bd5e432f5	技能!冲刺(意魔人)	accepted	legacy/translations/tbl_overrides.tsv	82	
tbl	tbl1.pak	0x012EB943	Skill! Counter Attack (Martial Artist)	091687d2df96	技能!反击(武道家)	accepted	legacy/translations/tbl_overrides.tsv	83	
tbl	tbl1.pak	0x012EBA13	Skill! Counter Attack (Spiritualist)	6870289da5a7	技能!反击(气功师)	accepted	legacy/translations/tbl_overrides.tsv	84	
tbl	tbl1.pak	0x012EBBA1	Skill! Counter Attack (Dragon Clan)	c6168dc9cdc8	技能!反击(那美克龙族)	accepted	legacy/translations/tbl_overrides.tsv	85	
tbl	tbl1.pak	0x012EBD37	Acquired Counter Attack Skill! (Wonder Majin)	c4dcdc8f93bc	已习得反击技能!(意魔人)	accepted	legacy/translations/tbl_overrides.tsv	86	
tbl	tbl1.pak	0x014B55A9	(Martial)Rainbow Shenron Buff	288e9d8f7aac	(武道家)彩虹神龙增益	accepted	legacy/translations/tbl_overrides.tsv	87	
tbl	tbl1.pak	0x014B55E9	(Spiritualist)Rainbow Shenron Buff	f173b75dfb10	(气功师)彩虹神龙增益	accepted	legacy/translations/tbl_overrides.tsv	88	
tbl	tbl1.pak	0x014B5633	(Namek Warrior)Rainbow Shenron Buff	b3b3cf74aed1	(那美克战士)彩虹神龙增益	accepted	legacy/translations/tbl_overrides.tsv	89	
tbl	tbl1.pak	0x014B567F	(Dragon Clan)Rainbow Shenron Buff	57d17a21fe2e	(那美克龙族)彩虹神龙增益	accepted	legacy/translations/tbl_overrides.tsv	90	
tbl	tbl1.pak	0x014B56C7	(Might Majin)Rainbow Shenron Buff	630fa62f04e6	(大魔人)彩虹神龙增益	accepted	legacy/translations/tbl_overrides.tsv	91	
tbl	tbl1.pak	0x014B570F	(Wonder Majin)Rainbow Shenron Buff	72a58d5bfbab	(意魔人)彩虹神龙增益	accepted	legacy/translations/tbl_overrides.tsv	92	
tbl	tbl1.pak	*	Flight Skill (Spiritualist)	129ac6a95acc	飞行技能(气功师)	accepted	legacy/translations/tbl_overrides.tsv	94	
tbl	tbl1.pak	*	Flight Skill (Dragon Clan)	c28affbea639	飞行技能(那美克龙族)	accepted	legacy/translations/tbl_overrides.tsv	95	
tbl	tbl1.pak	*	Flight Skill (Wonder Majin)	7c1db9e09bc8	飞行技能(意魔人)	accepted	legacy/translations/tbl_overrides.tsv	96	
tbl	tbl1.pak	0x0162AAF7	Monkey Rock Throw (Martial)	05b260e4264e	大猿投石(武道家)	accepted	legacy/translations/tbl_overrides.tsv	97	
tbl	tbl1.pak	0x0162AC29	Tremor (Martial)	73a2146ddb23	震地(武道家)	accepted	legacy/translations/tbl_overrides.tsv	98	
tbl	tbl1.pak	0x0162AC4F	Oozaru Beam (Martial)	70e4f2edca28	大猿光束(武道家)	accepted	legacy/translations/tbl_overrides.tsv	99	
tbl	tbl1.pak	0x0162ACF5	Oozaru Roar (Martial)	eaed9bd9dd9a	大猿咆哮(武道家)	accepted	legacy/translations/tbl_overrides.tsv	100	
tbl	tbl1.pak	0x0162AD81	Monkey Rock Throw (Spiritualist)	c1111cef454a	大猿投石(气功师)	accepted	legacy/translations/tbl_overrides.tsv	101	
tbl	tbl1.pak	0x0162ADC7	Tremor (Spiritualist)	6fcc94ff6216	震地(气功师)	accepted	legacy/translations/tbl_overrides.tsv	102	
tbl	tbl1.pak	0x0162ADF7	Oozaru Roar (Spiritualist)	557c5b9ecb95	大猿咆哮(气功师)	accepted	legacy/translations/tbl_overrides.tsv	103	
tbl	tbl1.pak	0x0162AE31	Oozaru Beam (Spiritualist)	685dcba972e2	大猿光束(气功师)	accepted	legacy/translations/tbl_overrides.tsv	104	
tbl	tbl1.pak	0x016B5E19	(Martial)Moro Power Buff	567b25f01cc8	(武道家)摩罗力量增益	accepted	legacy/translations/tbl_overrides.tsv	105	
tbl	tbl1.pak	0x016B5EB7	(Spiritualist)Moro Power Buff	90aef4a296dc	(气功师)摩罗力量增益	accepted	legacy/translations/tbl_overrides.tsv	106	
tbl	tbl1.pak	0x016B5EF7	(Namek Warrior)Moro Power Buff	40f51e564f45	(那美克战士)摩罗力量增益	accepted	legacy/translations/tbl_overrides.tsv	107	
tbl	tbl1.pak	0x016B5F39	(Dragon Clan)Moro Power Buff	88697340331f	(那美克龙族)摩罗力量增益	accepted	legacy/translations/tbl_overrides.tsv	108	
tbl	tbl1.pak	0x016B5F77	(Might Majin)Moro Power Buff	e0669d04b36a	(大魔人)摩罗力量增益	accepted	legacy/translations/tbl_overrides.tsv	109	
tbl	tbl1.pak	0x016B5FB5	(Wonder Majin)Moro Power Buff	43ced19aa118	(意魔人)摩罗力量增益	accepted	legacy/translations/tbl_overrides.tsv	110	
tbl	tbl1.pak	0x016B87CB	(Martial)Legendary Super Saiyan(Super)	3f2e5f1e89b1	(武道家)传说超级赛亚人(超)	accepted	legacy/translations/tbl_overrides.tsv	111	
tbl	tbl1.pak	0x016B884D	(Spiritualist)Legendary Super Saiyan(Super)	4248905524b8	(气功师)传说超级赛亚人(超)	accepted	legacy/translations/tbl_overrides.tsv	112	
tbl	tbl1.pak	0x016B88DF	(Spiritualist)Imperator Namek	91757de9b48d	(那美克龙族)帝王那美克	accepted	legacy/translations/tbl_overrides.tsv	113	
tbl	tbl1.pak	0x016B891F	(Might Majin)Xeno Majin	e376aef7eb52	(大魔人)异时空魔人	accepted	legacy/translations/tbl_overrides.tsv	114	
tbl	tbl1.pak	0x016B8953	(Wonder Majin)Xeno Majin	8e7d5f9be908	(意魔人)异时空魔人	accepted	legacy/translations/tbl_overrides.tsv	115	
tbl	tbl1.pak	0x016B8A79	(Martial) Potion Super Saiyan 1	96d897f630dd	(武道家)超级赛亚人1药水	accepted	legacy/translations/tbl_overrides.tsv	116	
tbl	tbl1.pak	0x016B8ABD	(Martial) Potion Super Saiyan 2	16e6f7a231bb	(武道家)超级赛亚人2药水	accepted	legacy/translations/tbl_overrides.tsv	117	
tbl	tbl1.pak	0x016B8B01	(Martial) Potion Super Saiyan 3	83e1f6771269	(武道家)超级赛亚人3药水	accepted	legacy/translations/tbl_overrides.tsv	118	
tbl	tbl1.pak	0x016B8B45	(Martial) Potion Super Saiyan GOD	c4739b0e4314	(武道家)超级赛亚人之神药水	accepted	legacy/translations/tbl_overrides.tsv	119	
tbl	tbl1.pak	0x016B8B8D	(Martial) Potion Super Saiyan Blue	cfa2adb442b3	(武道家)超级赛亚人蓝色药水	accepted	legacy/translations/tbl_overrides.tsv	120	
tbl	tbl1.pak	0x016B8BD7	(Martial) Potion Super Saiyan Rose	620dfc4fcfe0	(武道家)超级赛亚人桃红药水	accepted	legacy/translations/tbl_overrides.tsv	121	
tbl	tbl1.pak	0x016B8CCB	(Martial) Potion Super Saiyan 4	4555e2a07da5	(武道家)超级赛亚人4药水	accepted	legacy/translations/tbl_overrides.tsv	123	
tbl	tbl1.pak	*	(Spiritualist) Potion Super Saiyan 1	d460a7d79820	(气功师)超级赛亚人1药水	accepted	legacy/translations/tbl_overrides.tsv	124	
tbl	tbl1.pak	0x016B8DAB	(Spiritualist) Potion Super Saiyan 2	9bbbe325289a	(气功师)超级赛亚人2药水	accepted	legacy/translations/tbl_overrides.tsv	125	
tbl	tbl1.pak	0x016B8DF9	(Spiritualist) Potion Super Saiyan 3	80aeb4cc4108	(气功师)超级赛亚人3药水	accepted	legacy/translations/tbl_overrides.tsv	126	
tbl	tbl1.pak	0x016B8E47	(Spiritualist) Potion Super Saiyan GOD	37553d0f9227	(气功师)超级赛亚人之神药水	accepted	legacy/translations/tbl_overrides.tsv	127	
tbl	tbl1.pak	0x016B8E99	(Spiritualist) Potion Super Saiyan BLUE	09724c83ef01	(气功师)超级赛亚人蓝色药水	accepted	legacy/translations/tbl_overrides.tsv	128	
tbl	tbl1.pak	0x016B8EED	(Spiritualist) Potion Super Saiyan Rose	65da4978e68f	(气功师)超级赛亚人桃红药水	accepted	legacy/translations/tbl_overrides.tsv	129	
tbl	tbl1.pak	0x016B8FFF	(Spiritualist) Potion Super Saiyan 4	80fe7e8bebe3	(气功师)超级赛亚人4药水	accepted	legacy/translations/tbl_overrides.tsv	131	
tbl	tbl1.pak	0x016BE63D	(Martial) (7 days) Super Saiyan 1	869a9f420233	(武道家)(7天)超级赛亚人1	accepted	legacy/translations/tbl_overrides.tsv	132	
tbl	tbl1.pak	0x016BE685	(Martial) (7 days) Super Saiyan 2	75d1bd925bf5	(武道家)(7天)超级赛亚人2	accepted	legacy/translations/tbl_overrides.tsv	133	
tbl	tbl1.pak	0x016BE6CD	(Martial) (7 days) Super Saiyan 3	e05e44326a98	(武道家)(7天)超级赛亚人3	accepted	legacy/translations/tbl_overrides.tsv	134	
tbl	tbl1.pak	0x016BE715	(Martial) (7 days) Super Saiyan GOD	f9eecf6d64c5	(武道家)(7天)超级赛亚人之神	accepted	legacy/translations/tbl_overrides.tsv	135	
tbl	tbl1.pak	0x016BE761	(Martial) (7 days) Super Saiyan Blue	b334552b8aea	(武道家)(7天)超级赛亚人蓝色	accepted	legacy/translations/tbl_overrides.tsv	136	
tbl	tbl1.pak	0x016BE7AF	(Martial) (7 days) Super Saiyan Rose	34bbf74d20c0	(武道家)(7天)超级赛亚人桃红	accepted	legacy/translations/tbl_overrides.tsv	137	
tbl	tbl1.pak	0x016BE8AF	(Martial) (7 days) Super Saiyan 4	ba03327b0039	(武道家)(7天)超级赛亚人4	accepted	legacy/translations/tbl_overrides.tsv	139	
tbl	tbl1.pak	*	(Spiritualist) (7 days) Super Saiyan 1	ef933b927cc7	(气功师)(7天)超级赛亚人1	accepted	legacy/translations/tbl_overrides.tsv	140	
tbl	tbl1.pak	0x016BE99B	(Spiritualist) (7 days) Super Saiyan 2	9e74b495cd12	(气功师)(7天)超级赛亚人2	accepted	legacy/translations/tbl_overrides.tsv	141	
tbl	tbl1.pak	0x016BE9ED	(Spiritualist) (7 days) Super Saiyan 3	369b51eaace2	(气功师)(7天)超级赛亚人3	accepted	legacy/translations/tbl_overrides.tsv	142	
tbl	tbl1.pak	0x016BEA3F	(Spiritualist) (7 days) Super Saiyan GOD	74d81cd7162b	(气功师)(7天)超级赛亚人之神	accepted	legacy/translations/tbl_overrides.tsv	143	
tbl	tbl1.pak	0x016BEA95	(Spiritualist) (7 days) Super Saiyan BLUE	09207080249a	(气功师)(7天)超级赛亚人蓝色	accepted	legacy/translations/tbl_overrides.tsv	144	
tbl	tbl1.pak	0x016BEAED	(Spiritualist) (7 days) Super Saiyan Rose	88b071254457	(气功师)(7天)超级赛亚人桃红	accepted	legacy/translations/tbl_overrides.tsv	145	
tbl	tbl1.pak	0x016BEBA5	4(Spiritualist) (7 days) Super Saiyan Legendary Super	3949b88d8289	(气功师)(7天)传说超级赛亚人(超)	disabled_missing_20260720	legacy/translations/tbl_overrides.tsv	147	source absent in 2026-07-20 snapshot; corrected source retained as queue wildcard
tbl	tbl1.pak	0x016BEC15	(Spiritualist) (7 days) Super Saiyan 4	797307159705	(气功师)(7天)超级赛亚人4	accepted	legacy/translations/tbl_overrides.tsv	148	
tbl	tbl0.pak	*	(Warrior) Potion Great Namek	e9c05c8cc90f	(那美克战士)巨大那美克药水	accepted	legacy/translations/tbl_overrides.tsv	149	wildcard_after_tbl0_refresh_20260628
tbl	tbl0.pak	*	(Warrior) Potion Kamiccolo	a580d36c8c7e	(那美克战士)卡米克洛药水	accepted	legacy/translations/tbl_overrides.tsv	150	wildcard_after_tbl0_refresh_20260628
tbl	tbl0.pak	*	(Warrior) Potion Dark Namek	1e1607c047b4	(那美克战士)黑暗那美克药水	accepted	legacy/translations/tbl_overrides.tsv	151	wildcard_after_tbl0_refresh_20260628
tbl	tbl0.pak	*	(Warrior) Potion Great Orange	8064e0adcf41	(那美克战士)巨大橙色药水	accepted	legacy/translations/tbl_overrides.tsv	152	wildcard_after_tbl0_refresh_20260628
tbl	tbl0.pak	*	(Warrior) Potion Orange	4b245bd49ce6	(那美克战士)橙色药水	accepted	legacy/translations/tbl_overrides.tsv	153	wildcard_after_tbl0_refresh_20260628
tbl	tbl0.pak	*	(Warrior) Potion Muscle Orange	6268e2bf6309	(那美克战士)肌肉橙色药水	accepted	legacy/translations/tbl_overrides.tsv	154	wildcard_after_tbl0_refresh_20260628
tbl	tbl0.pak	*	(Warrior) Potion Imperator	db3f7c487140	(那美克战士)帝王药水	accepted	legacy/translations/tbl_overrides.tsv	155	wildcard_after_tbl0_refresh_20260628
tbl	tbl0.pak	0x013BE771	(Warrior) Capsule Great Namek	245b7f92c87a	(那美克战士)巨大那美克胶囊	accepted	legacy/translations/tbl_overrides.tsv	156	
tbl	tbl0.pak	0x013BE8ED	(Warrior) Capsule Kamiccolo	7ca7843a07fe	(那美克战士)卡米克洛胶囊	accepted	legacy/translations/tbl_overrides.tsv	157	
tbl	tbl0.pak	0x013BEA69	(Warrior) Capsule Dark Namek	6476bce826e2	(那美克战士)黑暗那美克胶囊	accepted	legacy/translations/tbl_overrides.tsv	158	
tbl	tbl0.pak	0x013BEBE5	(Warrior) Capsule Great Orange	868191b7e71a	(那美克战士)巨大橙色胶囊	accepted	legacy/translations/tbl_overrides.tsv	159	
tbl	tbl0.pak	0x013BED61	(Warrior) Capsule Orange	d89d72a8dd01	(那美克战士)橙色胶囊	accepted	legacy/translations/tbl_overrides.tsv	160	
tbl	tbl0.pak	0x013BEEDD	(Warrior) Capsule Muscle Orange	0509ff51f520	(那美克战士)肌肉橙色胶囊	accepted	legacy/translations/tbl_overrides.tsv	161	
tbl	tbl0.pak	0x013BF059	(Warrior) Capsule Imperator	cbfb6f536ce6	(那美克战士)帝王胶囊	accepted	legacy/translations/tbl_overrides.tsv	162	
tbl	tbl1.pak	0x012EAEC7	Skill! Power Up (Warrior)	6883589d92c2	技能!力量提升(那美克战士)	accepted	legacy/translations/tbl_overrides.tsv	163	
tbl	tbl1.pak	0x012EB2DF	Skill! Guard (Warrior)	a2daa436cfd0	技能!防御(那美克战士)	accepted	legacy/translations/tbl_overrides.tsv	164	
tbl	tbl1.pak	0x012EB6BF	Skill! Dash (Warrior)	6dea45965445	技能!冲刺(那美克战士)	accepted	legacy/translations/tbl_overrides.tsv	165	
tbl	tbl1.pak	0x012EBADF	Skill! Counter Attack (Warrior)	0e2a1c753e51	技能!反击(那美克战士)	accepted	legacy/translations/tbl_overrides.tsv	166	
tbl	tbl1.pak	*	Flight Skill (Warrior)	9a6e53457b51	飞行技能(那美克战士)	accepted	legacy/translations/tbl_overrides.tsv	167	
tbl	tbl1.pak	0x016B88A9	(Warrior)Imperator Namek	5dd773d327e0	(那美克战士)帝王那美克	accepted	legacy/translations/tbl_overrides.tsv	168	
tbl	tbl1.pak	0x016B904D	(Warrior) Potion Great Namek	e9c05c8cc90f	(那美克战士)巨大那美克药水	accepted	legacy/translations/tbl_overrides.tsv	169	
tbl	tbl1.pak	0x016B908B	(Warrior) Potion Kamiccolo	a580d36c8c7e	(那美克战士)卡米克洛药水	accepted	legacy/translations/tbl_overrides.tsv	170	
tbl	tbl1.pak	0x016B90C5	(Warrior) Potion Dark Namek	1e1607c047b4	(那美克战士)黑暗那美克药水	accepted	legacy/translations/tbl_overrides.tsv	171	
tbl	tbl1.pak	0x016B9101	(Warrior) Potion Great Orange	8064e0adcf41	(那美克战士)巨大橙色药水	accepted	legacy/translations/tbl_overrides.tsv	172	
tbl	tbl1.pak	0x016B9141	(Warrior) Potion Orange	4b245bd49ce6	(那美克战士)橙色药水	accepted	legacy/translations/tbl_overrides.tsv	173	
tbl	tbl1.pak	0x016B9175	(Warrior) Potion Muscle Orange	6268e2bf6309	(那美克战士)肌肉橙色药水	accepted	legacy/translations/tbl_overrides.tsv	174	
tbl	tbl1.pak	0x016B91B7	(Warrior) Potion Imperator	db3f7c487140	(那美克战士)帝王药水	accepted	legacy/translations/tbl_overrides.tsv	175	
tbl	tbl1.pak	0x016BEC67	(Warrior) (7 days) Great Namek	fcdafe9d0d57	(那美克战士)(7天)巨大那美克	accepted	legacy/translations/tbl_overrides.tsv	176	
tbl	tbl1.pak	0x016BECA9	(Warrior) (7 days) Kamiccolo	687fe5412992	(那美克战士)(7天)卡米克洛	accepted	legacy/translations/tbl_overrides.tsv	177	
tbl	tbl1.pak	0x016BECE7	(Warrior) (7 days) Dark Namek	5095adf62e49	(那美克战士)(7天)黑暗那美克	accepted	legacy/translations/tbl_overrides.tsv	178	
tbl	tbl1.pak	0x016BED27	(Warrior) (7 days) Great Orange	9a1933fec86c	(那美克战士)(7天)巨大橙色	accepted	legacy/translations/tbl_overrides.tsv	179	
tbl	tbl1.pak	0x016BED6B	(Warrior) (7 days) Orange	4af3f3f3685d	(那美克战士)(7天)橙色	accepted	legacy/translations/tbl_overrides.tsv	180	
tbl	tbl1.pak	0x016BEDA3	(Warrior) (7 days) Muscle Orange	09871e26a235	(那美克战士)(7天)肌肉橙色	accepted	legacy/translations/tbl_overrides.tsv	181	
tbl	tbl1.pak	0x016BEDE9	(Warrior) (7 days) Imperator	b324761b0b99	(那美克战士)(7天)帝王	accepted	legacy/translations/tbl_overrides.tsv	182	
tbl	tbl1.pak	0x017F1385	Solo Dungeon Support	9bbebca9ea24	单人副本增益	accepted	legacy/translations/tbl_overrides.tsv	183	
tbl	tbl1.pak	0x017F13B3	Party Dungeon Support	91e1efa29770	组队副本增益	accepted	legacy/translations/tbl_overrides.tsv	184	
tbl	tbl1.pak	0x01778ACA	BID-4 Dungeon Manager	055557a8510a	BID-4副本入场管理机	accepted	legacy/translations/tbl_overrides.tsv	185	
tbl	tbl1.pak	0x01778BAC	BID-5 Dungeon Manager	15b54aac9121	BID-5副本入场管理机	accepted	legacy/translations/tbl_overrides.tsv	186	
tbl	tbl0.pak	0x014420B0	HM 85 SEMI 2P	23f399822236	人类85半套2P	accepted	legacy/translations/tbl_overrides.tsv	189	
tbl	tbl0.pak	0x014421B4	HM 85 FULL 3P	49f2bcb7648a	人类85全套3P	accepted	legacy/translations/tbl_overrides.tsv	190	
tbl	tbl0.pak	0x014422BA	AMEK 2P SEMI	181b24ca8035	那美克2P半套	accepted	legacy/translations/tbl_overrides.tsv	191	
tbl	tbl0.pak	0x014424C2	AJIN SEMI 2P	2b325bb6fe74	魔人半套2P	accepted	legacy/translations/tbl_overrides.tsv	193	
tbl	tbl0.pak	0x014433FC	HM FULL 3P 90	ed550cc1bb35	人类全套3P90	accepted	legacy/translations/tbl_overrides.tsv	195	
tbl	tbl0.pak	0x01443502	AMEK 3P FULL 90	8276731ef024	那美克3P全套90	accepted	legacy/translations/tbl_overrides.tsv	196	
tbl	tbl0.pak	0x01443606	AJIN FULL 3P 90	278165a2fed3	魔人全套3P90	accepted	legacy/translations/tbl_overrides.tsv	197	
tbl	tbl0.pak	0x01443D20	CHIP FL PY	861fa84bcc68	芯片飞行物理	accepted	legacy/translations/tbl_overrides.tsv	201	
tbl	tbl0.pak	0x0144402C	HM 90 SEMI 2P	aa36107b815f	人类90半套2P	accepted	legacy/translations/tbl_overrides.tsv	202	
tbl	tbl0.pak	0x01444130	HM 90 FULL 3P	c24a619df776	人类90全套3P	accepted	legacy/translations/tbl_overrides.tsv	203	
tbl	tbl0.pak	0x01444234	MJ 90 SEMI 2P	039c250e4f50	魔人90半套2P	accepted	legacy/translations/tbl_overrides.tsv	204	
tbl	tbl0.pak	0x01444338	MJ 90 FULL 3P	b3a864409989	魔人90全套3P	accepted	legacy/translations/tbl_overrides.tsv	205	
tbl	tbl0.pak	0x0144443C	NM 90 SEMI 2P	decbb340a3cc	那美克90半套2P	accepted	legacy/translations/tbl_overrides.tsv	206	
tbl	tbl0.pak	0x01444540	NM 90 FULL 3P	54fefe89978f	那美克90全套3P	accepted	legacy/translations/tbl_overrides.tsv	207	
tbl	tbl0.pak	0x01444748	EARN FULY	cf3af88072ab	耳环全套	accepted	legacy/translations/tbl_overrides.tsv	209	
tbl	tbl0.pak	0x0144484C	EARN SEM	8916699eff5d	耳环半套	accepted	legacy/translations/tbl_overrides.tsv	210	
tbl	tbl0.pak	0x017CBBA0	Hakai Rings	029dd05ccd77	破坏戒指	accepted	legacy/translations/tbl_overrides.tsv	228	
tbl	tbl0.pak	0x017F72D0	Red Puar Egg	543aab6de43d	红色普尔蛋	accepted	legacy/translations/tbl_overrides.tsv	229	
tbl	tbl0.pak	0x017F74F0	White Underwear Egg	b8c30747367a	白色内衣蛋	accepted	legacy/translations/tbl_overrides.tsv	233	
tbl	tbl0.pak	0x017F7578	White Underwear 2	e75b075ce79c	白色内衣2	accepted	legacy/translations/tbl_overrides.tsv	234	
tbl	tbl0.pak	0x017F7600	White Underwear 3	2a20e952b4a9	白色内衣3	accepted	legacy/translations/tbl_overrides.tsv	235	
tbl	tbl0.pak	0x017F7688	White Underwear 4	fefbea4d6efd	白色内衣4	accepted	legacy/translations/tbl_overrides.tsv	236	
tbl	tbl0.pak	0x017F7710	Pink Underwear Egg	75a82e739ce0	粉色内衣蛋	accepted	legacy/translations/tbl_overrides.tsv	237	
tbl	tbl0.pak	0x017F7798	Pink Underwear 2	05e24562c1d6	粉色内衣2	accepted	legacy/translations/tbl_overrides.tsv	238	
tbl	tbl0.pak	0x017F7820	Pink Underwear 3	c38cef3907c9	粉色内衣3	accepted	legacy/translations/tbl_overrides.tsv	239	
tbl	tbl0.pak	0x017F78A8	Pink Underwear 4	49e4615aba16	粉色内衣4	accepted	legacy/translations/tbl_overrides.tsv	240	
tbl	tbl0.pak	0x017F7930	Cat Pet Egg	735fde3f99de	猫宠物蛋	accepted	legacy/translations/tbl_overrides.tsv	241	
tbl	tbl0.pak	0x017F79B8	Cat Pet 2	46afce2d2025	猫宠物2	accepted	legacy/translations/tbl_overrides.tsv	242	
tbl	tbl0.pak	0x017F7A40	Cat Pet 3	b690aed713e6	猫宠物3	accepted	legacy/translations/tbl_overrides.tsv	243	
tbl	tbl0.pak	0x017F7AC8	Cat Pet 4	34dd43814033	猫宠物4	accepted	legacy/translations/tbl_overrides.tsv	244	
tbl	tbl0.pak	0x017F7B50	Ghost Pet Egg	c7fa05ff4d1a	幽灵宠物蛋	accepted	legacy/translations/tbl_overrides.tsv	245	
tbl	tbl0.pak	0x017F7BD8	Ghost Pet 2	8d47373cea3a	幽灵宠物2	accepted	legacy/translations/tbl_overrides.tsv	246	
tbl	tbl0.pak	0x017F7C60	Ghost Pet 3	e51dbdb652fd	幽灵宠物3	accepted	legacy/translations/tbl_overrides.tsv	247	
tbl	tbl0.pak	0x017F7CE8	Ghost Pet 4	afded6d2a693	幽灵宠物4	accepted	legacy/translations/tbl_overrides.tsv	248	
tbl	tbl0.pak	*	Smile Pattern Underwear	cea9f60f6674	笑脸图案内衣	accepted	legacy/translations/tbl_overrides.tsv	258	wildcard_after_tbl0_refresh_20260628
tbl	tbl0.pak	0x0125990D	Red Puar 1	a4fc600b5d19	红色普尔1	accepted	legacy/translations/tbl_overrides.tsv	259	
tbl	tbl0.pak	0x0125C88D	Broly Pet Egg	de385f0f15f8	布罗利宠物蛋	accepted	legacy/translations/tbl_overrides.tsv	260	
tbl	tbl0.pak	0x0126FEC9	LP Majin	1a29e48fede1	LP魔人	accepted	legacy/translations/tbl_overrides.tsv	261	
tbl	tbl0.pak	0x01270045	LP Namek	685c80b03b55	LP那美克	accepted	legacy/translations/tbl_overrides.tsv	262	
tbl	tbl0.pak	0x012701C1	LP Human	17a4ab602a06	LP人类	accepted	legacy/translations/tbl_overrides.tsv	263	
tbl	tbl0.pak	*	Trumpet	66c3284825be	号角	accepted	legacy/translations/tbl_overrides.tsv	264	wildcard_after_tbl0_refresh_20260628
tbl	tbl0.pak	0x01279F19	Gohan Time Chamber Hair	f6f37d57eef7	孙悟饭精神时光屋发型	accepted	legacy/translations/tbl_overrides.tsv	271	
tbl	tbl0.pak	0x0127AAF9	IS Hair	37372c89855f	IS发型	accepted	legacy/translations/tbl_overrides.tsv	272	
tbl	tbl0.pak	0x0127AC75	Death Axe SK Transmog	95ff8c973185	死亡之斧SK幻化	accepted	legacy/translations/tbl_overrides.tsv	273	
tbl	tbl0.pak	0x0127ADF1	Two Handed Sword SK	c448fb38a8ea	双手剑SK	accepted	legacy/translations/tbl_overrides.tsv	274	
tbl	tbl0.pak	*	Oozaru Martial	3ba06c3593f8	大猿武道家	accepted	legacy/translations/tbl_overrides.tsv	275	wildcard_after_tbl0_refresh_20260628
tbl	tbl0.pak	0x0127CA25	Oozaru Spirit	f7db83588d9e	大猿精神	accepted	legacy/translations/tbl_overrides.tsv	276	
tbl	tbl0.pak	0x0127F0BD	Hallowen Box	ee66ef318852	万圣节盒	accepted	legacy/translations/tbl_overrides.tsv	277	
tbl	tbl0.pak	0x012809F9	Halloween Title	e30a2d8f13ec	万圣节称号	accepted	legacy/translations/tbl_overrides.tsv	278	
tbl	tbl0.pak	0x01280B75	Golden Oozaru Martial	db1d5b450a4c	黄金大猿武道家	accepted	legacy/translations/tbl_overrides.tsv	279	
tbl	tbl0.pak	0x01281165	Natal Box	283d6b7978e3	圣诞盒	accepted	legacy/translations/tbl_overrides.tsv	280	
tbl	tbl0.pak	*	Saiyan Tail F	3493e3522097	赛亚人尾巴F	accepted	legacy/translations/tbl_overrides.tsv	281	wildcard_after_tbl0_refresh_20260628
tbl	tbl0.pak	0x012874D9	Event Sample	689ce5894211	活动样品	accepted	legacy/translations/tbl_overrides.tsv	282	
tbl	tbl0.pak	0x01287C45	BMO Backpack	2637feaa2ff9	BMO背包	accepted	legacy/translations/tbl_overrides.tsv	283	
tbl	tbl0.pak	0x012BCED1	CC Blessed Ruby 2	1a6dbcab7c13	CC祝福红宝石2	accepted	legacy/translations/tbl_overrides.tsv	284	
tbl	tbl0.pak	0x012BD04D	CC Blessed Ruby 3	e60c77ea9c86	CC祝福红宝石3	accepted	legacy/translations/tbl_overrides.tsv	285	
tbl	tbl0.pak	0x012BD1C9	Fancy Intense Yellow 1	d04487fdcfd2	华丽浓烈黄色1	accepted	legacy/translations/tbl_overrides.tsv	286	
tbl	tbl0.pak	0x012BD345	Fancy Intense Yellow 2	03295ba47d2b	华丽浓烈黄色2	accepted	legacy/translations/tbl_overrides.tsv	287	
tbl	tbl0.pak	0x012BD4C1	Fancy Intense Yellow 3	aa28cb062d01	华丽浓烈黄色3	accepted	legacy/translations/tbl_overrides.tsv	288	
tbl	tbl0.pak	0x012BD63D	New Stone 1	15592526e406	新石1	accepted	legacy/translations/tbl_overrides.tsv	289	
tbl	tbl0.pak	0x012BD7B9	New Stone 2	39d30008497f	新石2	accepted	legacy/translations/tbl_overrides.tsv	290	
tbl	tbl0.pak	0x012BD935	New Stone 3	2d47211e0c6d	新石3	accepted	legacy/translations/tbl_overrides.tsv	291	
tbl	tbl0.pak	0x012BDAB1	New Stone 4	2e98a068ff9f	新石4	accepted	legacy/translations/tbl_overrides.tsv	292	
tbl	tbl0.pak	0x012BDC2D	New Stone 5	4bcfd31f53da	新石5	accepted	legacy/translations/tbl_overrides.tsv	293	
tbl	tbl0.pak	0x012BDDA9	New Stone 6	f856f2f69430	新石6	accepted	legacy/translations/tbl_overrides.tsv	294	
tbl	tbl0.pak	0x012D5F99	Sky Dungeon Material 1	4f83a21a8359	天空副本材料1	accepted	legacy/translations/tbl_overrides.tsv	295	
tbl	tbl0.pak	0x012D6115	Sky Dungeon Material 2	8213e9366e51	天空副本材料2	accepted	legacy/translations/tbl_overrides.tsv	296	
tbl	tbl0.pak	0x012D6291	Sky Dungeon Material 3	d063816263dc	天空副本材料3	accepted	legacy/translations/tbl_overrides.tsv	297	
tbl	tbl0.pak	*	Halloween Wings	df4ce55900ef	万圣节翅膀	accepted	legacy/translations/tbl_overrides.tsv	300	wildcard_after_tbl0_refresh_20260628
tbl	tbl0.pak	*	Fairy Wings	d7923413956e	仙女翅膀	accepted	legacy/translations/tbl_overrides.tsv	301	wildcard_after_tbl0_refresh_20260628
tbl	tbl0.pak	0x0135CDE1	Buu Costume	546d1e41d8d7	布欧服装	accepted	legacy/translations/tbl_overrides.tsv	302	
tbl	tbl0.pak	0x0135D0D9	Xeno Goku Outfit	0381b5c71e80	异次元孙悟空套装	accepted	legacy/translations/tbl_overrides.tsv	303	
tbl	tbl0.pak	*	Hellfire Sword	d74b5c32eeed	地狱火剑	accepted	legacy/translations/tbl_overrides.tsv	304	wildcard_after_tbl0_refresh_20260628
tbl	tbl0.pak	0x0136DF01	GM Weapon Upgrade Stone U75	06344e9bc1c3	GM武器升级石U75	accepted	legacy/translations/tbl_overrides.tsv	305	
tbl	tbl0.pak	*	Akeno Hat	a7cfebb45c83	朱乃帽子	accepted	legacy/translations/tbl_overrides.tsv	306	wildcard_after_tbl0_refresh_20260628
tbl	tbl0.pak	*	Sabo Hat	e5f38047fa19	萨博帽子	accepted	legacy/translations/tbl_overrides.tsv	307	wildcard_after_tbl0_refresh_20260628
tbl	tbl0.pak	*	Whitebeard Mustache	949a69e07f30	白胡子胡子	accepted	legacy/translations/tbl_overrides.tsv	308	wildcard_after_tbl0_refresh_20260628
tbl	tbl0.pak	*	Custom Hat	8aedfa1b9f5d	定制帽子	accepted	legacy/translations/tbl_overrides.tsv	309	wildcard_after_tbl0_refresh_20260628
tbl	tbl0.pak	0x01371ED5	UD1 Shard	17c89965ec30	UD1碎片	accepted	legacy/translations/tbl_overrides.tsv	310	
tbl	tbl0.pak	0x01372051	UD2 Shard	16235397ac9b	UD2碎片	accepted	legacy/translations/tbl_overrides.tsv	311	
tbl	tbl0.pak	0x013721CD	UD3 Shard	0cfe2095f92c	UD3碎片	accepted	legacy/translations/tbl_overrides.tsv	312	
tbl	tbl0.pak	0x01372349	UD4 Shard	718f22a5b677	UD4碎片	accepted	legacy/translations/tbl_overrides.tsv	313	
tbl	tbl0.pak	0x013724C5	UD5 Shard	596320a986e7	UD5碎片	accepted	legacy/translations/tbl_overrides.tsv	314	
tbl	tbl0.pak	0x01372641	UD6 Shard	16c3ba89bfb3	UD6碎片	accepted	legacy/translations/tbl_overrides.tsv	315	
tbl	tbl0.pak	0x0137B63D	Liquid Fuel S4	62c0605b5803	液体燃料S4	accepted	legacy/translations/tbl_overrides.tsv	316	
tbl	tbl0.pak	0x0137B7B9	Liquid Fuel S5	0247de5d5550	液体燃料S5	accepted	legacy/translations/tbl_overrides.tsv	317	
tbl	tbl0.pak	0x0137DE51	Bardock Outfit	173bd66479c3	巴达克套装	accepted	legacy/translations/tbl_overrides.tsv	318	
tbl	tbl0.pak	0x0137E739	Gogeta Outfit	9e9dbe0734b2	悟吉塔套装	accepted	legacy/translations/tbl_overrides.tsv	319	
tbl	tbl0.pak	0x01398B4D	Might Majin form	35faa519502d	大魔人 form	accepted	legacy/translations/tbl_overrides.tsv	324	
tbl	tbl0.pak	0x01398CC9	Wonder Majin Form	e4f44f62764e	意魔人形态	accepted	legacy/translations/tbl_overrides.tsv	325	
tbl	tbl0.pak	0x01399A25	Legendary Martial	2e4eb509c346	传说武道家	accepted	legacy/translations/tbl_overrides.tsv	328	
tbl	tbl0.pak	0x013A6581	A Upgrade Stone U85	9d9af8a7b54d	A升级石U85	accepted	legacy/translations/tbl_overrides.tsv	329	
tbl	tbl0.pak	0x013A66FD	White Stone U85	12751de81dc7	白色石U85	accepted	legacy/translations/tbl_overrides.tsv	330	
tbl	tbl0.pak	0x013A6CED	UD1 Coin	d9901a41dc20	UD1硬币	accepted	legacy/translations/tbl_overrides.tsv	331	
tbl	tbl0.pak	0x013A6E69	UD2 Coin	863cfda1d764	UD2硬币	accepted	legacy/translations/tbl_overrides.tsv	332	
tbl	tbl0.pak	0x013A6FE5	UD3 Coin	365c483ed885	UD3硬币	accepted	legacy/translations/tbl_overrides.tsv	333	
tbl	tbl0.pak	0x013AFFE1	Downgrade Weapon 85	4075b3525e64	降级武器85	accepted	legacy/translations/tbl_overrides.tsv	334	
tbl	tbl0.pak	0x013B05D1	Moro Coin	73a2875cf4bb	摩罗硬币	accepted	legacy/translations/tbl_overrides.tsv	335	
tbl	tbl0.pak	*	(Dragon) Potion Great Namek	d169c341ae89	(龙族)巨大那美克药水	accepted	legacy/translations/tbl_overrides.tsv	336	wildcard_after_tbl0_refresh_20260628
tbl	tbl0.pak	*	(Dragon) Potion Kamiccolo	c51e53dc8c94	(龙族)卡米克洛药水	accepted	legacy/translations/tbl_overrides.tsv	337	wildcard_after_tbl0_refresh_20260628
tbl	tbl0.pak	*	(Dragon) Potion Dark Namek	96e7c2d9186e	(龙族)黑暗那美克药水	accepted	legacy/translations/tbl_overrides.tsv	338	wildcard_after_tbl0_refresh_20260628
tbl	tbl0.pak	*	(Dragon) Potion Great Orange	cc5d95bf39d7	(龙族) Potion Great Orange	accepted	legacy/translations/tbl_overrides.tsv	339	wildcard_after_tbl0_refresh_20260628
tbl	tbl0.pak	*	(Dragon) Potion Orange	d94a8c41ddd5	(龙族) Potion Orange	accepted	legacy/translations/tbl_overrides.tsv	340	wildcard_after_tbl0_refresh_20260628
tbl	tbl0.pak	*	(Dragon) Potion Muscle Orange	41aea9ea79d8	(龙族) Potion Muscle Orange	accepted	legacy/translations/tbl_overrides.tsv	341	wildcard_after_tbl0_refresh_20260628
tbl	tbl0.pak	*	(Dragon) Potion Imperator	076a48288418	(龙族)帝王药水	accepted	legacy/translations/tbl_overrides.tsv	342	wildcard_after_tbl0_refresh_20260628
tbl	tbl0.pak	*	(Might) Potion Pure Majin	c2efebd7590b	(大魔人)纯粹魔人药水	accepted	legacy/translations/tbl_overrides.tsv	343	wildcard_after_tbl0_refresh_20260628
tbl	tbl0.pak	*	(Might) Potion Super Boo	b024aafe59dc	(大魔人)超级布欧药水	accepted	legacy/translations/tbl_overrides.tsv	344	wildcard_after_tbl0_refresh_20260628
tbl	tbl0.pak	*	(Might) Potion Bootenks	8d7ff15709d8	(大魔人)布欧悟天克斯药水	accepted	legacy/translations/tbl_overrides.tsv	345	wildcard_after_tbl0_refresh_20260628
tbl	tbl0.pak	*	(Might) Potion Buuhan	e6980fbfca94	(大魔人)布欧悟饭药水	accepted	legacy/translations/tbl_overrides.tsv	346	wildcard_after_tbl0_refresh_20260628
tbl	tbl0.pak	*	(Might) Potion SS3	8d6c5f039267	(大魔人)超级赛亚人3药水	accepted	legacy/translations/tbl_overrides.tsv	347	wildcard_after_tbl0_refresh_20260628
tbl	tbl0.pak	*	(Might) Potion Xeno	5c0ed03c96fc	(大魔人)异次元药水	accepted	legacy/translations/tbl_overrides.tsv	348	wildcard_after_tbl0_refresh_20260628
tbl	tbl0.pak	*	(Wonder) Potion Pure Majin	fdf280a89189	(意魔人)纯粹魔人药水	accepted	legacy/translations/tbl_overrides.tsv	349	wildcard_after_tbl0_refresh_20260628
tbl	tbl0.pak	*	(Wonder) Potion Super Boo	23182edcb5ce	(意魔人)超级布欧药水	accepted	legacy/translations/tbl_overrides.tsv	350	wildcard_after_tbl0_refresh_20260628
tbl	tbl0.pak	*	(Wonder) Potion Bootenks	3a234ae927c3	(意魔人)布欧悟天克斯药水	accepted	legacy/translations/tbl_overrides.tsv	351	wildcard_after_tbl0_refresh_20260628
tbl	tbl0.pak	*	(Wonder) Potion Buuhan	7383ff5849ef	(意魔人)布欧悟饭药水	accepted	legacy/translations/tbl_overrides.tsv	352	wildcard_after_tbl0_refresh_20260628
tbl	tbl0.pak	*	(Wonder) Potion SS3	69c4f187ffed	(意魔人)超级赛亚人3药水	accepted	legacy/translations/tbl_overrides.tsv	353	wildcard_after_tbl0_refresh_20260628
tbl	tbl0.pak	*	(Wonder) Potion Xeno	fff3ff6dd87f	(意魔人)异次元药水	accepted	legacy/translations/tbl_overrides.tsv	354	wildcard_after_tbl0_refresh_20260628
tbl	tbl0.pak	0x013BF1D5	(Dragon) Capsule Great Namek	698cbd73f90b	(龙族)巨大那美克胶囊	accepted	legacy/translations/tbl_overrides.tsv	355	
tbl	tbl0.pak	0x013BF351	(Dragon) Capsule Kamiccolo	776fb043e0b9	(龙族)卡米克洛胶囊	accepted	legacy/translations/tbl_overrides.tsv	356	
tbl	tbl0.pak	0x013BF4CD	(Dragon) Capsule Dark Namek	06d20a624bb3	(龙族)黑暗那美克胶囊	accepted	legacy/translations/tbl_overrides.tsv	357	
tbl	tbl0.pak	0x013BF649	(Dragon) Capsule Great Orange	50ea54baa24a	(龙族) Capsule Great Orange	accepted	legacy/translations/tbl_overrides.tsv	358	
tbl	tbl0.pak	0x013BF7C5	(Dragon) Capsule Orange	76063c1a66bc	(龙族) Capsule Orange	accepted	legacy/translations/tbl_overrides.tsv	359	
tbl	tbl0.pak	0x013BF941	(Dragon) Capsule Muscle Orange	61ea7f3d94d4	(龙族) Capsule Muscle Orange	accepted	legacy/translations/tbl_overrides.tsv	360	
tbl	tbl0.pak	0x013BFABD	(Dragon) Capsule Imperator	d78021095697	(龙族)帝王胶囊	accepted	legacy/translations/tbl_overrides.tsv	361	
tbl	tbl0.pak	0x013BFC39	(Might) Capsule Pure Majin	b966d8e16c80	(大魔人)纯粹魔人胶囊	accepted	legacy/translations/tbl_overrides.tsv	362	
tbl	tbl0.pak	0x013BFF31	(Might) Capsule Super Boo	e86fdc5d3cdf	(大魔人)超级布欧胶囊	accepted	legacy/translations/tbl_overrides.tsv	363	
tbl	tbl0.pak	0x013C00AD	(Might) Capsule Bootenks	abc7b0a92b19	(大魔人)布欧悟天克斯胶囊	accepted	legacy/translations/tbl_overrides.tsv	364	
tbl	tbl0.pak	0x013C0229	(Might) Capsule Buuhan	1f7bc0835d38	(大魔人)布欧悟饭胶囊	accepted	legacy/translations/tbl_overrides.tsv	365	
tbl	tbl0.pak	0x013C03A5	(Might) Capsule SS3	0c248218fd43	(大魔人)超级赛亚人3胶囊	accepted	legacy/translations/tbl_overrides.tsv	366	
tbl	tbl0.pak	0x013C0521	(Might) Capsule Xeno	32a7d7a91909	(大魔人)异次元胶囊	accepted	legacy/translations/tbl_overrides.tsv	367	
tbl	tbl0.pak	0x013C069D	(Wonder) Capsule Pure Majin	16ffd640e2ab	(意魔人)纯粹魔人胶囊	accepted	legacy/translations/tbl_overrides.tsv	368	
tbl	tbl0.pak	0x013C0995	(Wonder) Capsule Super Boo	c57e79ce4339	(意魔人)超级布欧胶囊	accepted	legacy/translations/tbl_overrides.tsv	369	
tbl	tbl0.pak	0x013C0B11	(Wonder) Capsule Bootenks	318aa6bea674	(意魔人)布欧悟天克斯胶囊	accepted	legacy/translations/tbl_overrides.tsv	370	
tbl	tbl0.pak	0x013C0C8D	(Wonder) Capsule Buuhan	5d017bbbc75c	(意魔人)布欧悟饭胶囊	accepted	legacy/translations/tbl_overrides.tsv	371	
tbl	tbl0.pak	0x013C0E09	(Wonder) Capsule SS3	8d82bf283b2d	(意魔人)超级赛亚人3胶囊	accepted	legacy/translations/tbl_overrides.tsv	372	
tbl	tbl0.pak	0x013C0F85	(Wonder) Capsule Xeno	f7254bcb9942	(意魔人)异次元胶囊	accepted	legacy/translations/tbl_overrides.tsv	373	
tbl	tbl0.pak	0x013C13F9	(Martial) Potion Super Saiyan 1	96d897f630dd	(武道家)超级赛亚人1药水	disabled_tbl0_wildcard_20260628	legacy/translations/tbl_overrides.tsv	374	covered_by_wildcard_after_tbl0_refresh_20260628
tbl	tbl0.pak	0x013C1575	(Martial) Potion Super Saiyan 2	16e6f7a231bb	(武道家)超级赛亚人2药水	disabled_tbl0_wildcard_20260628	legacy/translations/tbl_overrides.tsv	375	covered_by_wildcard_after_tbl0_refresh_20260628
tbl	tbl0.pak	0x013C16F1	(Martial) Potion Super Saiyan 3	83e1f6771269	(武道家)超级赛亚人3药水	disabled_tbl0_wildcard_20260628	legacy/translations/tbl_overrides.tsv	376	covered_by_wildcard_after_tbl0_refresh_20260628
tbl	tbl0.pak	0x013C1FD9	(Martial) Potion Super Saiyan 4	4555e2a07da5	(武道家)超级赛亚人4药水	disabled_tbl0_wildcard_20260628	legacy/translations/tbl_overrides.tsv	377	covered_by_wildcard_after_tbl0_refresh_20260628
tbl	tbl0.pak	0x013C302D	(Warrior) Potion Great Namek	e9c05c8cc90f	(那美克战士)巨大那美克药水	disabled_tbl0_wildcard_20260628	legacy/translations/tbl_overrides.tsv	378	covered_by_wildcard_after_tbl0_refresh_20260628
tbl	tbl0.pak	0x013C31A9	(Warrior) Potion Kamiccolo	a580d36c8c7e	(那美克战士)卡米克洛药水	disabled_tbl0_wildcard_20260628	legacy/translations/tbl_overrides.tsv	379	covered_by_wildcard_after_tbl0_refresh_20260628
tbl	tbl0.pak	0x013C3325	(Warrior) Potion Dark Namek	1e1607c047b4	(那美克战士)黑暗那美克药水	disabled_tbl0_wildcard_20260628	legacy/translations/tbl_overrides.tsv	380	covered_by_wildcard_after_tbl0_refresh_20260628
tbl	tbl0.pak	0x013C34A1	(Warrior) Potion Great Orange	8064e0adcf41	(那美克战士)巨大橙色药水	disabled_tbl0_wildcard_20260628	legacy/translations/tbl_overrides.tsv	381	covered_by_wildcard_after_tbl0_refresh_20260628
tbl	tbl0.pak	0x013C361D	(Warrior) Potion Orange	4b245bd49ce6	(那美克战士)橙色药水	disabled_tbl0_wildcard_20260628	legacy/translations/tbl_overrides.tsv	382	covered_by_wildcard_after_tbl0_refresh_20260628
tbl	tbl0.pak	0x013C3799	(Warrior) Potion Muscle Orange	6268e2bf6309	(那美克战士)肌肉橙色药水	disabled_tbl0_wildcard_20260628	legacy/translations/tbl_overrides.tsv	383	covered_by_wildcard_after_tbl0_refresh_20260628
tbl	tbl0.pak	0x013C3915	(Warrior) Potion Imperator	db3f7c487140	(那美克战士)帝王药水	disabled_tbl0_wildcard_20260628	legacy/translations/tbl_overrides.tsv	384	covered_by_wildcard_after_tbl0_refresh_20260628
tbl	tbl0.pak	0x013C3A91	(Dragon) Potion Great Namek	d169c341ae89	(龙族)巨大那美克药水	disabled_tbl0_wildcard_20260628	legacy/translations/tbl_overrides.tsv	385	covered_by_wildcard_after_tbl0_refresh_20260628
tbl	tbl0.pak	0x013C3C0D	(Dragon) Potion Kamiccolo	c51e53dc8c94	(龙族)卡米克洛药水	disabled_tbl0_wildcard_20260628	legacy/translations/tbl_overrides.tsv	386	covered_by_wildcard_after_tbl0_refresh_20260628
tbl	tbl0.pak	0x013C3D89	(Dragon) Potion Dark Namek	96e7c2d9186e	(龙族)黑暗那美克药水	disabled_tbl0_wildcard_20260628	legacy/translations/tbl_overrides.tsv	387	covered_by_wildcard_after_tbl0_refresh_20260628
tbl	tbl0.pak	0x013C3F05	(Dragon) Potion Great Orange	cc5d95bf39d7	(龙族) Potion Great Orange	disabled_tbl0_wildcard_20260628	legacy/translations/tbl_overrides.tsv	388	covered_by_wildcard_after_tbl0_refresh_20260628
tbl	tbl0.pak	0x013C4081	(Dragon) Potion Orange	d94a8c41ddd5	(龙族) Potion Orange	disabled_tbl0_wildcard_20260628	legacy/translations/tbl_overrides.tsv	389	covered_by_wildcard_after_tbl0_refresh_20260628
tbl	tbl0.pak	0x013C41FD	(Dragon) Potion Muscle Orange	41aea9ea79d8	(龙族) Potion Muscle Orange	disabled_tbl0_wildcard_20260628	legacy/translations/tbl_overrides.tsv	390	covered_by_wildcard_after_tbl0_refresh_20260628
tbl	tbl0.pak	0x013C4379	(Dragon) Potion Imperator	076a48288418	(龙族)帝王药水	disabled_tbl0_wildcard_20260628	legacy/translations/tbl_overrides.tsv	391	covered_by_wildcard_after_tbl0_refresh_20260628
tbl	tbl0.pak	0x013C44F5	(Might) Potion Pure Majin	c2efebd7590b	(大魔人)纯粹魔人药水	disabled_tbl0_wildcard_20260628	legacy/translations/tbl_overrides.tsv	392	covered_by_wildcard_after_tbl0_refresh_20260628
tbl	tbl0.pak	0x013C47ED	(Might) Potion Super Boo	b024aafe59dc	(大魔人)超级布欧药水	disabled_tbl0_wildcard_20260628	legacy/translations/tbl_overrides.tsv	393	covered_by_wildcard_after_tbl0_refresh_20260628
tbl	tbl0.pak	0x013C4969	(Might) Potion Bootenks	8d7ff15709d8	(大魔人)布欧悟天克斯药水	disabled_tbl0_wildcard_20260628	legacy/translations/tbl_overrides.tsv	394	covered_by_wildcard_after_tbl0_refresh_20260628
tbl	tbl0.pak	0x013C4AE5	(Might) Potion Buuhan	e6980fbfca94	(大魔人)布欧悟饭药水	disabled_tbl0_wildcard_20260628	legacy/translations/tbl_overrides.tsv	395	covered_by_wildcard_after_tbl0_refresh_20260628
tbl	tbl0.pak	0x013C4C61	(Might) Potion SS3	8d6c5f039267	(大魔人)超级赛亚人3药水	disabled_tbl0_wildcard_20260628	legacy/translations/tbl_overrides.tsv	396	covered_by_wildcard_after_tbl0_refresh_20260628
tbl	tbl0.pak	0x013C4DDD	(Might) Potion Xeno	5c0ed03c96fc	(大魔人)异次元药水	disabled_tbl0_wildcard_20260628	legacy/translations/tbl_overrides.tsv	397	covered_by_wildcard_after_tbl0_refresh_20260628
tbl	tbl0.pak	0x013C4F59	(Wonder) Potion Pure Majin	fdf280a89189	(意魔人)纯粹魔人药水	disabled_tbl0_wildcard_20260628	legacy/translations/tbl_overrides.tsv	398	covered_by_wildcard_after_tbl0_refresh_20260628
tbl	tbl0.pak	0x013C5251	(Wonder) Potion Super Boo	23182edcb5ce	(意魔人)超级布欧药水	disabled_tbl0_wildcard_20260628	legacy/translations/tbl_overrides.tsv	399	covered_by_wildcard_after_tbl0_refresh_20260628
tbl	tbl0.pak	0x013C53CD	(Wonder) Potion Bootenks	3a234ae927c3	(意魔人)布欧悟天克斯药水	disabled_tbl0_wildcard_20260628	legacy/translations/tbl_overrides.tsv	400	covered_by_wildcard_after_tbl0_refresh_20260628
tbl	tbl0.pak	0x013C5549	(Wonder) Potion Buuhan	7383ff5849ef	(意魔人)布欧悟饭药水	disabled_tbl0_wildcard_20260628	legacy/translations/tbl_overrides.tsv	401	covered_by_wildcard_after_tbl0_refresh_20260628
tbl	tbl0.pak	0x013C56C5	(Wonder) Potion SS3	69c4f187ffed	(意魔人)超级赛亚人3药水	disabled_tbl0_wildcard_20260628	legacy/translations/tbl_overrides.tsv	402	covered_by_wildcard_after_tbl0_refresh_20260628
tbl	tbl0.pak	0x013C5841	(Wonder) Potion Xeno	fff3ff6dd87f	(意魔人)异次元药水	disabled_tbl0_wildcard_20260628	legacy/translations/tbl_overrides.tsv	403	covered_by_wildcard_after_tbl0_refresh_20260628
tbl	tbl0.pak	0x0143904D	Field Boss 01	2af9a8187ebf	野外首领01	accepted	legacy/translations/tbl_overrides.tsv	404	
tbl	tbl0.pak	0x01439175	Field Boss 02	689d89f1ed0b	野外首领02	accepted	legacy/translations/tbl_overrides.tsv	405	
tbl	tbl0.pak	0x0143929D	Field Boss 03	6083a9b91e67	野外首领03	accepted	legacy/translations/tbl_overrides.tsv	406	
tbl	tbl0.pak	0x014393C5	Field Boss 04	0d503edd3cfd	野外首领04	accepted	legacy/translations/tbl_overrides.tsv	407	
tbl	tbl0.pak	0x014394ED	Field Boss 05	129bdf7243fe	野外首领05	accepted	legacy/translations/tbl_overrides.tsv	408	
tbl	tbl0.pak	0x01439615	Field Boss 06	1cdf45fbcf88	野外首领06	accepted	legacy/translations/tbl_overrides.tsv	409	
tbl	tbl0.pak	0x0143973D	Field Boss 07	762443f06858	野外首领07	accepted	legacy/translations/tbl_overrides.tsv	410	
tbl	tbl0.pak	0x01439865	Field Boss 08	6654313e566f	野外首领08	accepted	legacy/translations/tbl_overrides.tsv	411	
tbl	tbl0.pak	0x0143998D	Field Boss 09	5079ef086e8f	野外首领09	accepted	legacy/translations/tbl_overrides.tsv	412	
tbl	tbl0.pak	0x01439AB5	Field Boss 10	fa13e5f341e3	野外首领10	accepted	legacy/translations/tbl_overrides.tsv	413	
tbl	tbl0.pak	0x01439BDD	Field Boss 11	2ce6b6cbf6e6	野外首领11	accepted	legacy/translations/tbl_overrides.tsv	414	
tbl	tbl0.pak	0x01439D05	Field Boss 12	c248f010108e	野外首领12	accepted	legacy/translations/tbl_overrides.tsv	415	
tbl	tbl0.pak	0x01439E2D	Field Boss 13	3a9cea4c91c3	野外首领13	accepted	legacy/translations/tbl_overrides.tsv	416	
tbl	tbl0.pak	0x01439F55	Field Boss 14	c76e5630a556	野外首领14	accepted	legacy/translations/tbl_overrides.tsv	417	
tbl	tbl0.pak	0x0143A07D	Field Boss 15	5e2d65071bc1	野外首领15	accepted	legacy/translations/tbl_overrides.tsv	418	
tbl	tbl0.pak	0x0143A1A5	Field Boss 16	71592c3bdb54	野外首领16	accepted	legacy/translations/tbl_overrides.tsv	419	
tbl	tbl0.pak	0x0143A2CD	Field Boss 17	9ce9b6b46088	野外首领17	accepted	legacy/translations/tbl_overrides.tsv	420	
tbl	tbl0.pak	0x0143A3F5	Field Boss 18	682cdec7429e	野外首领18	accepted	legacy/translations/tbl_overrides.tsv	421	
tbl	tbl1.pak	0x009EF340	[br]It is said that said he was a Dragon Clan.	291637725178	[br]It is said that said he was a 那美克龙族.	accepted	legacy/translations/tbl_overrides.tsv	422	
tbl	tbl1.pak	0x011A8572	Stage 3 Target	8f05441b47df	阶段3目标	accepted	legacy/translations/tbl_overrides.tsv	423	
tbl	tbl1.pak	0x011A8840	Stage 4 Target	f8210b4d4e47	阶段4目标	accepted	legacy/translations/tbl_overrides.tsv	424	
tbl	tbl1.pak	0x011A8E38	Stage 1 Target	9d03c1344f46	阶段1目标	accepted	legacy/translations/tbl_overrides.tsv	425	
tbl	tbl1.pak	0x011A907C	Stage 2 Target	7cffc37deb18	阶段2目标	accepted	legacy/translations/tbl_overrides.tsv	426	
tbl	tbl1.pak	0x011A9FEE	To the Hyperbolic Time Chamber	aecb1722ddd4	前往精神时光屋	accepted	legacy/translations/tbl_overrides.tsv	427	
tbl	tbl1.pak	*	KThe Spiritualist master pummels his\nenemy with a barrage of energy blasts.	64dc64a4636b	KThe 气功师 master pummels his\nenemy with a barrage of energy blasts.	disabled_missing_20260720	legacy/translations/tbl_overrides.tsv	430	source absent in 2026-07-20 snapshot
tbl	tbl1.pak	0x012D0B18	ANThe Namekian of the Dragon Clan attacks\nwith a stream of energy-based spells.	968ba97992bb	ANThe Namekian of the 那美克龙族 attacks\nwith a stream of energy-based spells.	accepted	legacy/translations/tbl_overrides.tsv	433	
tbl	tbl1.pak	*	Martial Artist Buff	3921796039f6	武道家增益	accepted	legacy/translations/tbl_overrides.tsv	451	
tbl	tbl1.pak	*	Spiritualist Buff	6cc94d5f8cc2	气功师增益	accepted	legacy/translations/tbl_overrides.tsv	456	
tbl	tbl1.pak	0x016C31DE	Martial Artist Master Class	7cdc0c412e5a	武道家大师职业	accepted	legacy/translations/tbl_overrides.tsv	469	
tbl	tbl1.pak	0x016C321A	Spiritualist Master Class	b29e6725bdf0	气功师大师职业	accepted	legacy/translations/tbl_overrides.tsv	470	
tbl	tbl1.pak	*	Martial Artists	85360d02acf7	武道家武道家	accepted	legacy/translations/tbl_overrides.tsv	472	
tbl	tbl1.pak	0x016C8844	Event Machine	bea45f09ca3e	活动机器	accepted	legacy/translations/tbl_overrides.tsv	562	
tbl	tbl1.pak	0x016C9AE0	General Stone	50362f0631b3	将军石	accepted	legacy/translations/tbl_overrides.tsv	575	
tbl	tbl1.pak	0x016C9B00	Core Stone	352b931add2c	核心石	accepted	legacy/translations/tbl_overrides.tsv	576	
tbl	tbl1.pak	0x016CA390	Soul Upgrade	f90ec7cb60d2	灵魂升级	accepted	legacy/translations/tbl_overrides.tsv	581	
tbl	tbl1.pak	0x01714B5E	Spiritualist Skill Master	e9765b5bb452	气功师 Skill Master	accepted	legacy/translations/tbl_overrides.tsv	582	
tbl	tbl1.pak	0x01714BF4	Dragon Clan Skill Master	dadbf1669f54	那美克龙族 Skill Master	accepted	legacy/translations/tbl_overrides.tsv	583	
tbl	tbl1.pak	0x01714C62	Wonder Majin Skill Master	e8105758689e	意魔人 Skill Master	accepted	legacy/translations/tbl_overrides.tsv	584	
tbl	tbl1.pak	0x01714E62	Spiritualist Advanced Skill Master	a03bfc97c843	气功师 Advanced Skill Master	accepted	legacy/translations/tbl_overrides.tsv	585	
tbl	tbl1.pak	0x01714F2E	Dragon Clan Advanced Skill Master	a24c77dc6fb3	那美克龙族 Advanced Skill Master	accepted	legacy/translations/tbl_overrides.tsv	586	
tbl	tbl1.pak	0x01714FC0	Wonder Majin Advanced Skill Master	50ff42342741	意魔人 Advanced Skill Master	accepted	legacy/translations/tbl_overrides.tsv	587	
tbl	tbl1.pak	0x0171506C	Time Machine Manager!	38e1d61e8fcd	时光机管理员!	accepted	legacy/translations/tbl_overrides.tsv	590	
tbl	tbl1.pak	0x01715364	Alien Engineer	e52df17fe207	异星工程师	accepted	legacy/translations/tbl_overrides.tsv	591	
tbl	tbl1.pak	*	Wild	c4433e3cb56d	狂野	accepted	legacy/translations/tbl_overrides.tsv	593	
tbl	tbl1.pak	0x01726394	Citizen 7	90cbb6c6e120	市民7	accepted	legacy/translations/tbl_overrides.tsv	611	
tbl	tbl1.pak	0x0172938C	Pilaf Machine 1	f725c1df42fb	皮拉夫机器1	accepted	legacy/translations/tbl_overrides.tsv	617	
tbl	tbl1.pak	0x017293D0	Pilaf Machine 2	18fe53b47c94	皮拉夫机器2	accepted	legacy/translations/tbl_overrides.tsv	618	
tbl	tbl1.pak	0x0172949E	Pilaf Machine 3	49e62ace6900	皮拉夫机器3	accepted	legacy/translations/tbl_overrides.tsv	619	
tbl	tbl1.pak	0x01729C88	Citizen 8	9e106f4ab030	市民8	accepted	legacy/translations/tbl_overrides.tsv	620	
tbl	tbl1.pak	0x01729D32	Citizen 9	923fedad18d0	市民9	accepted	legacy/translations/tbl_overrides.tsv	621	
tbl	tbl1.pak	0x01729E7C	Citizen 10	c054bb0fe2fb	市民10	accepted	legacy/translations/tbl_overrides.tsv	622	
tbl	tbl1.pak	0x01729E96	Citizen 11	0e04e0b8848e	市民11	accepted	legacy/translations/tbl_overrides.tsv	623	
tbl	tbl1.pak	0x01729F62	Citizen 12	fe2ac26f85ac	市民12	accepted	legacy/translations/tbl_overrides.tsv	624	
tbl	tbl1.pak	0x01729F7C	Citizen 13	1fbd2f35a1a9	市民13	accepted	legacy/translations/tbl_overrides.tsv	625	
tbl	tbl1.pak	0x0172A040	Citizen 14	7311aec3b389	市民14	accepted	legacy/translations/tbl_overrides.tsv	626	
tbl	tbl1.pak	0x0172A452	Citizen 15	2bc209c4bf4a	市民15	accepted	legacy/translations/tbl_overrides.tsv	627	
tbl	tbl1.pak	0x0172A496	Citizen 16	c8b5a9f49fc3	市民16	accepted	legacy/translations/tbl_overrides.tsv	628	
tbl	tbl1.pak	0x0172A4B0	Citizen 17	d42e534c56b3	市民17	accepted	legacy/translations/tbl_overrides.tsv	629	
tbl	tbl1.pak	0x0172A5CC	Citizen 18	59a96aca852b	市民18	accepted	legacy/translations/tbl_overrides.tsv	630	
tbl	tbl1.pak	0x0172AC6C	Citizen 19	28f58f307c4a	市民19	accepted	legacy/translations/tbl_overrides.tsv	632	
tbl	tbl1.pak	0x0172AFE6	Flight Manager 2	dd1c08067be5	飞行管理员2	accepted	legacy/translations/tbl_overrides.tsv	635	
tbl	tbl1.pak	0x0172B0BC	Citizen 20	98d9c0062aa4	市民20	accepted	legacy/translations/tbl_overrides.tsv	636	
tbl	tbl1.pak	0x0172BD60	Citizen 22	b1a4e7e06f61	市民22	accepted	legacy/translations/tbl_overrides.tsv	638	
tbl	tbl1.pak	0x0172BDE0	Citizen 23	e0b9175a9d2e	市民23	accepted	legacy/translations/tbl_overrides.tsv	639	
tbl	tbl1.pak	0x0172BEF0	Fainting Martial Artist	70b0dd4c9458	昏迷武道家	accepted	legacy/translations/tbl_overrides.tsv	640	
tbl	tbl1.pak	0x0172BFA0	Citizen 24	0d485c09b5c7	市民24	accepted	legacy/translations/tbl_overrides.tsv	641	
tbl	tbl1.pak	0x0172C03A	Citizen 25	59c8f41a8eda	市民25	accepted	legacy/translations/tbl_overrides.tsv	642	
tbl	tbl1.pak	0x0172C18C	Citizen 26	b25a4b44455a	市民26	accepted	legacy/translations/tbl_overrides.tsv	643	
tbl	tbl1.pak	0x0172C39A	Citizen 27	d457d9ead629	市民27	accepted	legacy/translations/tbl_overrides.tsv	644	
tbl	tbl1.pak	0x0172C4EC	Wounded Martial Artists	eb9f70d062f1	受伤武道家武道家	accepted	legacy/translations/tbl_overrides.tsv	645	
tbl	tbl1.pak	0x0172CCB6	Citizen 28	561948da5a6e	市民28	accepted	legacy/translations/tbl_overrides.tsv	646	
tbl	tbl1.pak	0x0172CE44	Villain Spiritualist	61f7a894e50f	反派气功师	accepted	legacy/translations/tbl_overrides.tsv	648	
tbl	tbl1.pak	0x0172D0A2	Head of Defense Android	c92c05837d8f	防御人造人的头	accepted	legacy/translations/tbl_overrides.tsv	650	
tbl	tbl1.pak	0x0172D296	Citizen 29	115d4c4cc3c2	市民29	accepted	legacy/translations/tbl_overrides.tsv	651	
tbl	tbl1.pak	0x0172D3F8	Citizen 30	3803af8c73ec	市民30	accepted	legacy/translations/tbl_overrides.tsv	652	
tbl	tbl1.pak	0x0172D468	Citizen 31	ae9a3f0b25be	市民31	accepted	legacy/translations/tbl_overrides.tsv	653	
tbl	tbl1.pak	0x0172D514	Citizen 32	445dc7cf4cdf	市民32	accepted	legacy/translations/tbl_overrides.tsv	654	
tbl	tbl1.pak	0x0172DC28	UD-1 Dungeon Manager	1870782f08a1	UD-1副本管理员	accepted	legacy/translations/tbl_overrides.tsv	655	
tbl	tbl1.pak	0x0172DC56	UD-2 Dungeon Manager	04c5181e5d36	UD-2副本管理员	accepted	legacy/translations/tbl_overrides.tsv	656	
tbl	tbl1.pak	0x0172DC84	UD-3 Dungeon Manager	fef3bf0fa391	UD-3副本管理员	accepted	legacy/translations/tbl_overrides.tsv	657	
tbl	tbl1.pak	0x0172DCB2	UD-4 Dungeon Manager	c8e55f291a97	UD-4副本管理员	accepted	legacy/translations/tbl_overrides.tsv	658	
tbl	tbl1.pak	0x0172DCE0	UD-5 Dungeon Manager	29bb14d4ca93	UD-5副本管理员	accepted	legacy/translations/tbl_overrides.tsv	659	
tbl	tbl1.pak	0x0172DD0E	UD-6 Dungeon Manager	48c1fd410968	UD-6副本管理员	accepted	legacy/translations/tbl_overrides.tsv	660	
tbl	tbl1.pak	0x0172DEF6	Citizen 33	ccb69955499c	市民33	accepted	legacy/translations/tbl_overrides.tsv	668	
tbl	tbl1.pak	0x0172DF72	Citizen 34	847cc114b4d9	市民34	accepted	legacy/translations/tbl_overrides.tsv	669	
tbl	tbl1.pak	0x0172E024	Citizen 35	2320ec680991	市民35	accepted	legacy/translations/tbl_overrides.tsv	670	
tbl	tbl1.pak	0x0172E174	Pilaf Engineer	e69159ba1882	皮拉夫工程师	accepted	legacy/translations/tbl_overrides.tsv	671	
tbl	tbl1.pak	0x0172E9B6	Citizen 36	875822b4cf4c	市民36	accepted	legacy/translations/tbl_overrides.tsv	672	
tbl	tbl1.pak	0x0172E9FE	Citizen 37	6ba25a95b449	市民37	accepted	legacy/translations/tbl_overrides.tsv	673	
tbl	tbl1.pak	0x0172EA66	Citizen 38	5d51380e1966	市民38	accepted	legacy/translations/tbl_overrides.tsv	674	
tbl	tbl1.pak	0x0172ED12	Citizen 39	e5a9973d0b62	市民39	accepted	legacy/translations/tbl_overrides.tsv	676	
tbl	tbl1.pak	0x0172EE22	Citizen 41	b058bc165740	市民41	accepted	legacy/translations/tbl_overrides.tsv	677	
tbl	tbl1.pak	0x0172EFE2	Citizen 42	37d333039276	市民42	accepted	legacy/translations/tbl_overrides.tsv	678	
tbl	tbl1.pak	0x0172F02C	Citizen 43	b96b537f151b	市民43	accepted	legacy/translations/tbl_overrides.tsv	679	
tbl	tbl1.pak	*	Majin Warrior B	0d477e0c3f8a	魔人战士B	accepted	legacy/translations/tbl_overrides.tsv	680	
tbl	tbl1.pak	0x0172F14A	Citizen 44	bcc912c42681	市民44	accepted	legacy/translations/tbl_overrides.tsv	682	
tbl	tbl1.pak	0x0172F600	Citizen 45	05c72e8e5726	市民45	accepted	legacy/translations/tbl_overrides.tsv	683	
tbl	tbl1.pak	0x0172F85E	Citizen 46	3db6a012c72c	市民46	accepted	legacy/translations/tbl_overrides.tsv	686	
tbl	tbl1.pak	0x0172FC88	Citizen 48	d65acc2aa83c	市民48	accepted	legacy/translations/tbl_overrides.tsv	688	
tbl	tbl1.pak	0x0172FFF4	Namekian Artist	167579233e8d	那美克星人武道家	accepted	legacy/translations/tbl_overrides.tsv	689	
tbl	tbl1.pak	0x017300C4	Citizen 49	e598f2c6c283	市民49	accepted	legacy/translations/tbl_overrides.tsv	690	
tbl	tbl1.pak	0x01730378	Wounded Namekian	cda83f47ca0f	受伤那美克星人	accepted	legacy/translations/tbl_overrides.tsv	691	
tbl	tbl1.pak	0x01730400	Citizen 50	af3cb8df6b94	市民50	accepted	legacy/translations/tbl_overrides.tsv	692	
tbl	tbl1.pak	0x01730560	Citizen 51	83fc2749c199	市民51	accepted	legacy/translations/tbl_overrides.tsv	693	
tbl	tbl1.pak	0x01730664	Citizen 52	436619e7704d	市民52	accepted	legacy/translations/tbl_overrides.tsv	695	
tbl	tbl1.pak	0x0173079E	Dragon Clan Magic	eb790c0071d3	那美克龙族魔法	accepted	legacy/translations/tbl_overrides.tsv	696	
tbl	tbl1.pak	0x017307D8	Old Adventurer	717d53f31602	老旧冒险家	accepted	legacy/translations/tbl_overrides.tsv	697	
tbl	tbl1.pak	0x01730866	Citizen 53	665a4e20c1c8	市民53	accepted	legacy/translations/tbl_overrides.tsv	698	
tbl	tbl1.pak	0x017309A6	Namekian Adventurer	b4f957932851	那美克星人冒险家	accepted	legacy/translations/tbl_overrides.tsv	699	
tbl	tbl1.pak	0x017309D2	Citizen 54	14c446b31656	市民54	accepted	legacy/translations/tbl_overrides.tsv	700	
tbl	tbl1.pak	0x01730B2C	Citizen 55	07ffede0c76d	市民55	accepted	legacy/translations/tbl_overrides.tsv	701	
tbl	tbl1.pak	0x01730D72	Citizen 56	80b7fad8409a	市民56	accepted	legacy/translations/tbl_overrides.tsv	702	
tbl	tbl1.pak	0x01730EE8	Citizen 57	ecc5283dadb1	市民57	accepted	legacy/translations/tbl_overrides.tsv	703	
tbl	tbl1.pak	0x01730FFC	Citizen 58	a3d8ae04f1d7	市民58	accepted	legacy/translations/tbl_overrides.tsv	704	
tbl	tbl1.pak	0x01731130	Dragon Clan Mentor Nuws	f17cc671997a	那美克龙族 Mentor Nuws	accepted	legacy/translations/tbl_overrides.tsv	705	
tbl	tbl1.pak	0x017311C4	Dragon Clan Yila	9215a3809b33	那美克龙族 Yila	accepted	legacy/translations/tbl_overrides.tsv	707	
tbl	tbl1.pak	0x01731230	Citizen 59	6a8e00a5993a	市民59	accepted	legacy/translations/tbl_overrides.tsv	708	
tbl	tbl1.pak	0x017312B8	Dragon Clan Gula	b6492fecabe1	那美克龙族 Gula	accepted	legacy/translations/tbl_overrides.tsv	709	
tbl	tbl1.pak	0x017312EE	Citizen 60	49c43ef6b29e	市民60	accepted	legacy/translations/tbl_overrides.tsv	710	
tbl	tbl1.pak	0x0173134C	Dragon Clan Mo	e5f35d094a6d	那美克龙族 Mo	accepted	legacy/translations/tbl_overrides.tsv	711	
tbl	tbl1.pak	0x0173137C	Dragon Clan Shi Pining	d84983da0ca5	那美克龙族 Shi Pining	accepted	legacy/translations/tbl_overrides.tsv	712	
tbl	tbl1.pak	0x017313EA	Dragon Clan Parker	8f857807517e	那美克龙族 Parker	accepted	legacy/translations/tbl_overrides.tsv	713	
tbl	tbl1.pak	0x01731468	Citizen 018	3da81a9ec667	市民018	accepted	legacy/translations/tbl_overrides.tsv	714	
tbl	tbl1.pak	0x017314F0	Dragon Clan Trainee Balinda	47f7f63b0fda	那美克龙族 Trainee Balinda	accepted	legacy/translations/tbl_overrides.tsv	715	
tbl	tbl1.pak	0x01731798	Citizen 019	4dc016339896	市民019	accepted	legacy/translations/tbl_overrides.tsv	716	
tbl	tbl1.pak	0x01732D6E	Citizen 020	3f0f7c6e8c50	市民020	accepted	legacy/translations/tbl_overrides.tsv	718	
tbl	tbl1.pak	0x0173381C	Citizen 021	18684f55727f	市民021	accepted	legacy/translations/tbl_overrides.tsv	724	
tbl	tbl1.pak	0x01733998	Citizen 004	2238cbdf55d4	市民004	accepted	legacy/translations/tbl_overrides.tsv	726	
tbl	tbl1.pak	0x017339B4	Citizen 005	2f251c595a36	市民005	accepted	legacy/translations/tbl_overrides.tsv	727	
tbl	tbl1.pak	0x01733DAE	Pilaf Robot-001	5a2edc959a85	皮拉夫机器人-001	accepted	legacy/translations/tbl_overrides.tsv	729	
tbl	tbl1.pak	0x01734842	Citizen 006	564906b78591	市民006	accepted	legacy/translations/tbl_overrides.tsv	734	
tbl	tbl1.pak	0x01734AD6	Pilaf Machine Manager	b06c984a61b2	皮拉夫机器管理员	accepted	legacy/translations/tbl_overrides.tsv	737	
tbl	tbl1.pak	0x01734D68	Kiri Robot Manager	8f1c14f75f82	基里机器人管理员	accepted	legacy/translations/tbl_overrides.tsv	738	
tbl	tbl1.pak	0x01735334	Citizen 007	4ceeca051742	市民007	accepted	legacy/translations/tbl_overrides.tsv	739	
tbl	tbl1.pak	0x01735696	Citizen 008	c0d36c191f2d	市民008	accepted	legacy/translations/tbl_overrides.tsv	740	
tbl	tbl1.pak	0x01735796	Citizen 009	021f486161e6	市民009	accepted	legacy/translations/tbl_overrides.tsv	741	
tbl	tbl1.pak	0x017359CE	Citizen 010	b22f296dd252	市民010	accepted	legacy/translations/tbl_overrides.tsv	742	
tbl	tbl1.pak	0x017359EA	Citizen 011	19004c6e68ef	市民011	accepted	legacy/translations/tbl_overrides.tsv	743	
tbl	tbl1.pak	0x01735CEC	Citizen 012	af516a8e4210	市民012	accepted	legacy/translations/tbl_overrides.tsv	744	
tbl	tbl1.pak	0x01736130	Old Turtle	c14634d82792	老旧龟	accepted	legacy/translations/tbl_overrides.tsv	745	
tbl	tbl1.pak	0x01736464	Citizen 013	dbbbf15517bb	市民013	accepted	legacy/translations/tbl_overrides.tsv	746	
tbl	tbl1.pak	0x01736480	Citizen 014	afc2bfb8598a	市民014	accepted	legacy/translations/tbl_overrides.tsv	747	
tbl	tbl1.pak	0x01736560	Citizen 015	9763d4b2aa43	市民015	accepted	legacy/translations/tbl_overrides.tsv	748	
tbl	tbl1.pak	0x0173657C	Citizen 016	6efd4e8ae710	市民016	accepted	legacy/translations/tbl_overrides.tsv	749	
tbl	tbl1.pak	0x017365FA	Citizen 017	d0da4ff09bf2	市民017	accepted	legacy/translations/tbl_overrides.tsv	750	
tbl	tbl1.pak	0x01736616	Citizen 001	b450f4298baf	市民001	accepted	legacy/translations/tbl_overrides.tsv	751	
tbl	tbl1.pak	0x0173687C	CC Martial Artist Item Trader	dbade38f9683	CC 武道家 Item Trader	accepted	legacy/translations/tbl_overrides.tsv	752	
tbl	tbl1.pak	0x017368BC	CC Spiritualist Item Trader	bf16527d6f3f	CC 气功师 Item Trader	accepted	legacy/translations/tbl_overrides.tsv	753	
tbl	tbl1.pak	0x017368F8	CC Dragon Clan Item Trader	e2c4dcbbebdc	CC 那美克龙族 Item Trader	accepted	legacy/translations/tbl_overrides.tsv	754	
tbl	tbl1.pak	0x017369A0	CC Wonder Majin Item Trader	92f4a2298be4	CC 意魔人 Item Trader	accepted	legacy/translations/tbl_overrides.tsv	755	
tbl	tbl1.pak	0x01736BEA	Citizen 002	618519792bd0	市民002	accepted	legacy/translations/tbl_overrides.tsv	756	
tbl	tbl1.pak	0x01737C86	Citizen 003	c2ad890af718	市民003	accepted	legacy/translations/tbl_overrides.tsv	758	
tbl	tbl1.pak	0x01737F0E	UD-Secret	a1fc9202513c	UD-秘密	accepted	legacy/translations/tbl_overrides.tsv	760	
tbl	tbl1.pak	0x017498DA	Warriors use Ax or Claws and Dragon Clan use Scroll and Gems.	8e1f9a23821a	Warriors use Ax or Claws and 那美克龙族 use Scroll and Gems.	accepted	legacy/translations/tbl_overrides.tsv	761	
tbl	tbl1.pak	0x017562A0	HHey, practicing Spiritualist, can I reach the measurements of ten girls?	be554cc6851d	HHey, practicing 气功师, can I reach the measurements of ten girls?	disabled_missing_20260720	legacy/translations/tbl_overrides.tsv	762	source absent in 2026-07-20 snapshot
tbl	tbl1.pak	0x017F2C0C	Giant Namek	d74ceb7c679a	巨大那美克	accepted	legacy/translations/tbl_overrides.tsv	767	
tbl	tbl1.pak	0x0181ECBE	Ghost Tail	09bc037033cb	幽灵尾巴	accepted	legacy/translations/tbl_overrides.tsv	785	
tbl	tbl1.pak	0x0181EDFE	Dragon Frog Skin	83e3aeafd08c	龙青蛙皮肤	accepted	legacy/translations/tbl_overrides.tsv	788	
tbl	tbl1.pak	0x01820298	Shadow Crystal Wand	5eb1f1c61fc7	暗影水晶短杖	accepted	legacy/translations/tbl_overrides.tsv	789	
tbl	tbl1.pak	0x0182065E	Golden Axe Head	dd66f82df85a	黄金斧头	accepted	legacy/translations/tbl_overrides.tsv	790	
tbl	tbl1.pak	0x01820E22	Golden Saibaman Skin	96f36f1a61f9	黄金栽培人皮肤	accepted	legacy/translations/tbl_overrides.tsv	791	
tbl	tbl1.pak	0x018213D8	Steel Metal	f27e39f399a1	钢金属	accepted	legacy/translations/tbl_overrides.tsv	792	
tbl	tbl1.pak	0x018215B0	Rainbow Mushroom	90aeb8ddc079	彩虹蘑菇	accepted	legacy/translations/tbl_overrides.tsv	793	
tbl	tbl1.pak	0x01821644	Black Mole Cricket Skin	ff4bb099edb9	黑色鼹鼠蟋蟀皮肤	accepted	legacy/translations/tbl_overrides.tsv	794	
tbl	tbl1.pak	0x018227CE	Space Machine Parts	98d3b19da893	空间机器零件	accepted	legacy/translations/tbl_overrides.tsv	797	
tbl	tbl1.pak	0x01822E5C	Metal Needle	88d8639e15b7	金属针	accepted	legacy/translations/tbl_overrides.tsv	798	
tbl	tbl1.pak	0x0182357E	Ice Saibaman Sample	5057fc9e7656	冰栽培人样品	accepted	legacy/translations/tbl_overrides.tsv	801	
tbl	tbl1.pak	0x01823C76	Frog Hat	868320084bab	青蛙帽子	accepted	legacy/translations/tbl_overrides.tsv	805	
tbl	tbl1.pak	0x018242BE	Saibaman Big Fan	72f84f125524	栽培人大扇	accepted	legacy/translations/tbl_overrides.tsv	808	
tbl	tbl1.pak	0x01824CA6	Paella Weapon	6754d2e40be7	皮拉夫武器	accepted	legacy/translations/tbl_overrides.tsv	809	
tbl	tbl1.pak	0x01824CC6	Paella Tool	994ba757a286	皮拉夫工具	accepted	legacy/translations/tbl_overrides.tsv	810	
tbl	tbl1.pak	0x01824E62	Robot Wreckage Photo	45c4f53529b6	机器人残骸照片	accepted	legacy/translations/tbl_overrides.tsv	811	
tbl	tbl1.pak	0x01824F68	General's Secret Letter	56cff1546d6c	将军的秘密信	accepted	legacy/translations/tbl_overrides.tsv	813	
tbl	tbl1.pak	0x0182538C	Dark Frog Meat	e07bb76b2d97	黑暗青蛙肉	accepted	legacy/translations/tbl_overrides.tsv	814	
tbl	tbl1.pak	0x01825834	Saibaman Claws	40e73ccd37af	栽培人爪	accepted	legacy/translations/tbl_overrides.tsv	815	
tbl	tbl1.pak	0x01825D52	Chocolate Namekian	363e0767d9d1	巧克力那美克星人	accepted	legacy/translations/tbl_overrides.tsv	816	
tbl	tbl1.pak	0x01825DCE	Elder's Staff	5bc918b34816	长老的杖	accepted	legacy/translations/tbl_overrides.tsv	817	
tbl	tbl1.pak	0x01825DEE	Elder's Fan	2fc9745ff518	长老的扇	accepted	legacy/translations/tbl_overrides.tsv	818	
tbl	tbl1.pak	0x01825E0A	Old Namekian Elder	240526997b7d	老旧那美克星人长老	accepted	legacy/translations/tbl_overrides.tsv	819	
tbl	tbl1.pak	0x01826474	CPU Core	d694581ce5ad	CPU核心	accepted	legacy/translations/tbl_overrides.tsv	820	
tbl	tbl1.pak	0x0182661A	Robot Dashboard	e055a256d668	机器人仪表盘	accepted	legacy/translations/tbl_overrides.tsv	821	
tbl	tbl1.pak	0x01826A8E	Robot Controller	d836e54e38c1	机器人控制器	accepted	legacy/translations/tbl_overrides.tsv	823	
tbl	tbl1.pak	0x01826B32	Fuel Bomb	f816ffb9fc91	燃料炸弹	accepted	legacy/translations/tbl_overrides.tsv	824	
tbl	tbl1.pak	0x01827106	Ghost Spirit Soul	dccaed5e4336	幽灵精神灵魂	accepted	legacy/translations/tbl_overrides.tsv	827	
tbl	tbl1.pak	0x0182712E	Evil Spirit Soul	0d407a503c66	邪恶精神灵魂	accepted	legacy/translations/tbl_overrides.tsv	828	
tbl	tbl1.pak	0x01827710	Yahoi Treasure	713ffe8d5bf1	雅霍伊宝藏	accepted	legacy/translations/tbl_overrides.tsv	830	
tbl	tbl1.pak	0x01827840	Hot Axe	d94dd62df6ac	火辣斧	accepted	legacy/translations/tbl_overrides.tsv	833	
tbl	tbl1.pak	0x01827AEA	Sweet Liquid	06c5ad9b5429	甜液体	accepted	legacy/translations/tbl_overrides.tsv	834	
tbl	tbl1.pak	0x01827BA2	Robot Power Generator	d3a698dafd7a	机器人力量发生器	accepted	legacy/translations/tbl_overrides.tsv	835	
tbl	tbl1.pak	0x01827D1A	Needle Saibaman Skin	4767b9ab896b	针栽培人皮肤	accepted	legacy/translations/tbl_overrides.tsv	836	
tbl	tbl1.pak	0x01827E82	Needle Saibaman Needle	b7341913b919	针栽培人针	accepted	legacy/translations/tbl_overrides.tsv	837	
tbl	tbl1.pak	0x01828B58	Kiri-Robot AI Chip	78b3667f8e6c	基里-机器人AI芯片	accepted	legacy/translations/tbl_overrides.tsv	842	
tbl	tbl1.pak	0x01829888	Helmet Material	81913cabe3aa	头盔材料	accepted	legacy/translations/tbl_overrides.tsv	847	
tbl	tbl1.pak	0x01829C0A	Steel Club	ecd88b3adc9d	钢棒	accepted	legacy/translations/tbl_overrides.tsv	849	
tbl	tbl1.pak	0x01829C24	Tiger Skin	f7b8b844cff3	老虎皮肤	accepted	legacy/translations/tbl_overrides.tsv	850	
tbl	tbl1.pak	0x01829E3A	White Saibaman Skin	63158adee1f7	白色栽培人皮肤	accepted	legacy/translations/tbl_overrides.tsv	854	
tbl	tbl1.pak	0x01829E90	Head-Wind Saibaman Fan	42d8c79c2c4c	头-风栽培人扇	accepted	legacy/translations/tbl_overrides.tsv	855	
tbl	tbl1.pak	0x0182A226	Combat Memory	a65286d64c35	战斗存储器	accepted	legacy/translations/tbl_overrides.tsv	856	
tbl	tbl1.pak	0x0182A62C	Pilaf Machine Wreckage	28569ca86ce9	皮拉夫机器残骸	accepted	legacy/translations/tbl_overrides.tsv	860	
tbl	tbl1.pak	0x0182A65E	Wild Herbs	14227e6a7e5e	狂野药草	accepted	legacy/translations/tbl_overrides.tsv	861	
tbl	tbl1.pak	0x0182A678	Iron Box	0f81a9639483	铁盒	accepted	legacy/translations/tbl_overrides.tsv	862	
tbl	tbl1.pak	0x0182A78C	Short Circuit Chip	3ca7ac518f69	短电路芯片	accepted	legacy/translations/tbl_overrides.tsv	863	
tbl	tbl1.pak	0x0182A7D4	New Power Chip	7cbaf3b3b9b0	新力量芯片	accepted	legacy/translations/tbl_overrides.tsv	864	
tbl	tbl1.pak	0x0182A864	Beetle's Cell Sample	bfdaed7bde2c	甲虫的沙鲁样品	accepted	legacy/translations/tbl_overrides.tsv	866	
tbl	tbl1.pak	0x0182B934	Mira Military Robot Parts	b6665b5b86f0	米拉军用机器人零件	accepted	legacy/translations/tbl_overrides.tsv	867	
tbl	tbl1.pak	0x0182BAB2	Narak's Magic	9f8c33ae416e	那拉克的魔法	accepted	legacy/translations/tbl_overrides.tsv	868	
tbl	tbl1.pak	0x0182C14A	Saibaman Extract	d9aa12fa57ab	栽培人萃取物	accepted	legacy/translations/tbl_overrides.tsv	872	
tbl	tbl1.pak	0x0182C19C	Scarlet Dye	df5fb5b9bdcf	绯红染色	accepted	legacy/translations/tbl_overrides.tsv	873	
tbl	tbl1.pak	0x0182C1B8	Black Dye	ed5bab99b54b	黑色染色	accepted	legacy/translations/tbl_overrides.tsv	874	
tbl	tbl1.pak	0x0182C642	Capsule Corp Machine	2fe28360e260	胶囊公司机器	accepted	legacy/translations/tbl_overrides.tsv	876	
tbl	tbl1.pak	0x0182C77C	Android Power Device	e5200c6963b4	人造人力量装置	accepted	legacy/translations/tbl_overrides.tsv	877	
tbl	tbl1.pak	0x0182CA92	Alien Detoxification Kit	1586abb5dbb8	异星解毒工具包	accepted	legacy/translations/tbl_overrides.tsv	878	
tbl	tbl1.pak	0x0182D42A	Popo Pound Cell	01520d929499	波波重击沙鲁	accepted	legacy/translations/tbl_overrides.tsv	884	
tbl	tbl1.pak	0x0182DF2C	Paella Chest	d1b15e4cf597	皮拉夫胸甲	accepted	legacy/translations/tbl_overrides.tsv	889	
tbl	tbl1.pak	0x0182E44A	Dragon's Claws	5025fd85d5c5	龙的爪	accepted	legacy/translations/tbl_overrides.tsv	891	
tbl	tbl1.pak	*	Broken Dragon Clan Staff	3dad2ab3819b	Broken 那美克龙族 Staff	accepted	legacy/translations/tbl_overrides.tsv	892	
tbl	tbl1.pak	0x0182EDBC	Family Necklace Photo	612292016576	家族项链照片	accepted	legacy/translations/tbl_overrides.tsv	893	
tbl	tbl1.pak	0x0182F22A	King's Letter	334b0ef75fcb	王的信	accepted	legacy/translations/tbl_overrides.tsv	894	
tbl	tbl1.pak	0x01831224	Namek Warrior Caleb's very heavy bag.	454ed0f4445c	那美克战士 Caleb's very heavy bag.	accepted	legacy/translations/tbl_overrides.tsv	896	
tbl	tbl1.pak	0x01831274	Namek Warrior Cleru's delicious pineapple.	04762ea05b3a	那美克战士 Cleru's delicious pineapple.	accepted	legacy/translations/tbl_overrides.tsv	897	
tbl	tbl1.pak	0x01831C48	Namek Warrior Howe's entrusted letter.	15b5bd9a0314	那美克战士 Howe's entrusted letter.	accepted	legacy/translations/tbl_overrides.tsv	898	
tbl	tbl1.pak	0x018349D2	Red Crystal	60320530a681	红色水晶	accepted	legacy/translations/tbl_overrides.tsv	899	
tbl	tbl1.pak	0x018376F2	Big Metal Bucket	558a2c4f07e9	大金属桶	accepted	legacy/translations/tbl_overrides.tsv	900	
tbl	tbl1.pak	0x0183E054	CCloak, handed over from  legendary\nNamek Warrior Mr. P. to Gullah.	028c311cf6c0	CCloak, handed over from  legendary\n那美克战士 Mr. P. to Gullah.	disabled_missing_20260720	legacy/translations/tbl_overrides.tsv	901	source absent in 2026-07-20 snapshot
tbl	tbl1.pak	0x0185E15A	Very old Dragon Clan Staff.	842981776b83	Very old 那美克龙族 Staff.	accepted	legacy/translations/tbl_overrides.tsv	902	
tbl	tbl1.pak	0x0186BA28	Alternate Key	f83539a057ec	异色钥匙	accepted	legacy/translations/tbl_overrides.tsv	904	
tbl	tbl1.pak	0x018792E8	Old Cell Ring	a651290a6259	老旧沙鲁戒指	accepted	legacy/translations/tbl_overrides.tsv	915	
tbl	tbl1.pak	0x01879308	New Cell Ring	19ba00fe4bf6	新沙鲁戒指	accepted	legacy/translations/tbl_overrides.tsv	916	
tbl	tbl1.pak	0x01879906	CC Life Material	8b6d185959c8	CC生命材料	accepted	legacy/translations/tbl_overrides.tsv	917	
tbl	tbl1.pak	0x018C9F02	Red Fury	0c843de0e416	红色狂怒	accepted	legacy/translations/tbl_overrides.tsv	921	
tbl	tbl1.pak	0x018CA472	Ultimate Combo	1b0bbc383805	终极连击	accepted	legacy/translations/tbl_overrides.tsv	924	
tbl	tbl1.pak	0x012109CD	SpeedUp LV1	360565628639	速度提升Lv1	disabled_missing_20260720	legacy/translations/tbl_overrides.tsv	928	source changed from HEN Buff 50400 Lv1; source absent in 2026-07-20 snapshot
tbl	tbl1.pak	0x01210B29	SpeedUp LV2	714ed0ef0773	速度提升Lv2	disabled_missing_20260720	legacy/translations/tbl_overrides.tsv	929	source changed from HEN Buff 50400 Lv2; source absent in 2026-07-20 snapshot
tbl	tbl1.pak	0x01210C85	SpeedUp LV3	37c5e91ea675	速度提升Lv3	disabled_missing_20260720	legacy/translations/tbl_overrides.tsv	930	source changed from HEN Buff 50400 Lv3; source absent in 2026-07-20 snapshot
tbl	tbl1.pak	0x01210DE1	SpeedUp LV4	fa00c296b38d	速度提升Lv4	disabled_missing_20260720	legacy/translations/tbl_overrides.tsv	931	source changed from HEN Buff 50400 Lv4; source absent in 2026-07-20 snapshot
tbl	tbl1.pak	0x01210F3D	HEN Buff 50410 Lv1	e4d32865aa40	HEN增益50410Lv1	disabled_internal_identifier_20260720	legacy/translations/tbl_overrides.tsv	932	internal identifier; not proven visible
tbl	tbl1.pak	0x01211099	HEN Buff 50410 Lv2	40c716cd53e9	HEN增益50410Lv2	disabled_internal_identifier_20260720	legacy/translations/tbl_overrides.tsv	933	internal identifier; not proven visible
tbl	tbl1.pak	0x012111F5	HEN Buff 50410 Lv3	d426d43249ed	HEN增益50410Lv3	disabled_internal_identifier_20260720	legacy/translations/tbl_overrides.tsv	934	internal identifier; not proven visible
tbl	tbl1.pak	0x01211351	HEN Buff 50410 Lv4	ef4e9345b49d	HEN增益50410Lv4	disabled_internal_identifier_20260720	legacy/translations/tbl_overrides.tsv	935	internal identifier; not proven visible
tbl	tbl1.pak	0x012114AD	HEN Buff 50420 Lv1	2092329e7008	HEN增益50420Lv1	disabled_internal_identifier_20260720	legacy/translations/tbl_overrides.tsv	936	internal identifier; not proven visible
tbl	tbl1.pak	0x01211609	HEN Buff 50420 Lv2	fba03f8fc94f	HEN增益50420Lv2	disabled_internal_identifier_20260720	legacy/translations/tbl_overrides.tsv	937	internal identifier; not proven visible
tbl	tbl1.pak	0x01211765	HEN Buff 50420 Lv3	e46dc4258615	HEN增益50420Lv3	disabled_internal_identifier_20260720	legacy/translations/tbl_overrides.tsv	938	internal identifier; not proven visible
tbl	tbl1.pak	0x012118C1	HEN Buff 50420 Lv4	4e5993e73a3f	HEN增益50420Lv4	disabled_internal_identifier_20260720	legacy/translations/tbl_overrides.tsv	939	internal identifier; not proven visible
tbl	tbl1.pak	0x01211A1D	Focused Overdrive I	da041b167001	集中超载I	accepted	legacy/translations/tbl_overrides.tsv	940	source changed from HEN Buff 50430 Lv1
tbl	tbl1.pak	0x01211B79	Focused Overdrive II	f9ee1f76ad61	集中超载II	accepted	legacy/translations/tbl_overrides.tsv	941	source changed from HEN Buff 50430 Lv2
tbl	tbl1.pak	0x01211CD5	Focused Overdrive III	1755b0cec3db	集中超载III	accepted	legacy/translations/tbl_overrides.tsv	942	source changed from HEN Buff 50430 Lv3
tbl	tbl1.pak	0x01211E31	Focused Overdrive IV	65039cca891c	集中超载IV	accepted	legacy/translations/tbl_overrides.tsv	943	source changed from HEN Buff 50430 Lv4
tbl	tbl1.pak	0x01211F8D	HEN Buff 50440 Lv1	47bdafc1f4c0	HEN增益50440Lv1	disabled_internal_identifier_20260720	legacy/translations/tbl_overrides.tsv	944	internal identifier; not proven visible
tbl	tbl1.pak	0x012120E9	HEN Buff 50440 Lv2	0f78a8726b77	HEN增益50440Lv2	disabled_internal_identifier_20260720	legacy/translations/tbl_overrides.tsv	945	internal identifier; not proven visible
tbl	tbl1.pak	0x01212245	HEN Buff 50440 Lv3	ec93808271b4	HEN增益50440Lv3	disabled_internal_identifier_20260720	legacy/translations/tbl_overrides.tsv	946	internal identifier; not proven visible
tbl	tbl1.pak	0x012123A1	HEN Buff 50440 Lv4	ae2cb0505816	HEN增益50440Lv4	disabled_internal_identifier_20260720	legacy/translations/tbl_overrides.tsv	947	internal identifier; not proven visible
tbl	tbl1.pak	0x0121459D	Dragon Clan Transformation	5f02be49d340	那美克龙族 Transformation	accepted	legacy/translations/tbl_overrides.tsv	948	
tbl	tbl1.pak	0x012149B1	SSJ GOD Spiritualist	2dfca4cc5e73	SSJ GOD 气功师	accepted	legacy/translations/tbl_overrides.tsv	949	
tbl	tbl1.pak	0x01214DC5	SSJ2 Spiritualist	a72baa5ba268	SSJ2 气功师	accepted	legacy/translations/tbl_overrides.tsv	950	
tbl	tbl1.pak	0x0121507D	SSJ4 Spiritualist	9ad304924f4f	SSJ4 气功师	accepted	legacy/translations/tbl_overrides.tsv	951	
tbl	tbl1.pak	0x012151D9	Super Buu Might	adce2fa55ca7	超级布欧大	accepted	legacy/translations/tbl_overrides.tsv	952	
tbl	tbl1.pak	0x01215491	Ozaru Spiritualist	a712487aec64	大猿气功师	accepted	legacy/translations/tbl_overrides.tsv	953	
tbl	tbl1.pak	0x01215749	Super Buu Wonder	6e87239b281b	超级布欧意	accepted	legacy/translations/tbl_overrides.tsv	954	
tbl	tbl1.pak	0x01215A01	Gotenks Buu Might	d43504a2d355	悟天克斯布欧大	accepted	legacy/translations/tbl_overrides.tsv	955	
tbl	tbl1.pak	0x01215B5D	Gotenks Buu Wonder	7520c4f31a72	悟天克斯布欧意	accepted	legacy/translations/tbl_overrides.tsv	956	
tbl	tbl1.pak	0x01215CB9	Dark Namek Warrior	b32ba2c3eca4	黑暗那美克战士	accepted	legacy/translations/tbl_overrides.tsv	957	
tbl	tbl1.pak	0x01215E15	Dark Namek Dragon Clan	46653692de75	黑暗那美克龙族	accepted	legacy/translations/tbl_overrides.tsv	958	
tbl	tbl1.pak	0x01225169	SSJ Blue Spiritualist	0376da63782c	SSJ Blue 气功师	accepted	legacy/translations/tbl_overrides.tsv	959	
tbl	tbl1.pak	0x01238B6D	SS3 Might	05e0bdb8848c	超级赛亚人3大	accepted	legacy/translations/tbl_overrides.tsv	960	
tbl	tbl1.pak	0x01238CC9	SS3 Wonder	27ca349c6d93	超级赛亚人3意	accepted	legacy/translations/tbl_overrides.tsv	961	
tbl	tbl1.pak	0x0123B021	Orange Muscle Dragon Clan	df8250f99857	Orange Muscle 那美克龙族	accepted	legacy/translations/tbl_overrides.tsv	962	
tbl	tbl1.pak	0x0125A9D1	Daima SS4 Spiritualist	606528ed6587	Daima SS4 气功师	accepted	legacy/translations/tbl_overrides.tsv	963	
tbl	tbl1.pak	0x0125AB2D	Imperator Namek Warrior	2dacc099281b	帝王那美克战士	accepted	legacy/translations/tbl_overrides.tsv	964	
tbl	tbl1.pak	0x0125AC89	Imperator Namek Dragon Clan	4e7da0472c67	帝王那美克龙族	accepted	legacy/translations/tbl_overrides.tsv	965	
tbl	tbl1.pak	0x0125ADE5	Xeno Majin Might	7edf3eb5a18d	异次元魔人大	accepted	legacy/translations/tbl_overrides.tsv	966	
tbl	tbl1.pak	0x0125AF41	Xeno Majin Wonder	4f29cca65af0	异次元魔人意	accepted	legacy/translations/tbl_overrides.tsv	967	
tbl	tbl1.pak	0x01262429	SSJ3 Spiritualist	ad638ca94950	SSJ3 气功师	accepted	legacy/translations/tbl_overrides.tsv	968	
tbl	tbl1.pak	0x01272671	Turtle	7039da614328	龟	accepted	legacy/translations/tbl_overrides.tsv	969	
tbl	tbl1.pak	0x012843E9	Buff SK 85	434bdc938dc5	增益SK85	disabled_internal_identifier_20260720	legacy/translations/tbl_overrides.tsv	970	internal identifier; not proven visible
tbl	tbl1.pak	0x012B6CBD	Golden Ozaru	e1a23bc6f240	黄金大猿	accepted	legacy/translations/tbl_overrides.tsv	973	
tbl	tbl1.pak	0x012B6E19	Golden Ozaru Spiritualist	64f0cb8470a6	黄金大猿气功师	accepted	legacy/translations/tbl_overrides.tsv	974	
tbl	tbl1.pak	0x012D5E73	Dark Devil's Silver Coin	786cfa933f5c	黑暗魔鬼的银色硬币	accepted	legacy/translations/tbl_overrides.tsv	975	
tbl	tbl1.pak	0x012D5F8D	Dark Devil's Gold Coin	b0040badd8b8	黑暗魔鬼的黄金硬币	accepted	legacy/translations/tbl_overrides.tsv	976	
tbl	tbl1.pak	0x012D609B	Dark Devil Silver Coin Title	e4bf09723dec	黑暗魔鬼银色硬币称号	accepted	legacy/translations/tbl_overrides.tsv	977	
tbl	tbl1.pak	0x012D88B1	Blessed Chest	8f2111ce1dfb	祝福胸甲	accepted	legacy/translations/tbl_overrides.tsv	978	
tbl	tbl1.pak	0x012D893B	Wind Chest	0a898f091ae9	风胸甲	accepted	legacy/translations/tbl_overrides.tsv	979	
tbl	tbl1.pak	0x012D89B9	Hot Chest A	15f1f3bbb973	火辣胸甲A	accepted	legacy/translations/tbl_overrides.tsv	980	
tbl	tbl1.pak	0x012D8A39	Hot Chest B	c1a7f3f5d242	火辣胸甲B	accepted	legacy/translations/tbl_overrides.tsv	981	
tbl	tbl1.pak	0x012D978D	Powerful Treasure Chest A	5c4e92ea83ce	强力宝箱A	accepted	legacy/translations/tbl_overrides.tsv	984	
tbl	tbl1.pak	0x012D9831	Kami's Chest A	b0fc5ac00797	天神的胸甲A	accepted	legacy/translations/tbl_overrides.tsv	985	
tbl	tbl1.pak	0x012D9853	Old Chest	8abd37604651	老旧胸甲	accepted	legacy/translations/tbl_overrides.tsv	986	
tbl	tbl1.pak	0x012D98B1	Powerful Treasure Chest B	9fd4f980dbc3	强力宝箱B	accepted	legacy/translations/tbl_overrides.tsv	987	
tbl	tbl1.pak	0x012D98E9	Powerful Treasure Chest C	b6326431b179	强力宝箱C	accepted	legacy/translations/tbl_overrides.tsv	988	
tbl	tbl1.pak	0x012D9A75	Powerful Treasure Chest D	4ca00bfbd94d	强力宝箱D	accepted	legacy/translations/tbl_overrides.tsv	991	
tbl	tbl1.pak	0x012DA319	Red Dye	21594d7a2188	红色染色	accepted	legacy/translations/tbl_overrides.tsv	993	
tbl	tbl1.pak	0x012DA489	Green Dye	0ff146620037	绿色染色	accepted	legacy/translations/tbl_overrides.tsv	994	
tbl	tbl1.pak	0x012DA585	Purple Dye	d85088ec5399	紫色染色	accepted	legacy/translations/tbl_overrides.tsv	996	
tbl	tbl1.pak	0x012DBD5D	Korin Ring	f95bd2f0b9ac	卡林戒指	accepted	legacy/translations/tbl_overrides.tsv	997	
tbl	tbl1.pak	0x012DD1F7	Medicinal Herbs	e42ef89ae425	药用药草	accepted	legacy/translations/tbl_overrides.tsv	1009	
tbl	tbl1.pak	0x012DE5DF	Energy Club Drink	d38908229115	气功棒饮料	accepted	legacy/translations/tbl_overrides.tsv	1018	
tbl	tbl1.pak	0x012EBE15	Basic Capsule Kit	88449724434c	基础胶囊工具包	accepted	legacy/translations/tbl_overrides.tsv	1047	
tbl	tbl1.pak	0x012EC26F	Red Capsule Box N4	f9fb9f0fd052	红色胶囊盒N4	accepted	legacy/translations/tbl_overrides.tsv	1048	
tbl	tbl1.pak	0x012EC9C3	Pure Upgrade Stone U15	66f0c6f614c5	纯粹升级石U15	accepted	legacy/translations/tbl_overrides.tsv	1050	
tbl	tbl1.pak	0x012ECB05	Black Downgrade Stone U15	276e790b8e3e	黑色降级石U15	accepted	legacy/translations/tbl_overrides.tsv	1051	
tbl	tbl1.pak	0x012ED77F	Upgrade Stone U25	2df1b908cd7a	升级石U25	accepted	legacy/translations/tbl_overrides.tsv	1059	
tbl	tbl1.pak	0x012EFE0F	Ancient Staff	9cf9f3258c91	古代杖	accepted	legacy/translations/tbl_overrides.tsv	1066	
tbl	tbl1.pak	*	Warrior Sword	a6f437257955	那美克战士剑	accepted	legacy/translations/tbl_overrides.tsv	1072	
tbl	tbl1.pak	0x012F6A69	Black Frog Meat	591c86812675	黑色青蛙肉	accepted	legacy/translations/tbl_overrides.tsv	1092	
tbl	tbl1.pak	0x012FD4B9	HCostume provided for kids at the\nbeginnings of Martial Artist training.	2c0f28d8b49c	HCostume provided for kids at the\nbeginnings of 武道家 training.	disabled_missing_20260720	legacy/translations/tbl_overrides.tsv	1093	source absent in 2026-07-20 snapshot
tbl	tbl1.pak	*	ZMartial Artist tops made with human made\nfibre copied from firm skin tissues of namekian.	0bfb6750b600	Z武道家 tops made with human made\nfibre copied from firm skin tissues of namekian.	disabled_missing_20260720	legacy/translations/tbl_overrides.tsv	1094	source absent in 2026-07-20 snapshot
tbl	tbl1.pak	0x0130A813	Yamcha's Outfit	0d76744e5db5	雅木茶的套装	accepted	legacy/translations/tbl_overrides.tsv	1097	
tbl	tbl1.pak	0x0130A907	Kami's Outfit	a95cb993d21c	天神的套装	accepted	legacy/translations/tbl_overrides.tsv	1098	
tbl	tbl1.pak	0x0130FF37	Z-Warrior Outfit	122faf4f565d	Z-战士套装	accepted	legacy/translations/tbl_overrides.tsv	1124	
tbl	tbl1.pak	0x013120A3	Fancy Treasure Chest A	a1127f28f96f	华丽宝箱A	accepted	legacy/translations/tbl_overrides.tsv	1127	
tbl	tbl1.pak	0x01312113	Mysterious Treasure Chest A	ed3df9860380	神秘宝箱A	accepted	legacy/translations/tbl_overrides.tsv	1128	
tbl	tbl1.pak	0x01312273	General Key	1a550688094f	将军钥匙	accepted	legacy/translations/tbl_overrides.tsv	1132	
tbl	tbl1.pak	0x01312491	Fancy Treasure Chest B	e09fa3207eb3	华丽宝箱B	accepted	legacy/translations/tbl_overrides.tsv	1135	
tbl	tbl1.pak	0x01312509	Fancy Treasure Chest C	6319133569b5	华丽宝箱C	accepted	legacy/translations/tbl_overrides.tsv	1136	
tbl	tbl1.pak	0x0131272D	Fancy Treasure Chest D	db39acc4735b	华丽宝箱D	accepted	legacy/translations/tbl_overrides.tsv	1138	
tbl	tbl1.pak	0x01312BDB	GM Mask	5411155c7e9b	GM面具	accepted	legacy/translations/tbl_overrides.tsv	1139	
tbl	tbl1.pak	0x0131A4C7	Short Circuit Device	03d17cc64e7b	短电路装置	accepted	legacy/translations/tbl_overrides.tsv	1146	
tbl	tbl1.pak	0x0132B0A1	God's Dragon Clan Gift	28f1c828f495	God's 那美克龙族 Gift	accepted	legacy/translations/tbl_overrides.tsv	1159	
tbl	tbl1.pak	0x0132B28D	God's Spiritualist Gift	782599e0579e	God's 气功师 Gift	accepted	legacy/translations/tbl_overrides.tsv	1160	
tbl	tbl1.pak	0x0132B47D	God's Wonder Majin Gift	07ac5072c7d4	God's 意魔人 Gift	accepted	legacy/translations/tbl_overrides.tsv	1161	
tbl	tbl1.pak	0x013410FF	Advanced Weapon Upgrade Stone U11	0f6c09a7c7e4	高级武器升级石U11	accepted	legacy/translations/tbl_overrides.tsv	1183	
tbl	tbl1.pak	0x01341F0F	Advanced Weapon Upgrade Stone U58	c91c4edf19c8	高级武器升级石U58	accepted	legacy/translations/tbl_overrides.tsv	1195	
tbl	tbl1.pak	0x013438CD	Weapon Downgrade Stone U11	ae8c8c6ba5b6	武器降级石U11	accepted	legacy/translations/tbl_overrides.tsv	1200	
tbl	tbl1.pak	0x01343FF3	Weapon Downgrade Stone U34	1c9f86c960af	武器降级石U34	accepted	legacy/translations/tbl_overrides.tsv	1205	
tbl	tbl1.pak	0x01344161	Weapon Downgrade Stone U38	02a9c169e673	武器降级石U38	accepted	legacy/translations/tbl_overrides.tsv	1206	
tbl	tbl1.pak	0x013442CF	Weapon Downgrade Stone U42	7112826a306a	武器降级石U42	accepted	legacy/translations/tbl_overrides.tsv	1207	
tbl	tbl1.pak	0x0134443D	Weapon Downgrade Stone U46	5a4bc1fbfd58	武器降级石U46	accepted	legacy/translations/tbl_overrides.tsv	1208	
tbl	tbl1.pak	0x013445AB	Weapon Downgrade Stone U50	f85d6134d26e	武器降级石U50	accepted	legacy/translations/tbl_overrides.tsv	1209	
tbl	tbl1.pak	0x01344719	Weapon Downgrade Stone U53	836b565b9cde	武器降级石U53	accepted	legacy/translations/tbl_overrides.tsv	1210	
tbl	tbl1.pak	0x01344887	Weapon Downgrade Stone U55	2dbfe836d8dd	武器降级石U55	accepted	legacy/translations/tbl_overrides.tsv	1211	
tbl	tbl1.pak	0x013449F5	Weapon Downgrade Stone U58	f415fa3534ec	武器降级石U58	accepted	legacy/translations/tbl_overrides.tsv	1212	
tbl	tbl1.pak	0x01344B63	Weapon Downgrade Stone U60	70cf996f1b98	武器降级石U60	accepted	legacy/translations/tbl_overrides.tsv	1213	
tbl	tbl1.pak	0x01344CD1	Weapon Downgrade Stone U65	7c920f61f289	武器降级石U65	accepted	legacy/translations/tbl_overrides.tsv	1214	
tbl	tbl1.pak	0x01344E3F	Weapon Downgrade Stone U70	e094fcb5ac13	武器降级石U70	accepted	legacy/translations/tbl_overrides.tsv	1215	
tbl	tbl1.pak	0x013482CD	1 Star Event Dragon Ball	14019ab35cd1	1星活动龙珠	accepted	legacy/translations/tbl_overrides.tsv	1218	
tbl	tbl1.pak	0x01348385	2 Star Event Dragon Ball	a685ba7c2838	2星活动龙珠	accepted	legacy/translations/tbl_overrides.tsv	1219	
tbl	tbl1.pak	0x0134843D	3 Star Event Dragon Ball	9ebe842587ff	3星活动龙珠	accepted	legacy/translations/tbl_overrides.tsv	1220	
tbl	tbl1.pak	0x013484F5	4 Star Event Dragon Ball	22581d3cc79b	4星活动龙珠	accepted	legacy/translations/tbl_overrides.tsv	1221	
tbl	tbl1.pak	0x013485AD	5 Star Event Dragon Ball	7d87db0845b3	5星活动龙珠	accepted	legacy/translations/tbl_overrides.tsv	1222	
tbl	tbl1.pak	0x01348665	6 Star Event Dragon Ball	324e5aba657d	6星活动龙珠	accepted	legacy/translations/tbl_overrides.tsv	1223	
tbl	tbl1.pak	0x0134871D	7 Star Event Dragon Ball	017aa63da24d	7星活动龙珠	accepted	legacy/translations/tbl_overrides.tsv	1224	
tbl	tbl1.pak	*	Super Saiyan Potion [Martial Artist]	6bc8e88a44a9	超级赛亚人药水[武道家]	accepted	legacy/translations/tbl_overrides.tsv	1227	
tbl	tbl1.pak	*	Super Saiyan Potion [Spiritualist]	baf36651edf7	超级赛亚人药水[气功师]	accepted	legacy/translations/tbl_overrides.tsv	1230	
tbl	tbl1.pak	0x0134F837	Energy Potion (X)	84d47708bed0	气功药水(X)	accepted	legacy/translations/tbl_overrides.tsv	1240	
tbl	tbl1.pak	*	Advanced Warrior Awakening	ff69ddf5252a	高级战士觉醒	accepted	legacy/translations/tbl_overrides.tsv	1246	
tbl	tbl1.pak	0x013647FD	Devil's Claws	30d434c98156	魔鬼的爪	accepted	legacy/translations/tbl_overrides.tsv	1272	
tbl	tbl1.pak	0x01364ED5	Absolute Claws	3c652a8fe6be	绝对爪	accepted	legacy/translations/tbl_overrides.tsv	1279	
tbl	tbl1.pak	0x0136509B	Namekian Claws	a9c455aa4043	那美克星人爪	accepted	legacy/translations/tbl_overrides.tsv	1280	
tbl	tbl1.pak	0x01365161	Magic Axe	b5a4801ff5d9	魔法斧	accepted	legacy/translations/tbl_overrides.tsv	1281	
tbl	tbl1.pak	0x013656E1	Light Axe	2c7948d56a15	光斧	accepted	legacy/translations/tbl_overrides.tsv	1286	
tbl	tbl1.pak	0x013667E5	Light Demon Stone	58d31c0e44ec	光恶魔石	accepted	legacy/translations/tbl_overrides.tsv	1295	
tbl	tbl1.pak	0x013668A3	Golden Demon Stone	62f67e93d637	黄金恶魔石	accepted	legacy/translations/tbl_overrides.tsv	1296	
tbl	tbl1.pak	0x01366959	Dark Demon Stone	7c904336cac7	黑暗恶魔石	accepted	legacy/translations/tbl_overrides.tsv	1297	
tbl	tbl1.pak	0x01366A0B	Legendary Demon Stone	fd9ebce59f6b	传说恶魔石	accepted	legacy/translations/tbl_overrides.tsv	1298	
tbl	tbl1.pak	0x01366AE5	Sapphire Demon Stone	fda3494770af	蓝宝石恶魔石	accepted	legacy/translations/tbl_overrides.tsv	1299	
tbl	tbl1.pak	0x01367A1F	Z Thunder Sword	752f28993da7	Z雷霆剑	accepted	legacy/translations/tbl_overrides.tsv	1315	
tbl	tbl1.pak	0x0136930F	Sparkling Trumpet	819da5f1c1fe	闪耀号角	accepted	legacy/translations/tbl_overrides.tsv	1336	
tbl	tbl1.pak	0x0136A2AB	Big Devil Drum	5d23cdb1087d	大魔鬼鼓	accepted	legacy/translations/tbl_overrides.tsv	1341	
tbl	tbl1.pak	*	O6Skilled Spiritualist beginners practice in this equip.	d0149b2779d3	O6Skilled 气功师 beginners practice in this equip.	accepted	legacy/translations/tbl_overrides.tsv	1342	
tbl	tbl1.pak	*	OSEarly on the road to become a Spiritualist\nmaster, must wear these hermit clothes.	f8b5403ed4c2	OSEarly on the road to become a 气功师\nmaster, must wear these hermit clothes.	accepted	legacy/translations/tbl_overrides.tsv	1345	
tbl	tbl1.pak	*	ORGenuine Spiritualist masters, worked hard\nto make this high quality hermit equip.	46da0976fdd8	ORGenuine 气功师 masters, worked hard\nto make this high quality hermit equip.	accepted	legacy/translations/tbl_overrides.tsv	1348	
tbl	tbl1.pak	*	OBSpiritualist master who used to practice most often wearing these.	b2c264d64152	OB气功师 master who used to practice most often wearing these.	accepted	legacy/translations/tbl_overrides.tsv	1351	
tbl	tbl1.pak	*	Spiritualist classic costume. Despite the costs\nof material, has a high quality manufacturing.	a4854c39b573	气功师 classic costume. Despite the costs\nof material, has a high quality manufacturing.	accepted	legacy/translations/tbl_overrides.tsv	1354	
tbl	tbl1.pak	0x01378A75	Shadow Warrior Equip (Top)	921f0d6797a1	暗影战士装备(上衣)	accepted	legacy/translations/tbl_overrides.tsv	1357	
tbl	tbl1.pak	0x01378B33	Shadow Warrior Equip (Pants)	93c0c08103b0	暗影战士装备(裤子)	accepted	legacy/translations/tbl_overrides.tsv	1358	
tbl	tbl1.pak	0x01378BF5	Shadow Warrior Equip (Shoes)	bf0c12ff8c3d	暗影战士装备(鞋子)	accepted	legacy/translations/tbl_overrides.tsv	1359	
tbl	tbl1.pak	*	PZWhen you begin the Dragon Clan training wear this equip.\nLightweight and easy to move in.	6ff1caa3d17b	PZWhen you begin the 那美克龙族 training wear this equip.\nLightweight and easy to move in.	accepted	legacy/translations/tbl_overrides.tsv	1360	
tbl	tbl1.pak	*	PONamekians from Dragon Clan used to\npractice most often wearing this in battle.	6648eb1234b0	PONamekians from 那美克龙族 used to\npractice most often wearing this in battle.	disabled_missing_20260720	legacy/translations/tbl_overrides.tsv	1363	source absent in 2026-07-20 snapshot
tbl	tbl1.pak	*	P3Ceremonial suit for the Namekians from Dragon Clan.	bd2edcf53187	P3Ceremonial suit for the Namekians from 那美克龙族.	accepted	legacy/translations/tbl_overrides.tsv	1366	
tbl	tbl1.pak	*	PUSpiritualists love this necklace.\nIt's said that the symbol engraved is mysteriouse.	352e09191ddc	PU气功师 love this necklace.\nIt's said that the symbol engraved is mysteriouse.	accepted	legacy/translations/tbl_overrides.tsv	1370	
tbl	tbl1.pak	0x013A8F3D	Defense Chip 1	28cce392465e	防御芯片1	accepted	legacy/translations/tbl_overrides.tsv	1409	
tbl	tbl1.pak	0x013A8F85	Defense Chip 3	76086e95a543	防御芯片3	accepted	legacy/translations/tbl_overrides.tsv	1410	
tbl	tbl1.pak	0x013A8FCD	Defense Chip 5	fc45a0648047	防御芯片5	accepted	legacy/translations/tbl_overrides.tsv	1411	
tbl	tbl1.pak	0x013A9015	Defense Chip 7	9638266507c9	防御芯片7	accepted	legacy/translations/tbl_overrides.tsv	1412	
tbl	tbl1.pak	0x013A905D	Defense Chip 9	3789a4067a76	防御芯片9	accepted	legacy/translations/tbl_overrides.tsv	1413	
tbl	tbl1.pak	0x013AFEB9	P Iron Gauntlets EX	7a60805b4ba8	P铁臂甲EX	accepted	legacy/translations/tbl_overrides.tsv	1419	
tbl	tbl1.pak	0x013AFFDF	P Metal Gauntlets EX	2eefdb784447	P金属臂甲EX	accepted	legacy/translations/tbl_overrides.tsv	1420	
tbl	tbl1.pak	0x013B03AF	P Namekian Gauntlets EX	876c03421998	P那美克星人臂甲EX	accepted	legacy/translations/tbl_overrides.tsv	1421	
tbl	tbl1.pak	0x013B04CD	P Elder Gauntlets EX	77a4cd867c93	P长老臂甲EX	accepted	legacy/translations/tbl_overrides.tsv	1422	
tbl	tbl1.pak	0x013B080D	P Lotus Dragon Gauntlets EX	06131743ad1b	P莲花龙臂甲EX	accepted	legacy/translations/tbl_overrides.tsv	1423	
tbl	tbl1.pak	0x013B1D23	E Namek Gauntlets EX	6bcb83046b12	E那美克臂甲EX	accepted	legacy/translations/tbl_overrides.tsv	1426	
tbl	tbl1.pak	0x013B2315	Ultimate Gauntlets	98c3071d613d	终极臂甲	accepted	legacy/translations/tbl_overrides.tsv	1429	
tbl	tbl1.pak	0x013B2DD9	CC Elite Staff EX	23a038df4e0c	CC精英杖EX	accepted	legacy/translations/tbl_overrides.tsv	1434	
tbl	tbl1.pak	0x013B458D	Absolute Shadow EX	674ae59aba9b	绝对暗影EX	accepted	legacy/translations/tbl_overrides.tsv	1453	
tbl	tbl1.pak	*	Strong Warrior Claws	e544146c5d9f	强力战士爪	accepted	legacy/translations/tbl_overrides.tsv	1458	
tbl	tbl1.pak	0x013B4913	Magic Head Axe EX	5d2588c79ea3	魔法头斧EX	accepted	legacy/translations/tbl_overrides.tsv	1460	
tbl	tbl1.pak	0x013B4D95	Light Speed Axe EX	554d16b90f25	光速度斧EX	accepted	legacy/translations/tbl_overrides.tsv	1466	
tbl	tbl1.pak	0x013B601B	Dark Crystal Gem EX	6e4a9af9084a	黑暗水晶宝石EX	accepted	legacy/translations/tbl_overrides.tsv	1486	
tbl	tbl1.pak	0x013B6937	Diamond Stick EX	d9422913dbc9	钻石棍EX	accepted	legacy/translations/tbl_overrides.tsv	1499	
tbl	tbl1.pak	0x013B781B	Green Wand EX	ea44ecaadf91	绿色短杖EX	accepted	legacy/translations/tbl_overrides.tsv	1513	
tbl	tbl1.pak	0x013B7B3D	Thunder Wand EX	26c32ce9c9b8	雷霆短杖EX	accepted	legacy/translations/tbl_overrides.tsv	1515	
tbl	tbl1.pak	0x013B8C3F	Cannon Fire EX	7b28a10a440e	炮火EX	accepted	legacy/translations/tbl_overrides.tsv	1535	
tbl	tbl1.pak	0x013B90DB	Light Speed Trumpet EX	8cb5ab84eafb	光速度号角EX	accepted	legacy/translations/tbl_overrides.tsv	1538	
tbl	tbl1.pak	0x013B915B	Dark Trumpet EX	a5b48b6dd2dd	黑暗号角EX	accepted	legacy/translations/tbl_overrides.tsv	1539	
tbl	tbl1.pak	*	U7Spiritualist beginner clothes.\nLight and easy to move.	cd1ed003e3bb	U7气功师 beginner clothes.\nLight and easy to move.	accepted	legacy/translations/tbl_overrides.tsv	1554	
tbl	tbl1.pak	*	VUSpiritualists love this necklace.\nIt's said that the symbol engraved is mysteriouse.	3afd1a04f773	VU气功师 love this necklace.\nIt's said that the symbol engraved is mysteriouse.	disabled_missing_20260720	legacy/translations/tbl_overrides.tsv	1558	source absent in 2026-07-20 snapshot
tbl	tbl1.pak	0x013EF53D	Super CC Scouter S	4bd31ccf5d8d	超级CC探测器S	accepted	legacy/translations/tbl_overrides.tsv	1578	
tbl	tbl1.pak	0x013F1E65	Crystal Spirit Circuit 15	ba17ad45b15b	水晶精神电路15	accepted	legacy/translations/tbl_overrides.tsv	1585	
tbl	tbl1.pak	0x013F1EDD	Crystal Spirit Circuit 20	18c4312f3123	水晶精神电路20	accepted	legacy/translations/tbl_overrides.tsv	1586	
tbl	tbl1.pak	0x013F1F55	Crystal Spirit Circuit 25	9220c382581f	水晶精神电路25	accepted	legacy/translations/tbl_overrides.tsv	1587	
tbl	tbl1.pak	0x013F1FCD	Crystal Spirit Circuit 30	9950d6b41bec	水晶精神电路30	accepted	legacy/translations/tbl_overrides.tsv	1588	
tbl	tbl1.pak	0x013F2045	Crystal Spirit Circuit 35	29ec84f8b20c	水晶精神电路35	accepted	legacy/translations/tbl_overrides.tsv	1589	
tbl	tbl1.pak	0x013F20BD	Crystal Spirit Circuit 40	fcee584a233c	水晶精神电路40	accepted	legacy/translations/tbl_overrides.tsv	1590	
tbl	tbl1.pak	0x013F2135	Crystal Spirit Circuit 45	fbbea6212fd4	水晶精神电路45	accepted	legacy/translations/tbl_overrides.tsv	1591	
tbl	tbl1.pak	0x013F21AD	Crystal Spirit Circuit 50	41d144f23e6e	水晶精神电路50	accepted	legacy/translations/tbl_overrides.tsv	1592	
tbl	tbl1.pak	0x013F2225	Crystal Spirit Circuit 55	de48bd588e28	水晶精神电路55	accepted	legacy/translations/tbl_overrides.tsv	1593	
tbl	tbl1.pak	0x013F229D	Crystal Spirit Circuit 60	1efdb7a4a4e5	水晶精神电路60	accepted	legacy/translations/tbl_overrides.tsv	1594	
tbl	tbl1.pak	0x013F2315	Crystal Spirit Circuit 65	3b227eb2818c	水晶精神电路65	accepted	legacy/translations/tbl_overrides.tsv	1595	
tbl	tbl1.pak	0x013F238D	Crystal Spirit Circuit 70	ed9f1d6d6310	水晶精神电路70	accepted	legacy/translations/tbl_overrides.tsv	1596	
tbl	tbl1.pak	0x013F2405	Crystal Spirit Circuit 75	4dae9bd9535d	水晶精神电路75	accepted	legacy/translations/tbl_overrides.tsv	1597	
tbl	tbl1.pak	0x013F247D	Crystal Spirit Circuit 80	fe863f1dce4a	水晶精神电路80	accepted	legacy/translations/tbl_overrides.tsv	1598	
tbl	tbl1.pak	0x013F24F5	Crystal Spirit Circuit 85	a12f25e1fe24	水晶精神电路85	accepted	legacy/translations/tbl_overrides.tsv	1599	
tbl	tbl1.pak	0x013F256D	Crystal Spirit Circuit 90	5201f8f85ab7	水晶精神电路90	accepted	legacy/translations/tbl_overrides.tsv	1600	
tbl	tbl1.pak	0x013F25E5	Crystal Spirit Circuit 95	9ef42f053dd1	水晶精神电路95	accepted	legacy/translations/tbl_overrides.tsv	1601	
tbl	tbl1.pak	0x013F265D	Crystal Spirit Circuit 100	ed77b819915a	水晶精神电路100	accepted	legacy/translations/tbl_overrides.tsv	1602	
tbl	tbl1.pak	0x013F8F4F	P Iron Gauntlets R	3fd92ff82dfa	P铁臂甲R	accepted	legacy/translations/tbl_overrides.tsv	1603	
tbl	tbl1.pak	0x013F9073	P Metal Gauntlets R	30eecf6e91ff	P金属臂甲R	accepted	legacy/translations/tbl_overrides.tsv	1604	
tbl	tbl1.pak	0x013F943D	P Namekian Gauntlets R	b257961a9f90	P那美克星人臂甲R	accepted	legacy/translations/tbl_overrides.tsv	1605	
tbl	tbl1.pak	0x013F9559	P Elder Gauntlets R	e2c045ae2b48	P长老臂甲R	accepted	legacy/translations/tbl_overrides.tsv	1606	
tbl	tbl1.pak	0x013FA8DB	E Iron Gauntlets R	993040ebf459	E铁臂甲R	accepted	legacy/translations/tbl_overrides.tsv	1611	
tbl	tbl1.pak	0x013FA9FF	E Metal Gauntlets R	037baca827f1	E金属臂甲R	accepted	legacy/translations/tbl_overrides.tsv	1612	
tbl	tbl1.pak	0x013FADC9	E Namekian Gauntlets R	427c28bcbbf3	E那美克星人臂甲R	accepted	legacy/translations/tbl_overrides.tsv	1613	
tbl	tbl1.pak	0x013FAEE5	E Elder Gauntlets R	7daa465d1b90	E长老臂甲R	accepted	legacy/translations/tbl_overrides.tsv	1614	
tbl	tbl1.pak	0x013FB215	E Lotus Dragon Gauntlets R	92396d13a5cf	E莲花龙臂甲R	accepted	legacy/translations/tbl_overrides.tsv	1615	
tbl	tbl1.pak	0x013FB9BB	Namek Staff R	86bc7a84cc57	那美克杖R	accepted	legacy/translations/tbl_overrides.tsv	1617	
tbl	tbl1.pak	0x013FBB2D	Elder Staff R	c6dba8485a77	长老杖R	accepted	legacy/translations/tbl_overrides.tsv	1618	
tbl	tbl1.pak	0x013FBE9B	CC Elite Staff R	4993fd9eb4a1	CC精英杖R	accepted	legacy/translations/tbl_overrides.tsv	1619	
tbl	tbl1.pak	0x013FC067	Capsule Staff R	ab1eedad771c	杖R胶囊	accepted	legacy/translations/tbl_overrides.tsv	1622	
tbl	tbl1.pak	0x013FC247	Lizard Staff R	bcd5b4649f32	蜥蜴杖R	accepted	legacy/translations/tbl_overrides.tsv	1623	
tbl	tbl1.pak	0x013FD145	Devil Claws R	0e9fd7fa73a0	魔鬼爪R	accepted	legacy/translations/tbl_overrides.tsv	1626	
tbl	tbl1.pak	0x013FD25F	Steel Claws R	c675a89deed6	钢爪R	accepted	legacy/translations/tbl_overrides.tsv	1627	
tbl	tbl1.pak	0x013FD39D	Silver Soul Claws R	45e612d7ab33	银色灵魂爪R	accepted	legacy/translations/tbl_overrides.tsv	1630	
tbl	tbl1.pak	0x013FD99B	Magic Head Axe R	d63f701ec069	魔法头斧R	accepted	legacy/translations/tbl_overrides.tsv	1634	
tbl	tbl1.pak	0x013FDA01	Namek Axe R	efe9b29f1b43	那美克斧R	accepted	legacy/translations/tbl_overrides.tsv	1635	
tbl	tbl1.pak	0x013FDAC1	Steel Axe R	a91227eaa43f	钢斧R	accepted	legacy/translations/tbl_overrides.tsv	1636	
tbl	tbl1.pak	0x013FDC1F	Silver Soul Axe R	073a002771cc	银色灵魂斧R	accepted	legacy/translations/tbl_overrides.tsv	1637	
tbl	tbl1.pak	0x013FDE11	Light Speed Axe R	17c8b25778a7	光速度斧R	accepted	legacy/translations/tbl_overrides.tsv	1640	
tbl	tbl1.pak	0x013FEBA5	Diamond Gem R	42921846f075	钻石宝石R	accepted	legacy/translations/tbl_overrides.tsv	1643	
tbl	tbl1.pak	0x013FEE75	Black Crystal Gem R	144710bb12cc	黑色水晶宝石R	accepted	legacy/translations/tbl_overrides.tsv	1644	
tbl	tbl1.pak	0x013FF081	Dark Crystal Gem R	3f62def5c9ad	黑暗水晶宝石R	accepted	legacy/translations/tbl_overrides.tsv	1645	
tbl	tbl1.pak	0x013FF517	Korin Stick R	fdbb5424d077	卡林棍R	accepted	legacy/translations/tbl_overrides.tsv	1649	
tbl	tbl1.pak	0x013FF60B	Steel Stick R	20f56d4c6569	钢棍R	accepted	legacy/translations/tbl_overrides.tsv	1650	
tbl	tbl1.pak	0x013FF6CF	Tiger Stick R	261edcc611dc	老虎棍R	accepted	legacy/translations/tbl_overrides.tsv	1651	
tbl	tbl1.pak	0x013FF9AF	Diamond Stick R	bd468b6533be	钻石棍R	accepted	legacy/translations/tbl_overrides.tsv	1654	
tbl	tbl1.pak	0x013FF9DB	Z Awakening Stick R	481cfffa3778	Z觉醒棍R	accepted	legacy/translations/tbl_overrides.tsv	1655	
tbl	tbl1.pak	0x013FFE57	White Wolf Sword R	a2dc1ddb164c	白色狼剑R	accepted	legacy/translations/tbl_overrides.tsv	1656	
tbl	tbl1.pak	0x013FFFF9	Willow Sword R	4e90800ab366	柳木剑R	accepted	legacy/translations/tbl_overrides.tsv	1657	
tbl	tbl1.pak	0x01400139	Star Sword R	6cef9f8cae40	星剑R	accepted	legacy/translations/tbl_overrides.tsv	1658	
tbl	tbl1.pak	0x0140077B	Crystal Wand R	36ae465196a6	水晶短杖R	accepted	legacy/translations/tbl_overrides.tsv	1660	
tbl	tbl1.pak	0x014007DF	Diamond Wand R	94bd2ccfa9dc	钻石短杖R	accepted	legacy/translations/tbl_overrides.tsv	1661	
tbl	tbl1.pak	0x0140087D	Green Wand R	8b9355fd0d1a	绿色短杖R	accepted	legacy/translations/tbl_overrides.tsv	1662	
tbl	tbl1.pak	0x014009E1	Comet Wand R	4683653b5415	彗星短杖R	accepted	legacy/translations/tbl_overrides.tsv	1663	
tbl	tbl1.pak	0x014011F5	3 Eye Fan R	f72ee38f8a6a	3眼扇R	accepted	legacy/translations/tbl_overrides.tsv	1668	
tbl	tbl1.pak	0x01401C63	Flame Cannon R	fc9fc000a816	火焰炮R	accepted	legacy/translations/tbl_overrides.tsv	1673	
tbl	tbl1.pak	0x01401E83	Super Trumpet R	329af5faca40	超级号角R	accepted	legacy/translations/tbl_overrides.tsv	1675	
tbl	tbl1.pak	0x014020FB	Light Speed Trumpet R	6a24497ccbb9	光速度号角R	accepted	legacy/translations/tbl_overrides.tsv	1676	
tbl	tbl1.pak	0x01402177	Dark Trumpet R	ac2b748f910b	黑暗号角R	accepted	legacy/translations/tbl_overrides.tsv	1677	
tbl	tbl1.pak	0x0140286B	Corn Club R	bc0cd7da0ec1	玉米棒R	accepted	legacy/translations/tbl_overrides.tsv	1678	
tbl	tbl1.pak	0x0140330F	Ultimate Gohan Pet	42912d88f02f	终极孙悟饭宠物	accepted	legacy/translations/tbl_overrides.tsv	1680	
tbl	tbl1.pak	0x014034BF	SS3 Bardock	a686c421d473	超级赛亚人3巴达克	accepted	legacy/translations/tbl_overrides.tsv	1681	
tbl	tbl1.pak	*	7Spiritualist beginner clothes.\nLight and easy to move.	ca2fb4c24cea	7气功师 beginner clothes.\nLight and easy to move.	accepted	legacy/translations/tbl_overrides.tsv	1682	
tbl	tbl1.pak	*	USpiritualists love this necklace.\nIt's said that the symbol engraved is mysteriouse.	290c24665ac6	U气功师 love this necklace.\nIt's said that the symbol engraved is mysteriouse.	accepted	legacy/translations/tbl_overrides.tsv	1686	
tbl	tbl1.pak	0x01438A33	Super Z Scouter SP	86c322e3a700	超级Z探测器SP	accepted	legacy/translations/tbl_overrides.tsv	1705	
tbl	tbl1.pak	0x01439A69	Crystal Spirit Chip 20	c89d27db0f04	水晶精神芯片20	accepted	legacy/translations/tbl_overrides.tsv	1706	
tbl	tbl1.pak	0x01439ADB	Crystal Spirit Chip 25	362a4f8728e7	水晶精神芯片25	accepted	legacy/translations/tbl_overrides.tsv	1707	
tbl	tbl1.pak	0x01439B4D	Crystal Spirit Chip 30	fe0623db8949	水晶精神芯片30	accepted	legacy/translations/tbl_overrides.tsv	1708	
tbl	tbl1.pak	0x01439BBF	Crystal Spirit Chip 35	5a8d0fd7f89c	水晶精神芯片35	accepted	legacy/translations/tbl_overrides.tsv	1709	
tbl	tbl1.pak	0x01439C31	Crystal Spirit Chip 40	d2d63aafa136	水晶精神芯片40	accepted	legacy/translations/tbl_overrides.tsv	1710	
tbl	tbl1.pak	0x01439CA3	Crystal Spirit Chip 45	ba2ecc3f2be6	水晶精神芯片45	accepted	legacy/translations/tbl_overrides.tsv	1711	
tbl	tbl1.pak	0x01439D15	Crystal Spirit Chip 50	1a06c2d6b237	水晶精神芯片50	accepted	legacy/translations/tbl_overrides.tsv	1712	
tbl	tbl1.pak	0x01439D87	Crystal Spirit Chip 55	e7227c043ee8	水晶精神芯片55	accepted	legacy/translations/tbl_overrides.tsv	1713	
tbl	tbl1.pak	0x01439DF9	Crystal Spirit Chip 60	53e1967f4542	水晶精神芯片60	accepted	legacy/translations/tbl_overrides.tsv	1714	
tbl	tbl1.pak	0x01439E6B	Crystal Spirit Chip 65	fd2de7b9d1d9	水晶精神芯片65	accepted	legacy/translations/tbl_overrides.tsv	1715	
tbl	tbl1.pak	0x01439EDD	Crystal Spirit Chip 70	e8df916435d4	水晶精神芯片70	accepted	legacy/translations/tbl_overrides.tsv	1716	
tbl	tbl1.pak	0x01439F4F	Crystal Spirit Chip 75	5e1a183709ef	水晶精神芯片75	accepted	legacy/translations/tbl_overrides.tsv	1717	
tbl	tbl1.pak	0x01439FC1	Crystal Spirit Chip 80	6c1eca33379c	水晶精神芯片80	accepted	legacy/translations/tbl_overrides.tsv	1718	
tbl	tbl1.pak	0x0143A033	Crystal Spirit Chip 85	d3f9366ba61a	水晶精神芯片85	accepted	legacy/translations/tbl_overrides.tsv	1719	
tbl	tbl1.pak	0x0143A0A5	Crystal Spirit Chip 90	aee08b92c7c1	水晶精神芯片90	accepted	legacy/translations/tbl_overrides.tsv	1720	
tbl	tbl1.pak	0x0143A117	Crystal Spirit Chip 95	9756badcf7ac	水晶精神芯片95	accepted	legacy/translations/tbl_overrides.tsv	1721	
tbl	tbl1.pak	0x0143A189	Crystal Spirit Chip 100	c0eff04ec957	水晶精神芯片100	accepted	legacy/translations/tbl_overrides.tsv	1722	
tbl	tbl1.pak	0x0143E92B	Injection  Gauntlets L	9a8ee8fa671f	注射臂甲L	accepted	legacy/translations/tbl_overrides.tsv	1723	
tbl	tbl1.pak	0x0143FAED	P Iron Gauntlets L	92815b7efad5	P铁臂甲L	accepted	legacy/translations/tbl_overrides.tsv	1724	
tbl	tbl1.pak	0x0143FC11	P Metal Gauntlets L	361835b5ee62	P金属臂甲L	accepted	legacy/translations/tbl_overrides.tsv	1725	
tbl	tbl1.pak	0x0143FFDB	P Namekian Gauntlets L	d834512521df	P那美克星人臂甲L	accepted	legacy/translations/tbl_overrides.tsv	1726	
tbl	tbl1.pak	0x014400F7	P Elder Gauntlets L	d1ecf82d79d8	P长老臂甲L	accepted	legacy/translations/tbl_overrides.tsv	1727	
tbl	tbl1.pak	0x01441475	E Iron Gauntlets L	e9468876ef9b	E铁臂甲L	accepted	legacy/translations/tbl_overrides.tsv	1732	
tbl	tbl1.pak	0x01441599	E Metal Gauntlets L	ea0f564c3953	E金属臂甲L	accepted	legacy/translations/tbl_overrides.tsv	1733	
tbl	tbl1.pak	0x01441961	E Namekian Gauntlets L	e8e3d7317565	E那美克星人臂甲L	accepted	legacy/translations/tbl_overrides.tsv	1734	
tbl	tbl1.pak	0x01441A7D	E Elder Gauntlets L	11b6548db008	E长老臂甲L	accepted	legacy/translations/tbl_overrides.tsv	1735	
tbl	tbl1.pak	0x01441F35	Namek Staff L	2c37b79a3993	那美克杖L	accepted	legacy/translations/tbl_overrides.tsv	1736	
tbl	tbl1.pak	0x014420A7	Elder Staff L	fd1aabcf708f	长老杖L	accepted	legacy/translations/tbl_overrides.tsv	1737	
tbl	tbl1.pak	0x01442415	CC Elite Staff L	4cd8f3e20126	CC精英杖L	accepted	legacy/translations/tbl_overrides.tsv	1738	
tbl	tbl1.pak	0x014425E1	Capsule Staff L	72165de43ebc	杖L胶囊	accepted	legacy/translations/tbl_overrides.tsv	1741	
tbl	tbl1.pak	0x014427C1	Lizard Staff L	7f354700d370	蜥蜴杖L	accepted	legacy/translations/tbl_overrides.tsv	1742	
tbl	tbl1.pak	0x0144317D	Devil Claws L	2b4215c50b42	魔鬼爪L	accepted	legacy/translations/tbl_overrides.tsv	1745	
tbl	tbl1.pak	0x01443297	Steel Claws L	4ef00d87f720	钢爪L	accepted	legacy/translations/tbl_overrides.tsv	1746	
tbl	tbl1.pak	0x014433D5	Silver Soul Claws L	5411bc5707d8	银色灵魂爪L	accepted	legacy/translations/tbl_overrides.tsv	1749	
tbl	tbl1.pak	0x014436A1	Magic Head Axe L	bdce3cd2cb8d	魔法头斧L	accepted	legacy/translations/tbl_overrides.tsv	1752	
tbl	tbl1.pak	0x01443707	Namek Axe L	a62d8a0bb586	那美克斧L	accepted	legacy/translations/tbl_overrides.tsv	1753	
tbl	tbl1.pak	0x014437C7	Steel Axe L	8f53c224dce8	钢斧L	accepted	legacy/translations/tbl_overrides.tsv	1754	
tbl	tbl1.pak	0x01443925	Silver Soul Axe L	dec516f733b5	银色灵魂斧L	accepted	legacy/translations/tbl_overrides.tsv	1755	
tbl	tbl1.pak	0x01443B17	Light Speed Axe L	598cbcec931e	光速度斧L	accepted	legacy/translations/tbl_overrides.tsv	1758	
tbl	tbl1.pak	0x01444161	Diamond Gem L	9e2724396ac0	钻石宝石L	accepted	legacy/translations/tbl_overrides.tsv	1761	
tbl	tbl1.pak	0x01444431	Black Crystal Gem L	0c374e59e4e5	黑色水晶宝石L	accepted	legacy/translations/tbl_overrides.tsv	1762	
tbl	tbl1.pak	0x0144463D	Dark Crystal Gem L	a8538797a3c4	黑暗水晶宝石L	accepted	legacy/translations/tbl_overrides.tsv	1763	
tbl	tbl1.pak	0x014446FD	Korin Stick L	2fd6a5ff31ad	卡林棍L	accepted	legacy/translations/tbl_overrides.tsv	1764	
tbl	tbl1.pak	0x014447F1	Steel Stick L	46eb5be52934	钢棍L	accepted	legacy/translations/tbl_overrides.tsv	1765	
tbl	tbl1.pak	0x014448B5	Tiger  Stick L	f04083de9a24	老虎棍L	accepted	legacy/translations/tbl_overrides.tsv	1766	
tbl	tbl1.pak	0x01444B97	Diamond Stick L	d7fb19be55ed	钻石棍L	accepted	legacy/translations/tbl_overrides.tsv	1769	
tbl	tbl1.pak	0x01444BC3	Z Awakening Stick L	fae21d000295	Z觉醒棍L	accepted	legacy/translations/tbl_overrides.tsv	1770	
tbl	tbl1.pak	0x01444C91	White Wolf Sword L	856b484c7ae3	白色狼剑L	accepted	legacy/translations/tbl_overrides.tsv	1771	
tbl	tbl1.pak	0x01444E33	Willow Sword L	f9e27d212da5	柳木剑L	accepted	legacy/translations/tbl_overrides.tsv	1772	
tbl	tbl1.pak	0x01444F73	Star Sword L	c78152263328	星剑L	accepted	legacy/translations/tbl_overrides.tsv	1773	
tbl	tbl1.pak	0x014451A7	Crystal Wand L	22e361691690	水晶短杖L	accepted	legacy/translations/tbl_overrides.tsv	1775	
tbl	tbl1.pak	0x0144520B	Diamond Wand L	c8b210885e69	钻石短杖L	accepted	legacy/translations/tbl_overrides.tsv	1776	
tbl	tbl1.pak	0x014452A9	Green Wand L	d556c8e940b4	绿色短杖L	accepted	legacy/translations/tbl_overrides.tsv	1777	
tbl	tbl1.pak	0x0144540D	Comet Wand L	d3827611908c	彗星短杖L	accepted	legacy/translations/tbl_overrides.tsv	1778	
tbl	tbl1.pak	0x014455C3	Thunder Wand L	dfd295a198cc	雷霆短杖L	accepted	legacy/translations/tbl_overrides.tsv	1779	
tbl	tbl1.pak	0x014455ED	Awakening Wand L	afaf75f6a6b4	觉醒短杖L	accepted	legacy/translations/tbl_overrides.tsv	1780	
tbl	tbl1.pak	0x0144580B	3 Eye Fan L	b7c18c401997	3眼扇L	accepted	legacy/translations/tbl_overrides.tsv	1783	
tbl	tbl1.pak	0x01445ECD	Flame Cannon L	fb8ca87840e6	火焰炮L	accepted	legacy/translations/tbl_overrides.tsv	1788	
tbl	tbl1.pak	0x014460ED	Super Trumpet L	7a40619f74cc	超级号角L	accepted	legacy/translations/tbl_overrides.tsv	1790	
tbl	tbl1.pak	0x0144635D	Light Speed Trumpet L	07caebfa6ee1	光速度号角L	accepted	legacy/translations/tbl_overrides.tsv	1791	
tbl	tbl1.pak	0x014463D9	Dark Trumpet L	55663d913b17	黑暗号角L	accepted	legacy/translations/tbl_overrides.tsv	1792	
tbl	tbl1.pak	0x01446681	Corn Club L	9ece6499ba11	玉米棒L	accepted	legacy/translations/tbl_overrides.tsv	1793	
tbl	tbl1.pak	0x01446889	Pound Drum L	3d68008d864b	重击鼓L	accepted	legacy/translations/tbl_overrides.tsv	1794	
tbl	tbl1.pak	0x01476CC9	Super Saiyan Scouter	93e8935402a4	超级赛亚人探测器	accepted	legacy/translations/tbl_overrides.tsv	1822	
tbl	tbl1.pak	0x01477519	Crystal Spirit Gem Chip 40	04408bab552e	水晶精神宝石芯片40	accepted	legacy/translations/tbl_overrides.tsv	1823	
tbl	tbl1.pak	0x01477593	Crystal Spirit Gem Chip 50	933d211d1196	水晶精神宝石芯片50	accepted	legacy/translations/tbl_overrides.tsv	1824	
tbl	tbl1.pak	0x0147760D	Crystal Spirit Gem Chip 60	a5a1cdfc487a	水晶精神宝石芯片60	accepted	legacy/translations/tbl_overrides.tsv	1825	
tbl	tbl1.pak	0x01477687	Crystal Spirit Gem Chip 70	d0c553f242ea	水晶精神宝石芯片70	accepted	legacy/translations/tbl_overrides.tsv	1826	
tbl	tbl1.pak	0x01477701	Crystal Spirit Gem Chip 80	9ef059324c58	水晶精神宝石芯片80	accepted	legacy/translations/tbl_overrides.tsv	1827	
tbl	tbl1.pak	0x0147777B	Crystal Spirit Gem Chip 90	a5547790bfbc	水晶精神宝石芯片90	accepted	legacy/translations/tbl_overrides.tsv	1828	
tbl	tbl1.pak	0x014777F5	Crystal Spirit Gem Chip 100	9e300ccaca21	水晶精神宝石芯片100	accepted	legacy/translations/tbl_overrides.tsv	1829	
tbl	tbl1.pak	0x01477871	Crystal Spirit Gem Chip 110	1afaab1628c1	水晶精神宝石芯片110	accepted	legacy/translations/tbl_overrides.tsv	1830	
tbl	tbl1.pak	0x0147AA39	P Red Dragon Gauntlets	16d30e0c715e	P红色龙臂甲	accepted	legacy/translations/tbl_overrides.tsv	1831	
tbl	tbl1.pak	0x0147F477	CC Energy Gauntlets	2d6c4123f531	CC气功臂甲	accepted	legacy/translations/tbl_overrides.tsv	1832	
tbl	tbl1.pak	0x014804FF	E Red Dragon Gauntlets	f9e2391d2577	E红色龙臂甲	accepted	legacy/translations/tbl_overrides.tsv	1833	
tbl	tbl1.pak	0x014825BD	E Lightning Gauntlets	ea73268c1864	E闪电臂甲	accepted	legacy/translations/tbl_overrides.tsv	1834	
tbl	tbl1.pak	0x01482AE7	E Cricket Gauntlets	2c1a9f41e7fb	E蟋蟀臂甲	accepted	legacy/translations/tbl_overrides.tsv	1836	
tbl	tbl1.pak	0x01482E17	E Chaos Gauntlets	0830e3570100	E混沌臂甲	accepted	legacy/translations/tbl_overrides.tsv	1837	
tbl	tbl1.pak	0x014847E5	Limited Injection Staff	6d102d5678d7	限定注射杖	accepted	legacy/translations/tbl_overrides.tsv	1839	
tbl	tbl1.pak	0x01484E45	Palm Staff	f35309fb68be	棕榈杖	accepted	legacy/translations/tbl_overrides.tsv	1840	
tbl	tbl1.pak	0x01484EB9	Dragon Soul Staff	4e7369f3e415	龙灵魂杖	accepted	legacy/translations/tbl_overrides.tsv	1841	
tbl	tbl1.pak	0x01485051	Old Dragon Staff	72ca06baa295	老旧龙杖	accepted	legacy/translations/tbl_overrides.tsv	1842	
tbl	tbl1.pak	0x01485161	Magic Power Staff	c243839e3c49	魔法力量杖	accepted	legacy/translations/tbl_overrides.tsv	1843	
tbl	tbl1.pak	0x0148538D	Evil Dragon Staff	9b272c041eb3	邪恶龙杖	accepted	legacy/translations/tbl_overrides.tsv	1844	
tbl	tbl1.pak	0x014854B7	Iron Staff	07bd11013435	铁杖	accepted	legacy/translations/tbl_overrides.tsv	1845	
tbl	tbl1.pak	0x01486125	Invincible Damage Claws	7db84d98debe	无敌伤害爪	accepted	legacy/translations/tbl_overrides.tsv	1848	
tbl	tbl1.pak	0x014864AF	Magic Dragon Claws	6b6b62e65113	魔法龙爪	accepted	legacy/translations/tbl_overrides.tsv	1849	
tbl	tbl1.pak	0x01487453	Magic Power Axe	e3029dc9fc22	魔法力量斧	accepted	legacy/translations/tbl_overrides.tsv	1850	
tbl	tbl1.pak	0x014874ED	CC New Metal Axe	3fedcce451a8	CC新金属斧	accepted	legacy/translations/tbl_overrides.tsv	1851	
tbl	tbl1.pak	0x01487FF7	Dragon Roar Scroll	0d3a9ad3db3b	龙咆哮卷轴	accepted	legacy/translations/tbl_overrides.tsv	1856	
tbl	tbl1.pak	0x01488473	Crystal Gem Scroll	321c8cf890bf	水晶宝石卷轴	accepted	legacy/translations/tbl_overrides.tsv	1857	
tbl	tbl1.pak	0x014892A7	Dragon Magic Gem	44441d3fa090	龙魔法宝石	accepted	legacy/translations/tbl_overrides.tsv	1860	
tbl	tbl1.pak	0x01489CED	Phoenix Magic Stick	22b4689ab368	凤凰魔法棍	accepted	legacy/translations/tbl_overrides.tsv	1862	
tbl	tbl1.pak	0x0148AEC5	King Lightning Sword	3d5bfde18eec	王闪电剑	accepted	legacy/translations/tbl_overrides.tsv	1868	
tbl	tbl1.pak	0x0148B0F3	Magic Soul Sword	d40ada8141d2	魔法灵魂剑	accepted	legacy/translations/tbl_overrides.tsv	1871	
tbl	tbl1.pak	0x0148B361	Red Star Sword	f7afd323e42e	红色星剑	accepted	legacy/translations/tbl_overrides.tsv	1872	
tbl	tbl1.pak	0x0148B453	Green Jade Wand EX	0a8594fe744c	绿色翡翠短杖EX	accepted	legacy/translations/tbl_overrides.tsv	1873	
tbl	tbl1.pak	0x0148B6C7	Long Life Wand	babb2a323ea9	长生命短杖	accepted	legacy/translations/tbl_overrides.tsv	1874	
tbl	tbl1.pak	0x0148B7ED	Space Turtle Wand	3090652ed5fb	空间龟短杖	accepted	legacy/translations/tbl_overrides.tsv	1875	
tbl	tbl1.pak	0x0148BAE1	Lightning Wand	9f50307add5b	闪电短杖	accepted	legacy/translations/tbl_overrides.tsv	1876	
tbl	tbl1.pak	0x0148BB59	King of Magic Wand	5a8391e2a065	魔法短杖的王	accepted	legacy/translations/tbl_overrides.tsv	1877	
tbl	tbl1.pak	0x0148BCDD	Sound Wand	17812f71920c	声音短杖	accepted	legacy/translations/tbl_overrides.tsv	1878	
tbl	tbl1.pak	0x0148BF81	Magic Soul Wand	c92e91daa67c	魔法灵魂短杖	accepted	legacy/translations/tbl_overrides.tsv	1879	
tbl	tbl1.pak	0x0148C1C3	Z Awakening Wand	49f407fec79b	Z觉醒短杖	accepted	legacy/translations/tbl_overrides.tsv	1880	
tbl	tbl1.pak	0x0148C273	Magic Meteor Wand	e381acba848d	魔法流星短杖	accepted	legacy/translations/tbl_overrides.tsv	1881	
tbl	tbl1.pak	0x0148CC19	Purple Wind Fan	66a117326ebd	紫色风扇	accepted	legacy/translations/tbl_overrides.tsv	1882	
tbl	tbl1.pak	0x0148CF3B	Dragon Scales Fan	bdf586788213	龙鳞片扇	accepted	legacy/translations/tbl_overrides.tsv	1883	
tbl	tbl1.pak	0x0148CFEF	Gale Fan	037beeec27ec	疾风扇	accepted	legacy/translations/tbl_overrides.tsv	1884	
tbl	tbl1.pak	0x0148D15B	Red Flame Fan	1e7728aae409	红色火焰扇	accepted	legacy/translations/tbl_overrides.tsv	1885	
tbl	tbl1.pak	0x0148E87F	Magic Popsicle	236c27b9091b	魔法冰棒	accepted	legacy/translations/tbl_overrides.tsv	1886	
tbl	tbl1.pak	0x0148ECEF	Super Magic Club	29a2b12c2e9f	超级魔法棒	accepted	legacy/translations/tbl_overrides.tsv	1887	
tbl	tbl1.pak	0x0148F0F3	Sweet Magic Club	1a8fc951d5f7	甜魔法棒	accepted	legacy/translations/tbl_overrides.tsv	1888	
tbl	tbl1.pak	0x0148FC43	Unlimited Drum	98ec2a9d0c11	无限鼓	accepted	legacy/translations/tbl_overrides.tsv	1889	
tbl	tbl1.pak	0x014908CD	Ultra-Pure Mask	484fe4f08777	极限-纯粹面具	accepted	legacy/translations/tbl_overrides.tsv	1891	
tbl	tbl1.pak	0x01490D3F	Super Majin Mask	d7cea8278040	超级魔人面具	accepted	legacy/translations/tbl_overrides.tsv	1892	
tbl	tbl1.pak	0x01490DF5	Super Magic Majin Mask	c4d65bfbfc53	超级魔法魔人面具	accepted	legacy/translations/tbl_overrides.tsv	1893	
tbl	tbl1.pak	0x014914D5	Mechanical Star Mask	4bd0ca50bb95	机械星面具	accepted	legacy/translations/tbl_overrides.tsv	1894	
tbl	tbl1.pak	0x0149679D	Original Spiritualist Shirt	0192b491aed7	Original 气功师 Shirt	accepted	legacy/translations/tbl_overrides.tsv	1895	
tbl	tbl1.pak	0x014A13CD	Combat Dragon Clan Equip	91ab6bfb4089	战斗龙族装备	accepted	legacy/translations/tbl_overrides.tsv	1896	
tbl	tbl1.pak	0x014A1593	Dragon Clan's general practice clothes. At the\nclothes are everywhere traces of insect bites.	b85bfe5c1553	那美克龙族's general practice clothes. At the\nclothes are everywhere traces of insect bites.	accepted	legacy/translations/tbl_overrides.tsv	1897	
tbl	tbl1.pak	0x014A5C83	Legendary Suit (Top)	e67b08e0541a	传说套装(上衣)	accepted	legacy/translations/tbl_overrides.tsv	1898	
tbl	tbl1.pak	0x014A5D4F	Legendary Suit (Pants)	5529cd5c62dd	传说套装(裤子)	accepted	legacy/translations/tbl_overrides.tsv	1899	
tbl	tbl1.pak	0x014A5E1F	Legendary Suit (Shoes)	b19c9d4a1a76	传说套装(鞋子)	accepted	legacy/translations/tbl_overrides.tsv	1900	
tbl	tbl1.pak	0x014B08AD	Warrior Necklace	547e009b1188	那美克战士项链	accepted	legacy/translations/tbl_overrides.tsv	1901	
tbl	tbl1.pak	0x014B0B03	Light Necklace	2a199f9f416c	光项链	accepted	legacy/translations/tbl_overrides.tsv	1902	
tbl	tbl1.pak	0x014B0C77	Combat Necklace	0ea167113bc5	战斗项链	accepted	legacy/translations/tbl_overrides.tsv	1905	
tbl	tbl1.pak	0x014B0F1D	Silver Soul Necklace	180f76c90e7d	银色灵魂项链	accepted	legacy/translations/tbl_overrides.tsv	1908	
tbl	tbl1.pak	0x014B1463	Green Necklace	475803077807	绿色项链	accepted	legacy/translations/tbl_overrides.tsv	1911	
tbl	tbl1.pak	0x014B1591	Dragon Roar Necklace	ddd73c822f98	龙咆哮项链	accepted	legacy/translations/tbl_overrides.tsv	1912	
tbl	tbl1.pak	0x014B16DD	Blue Sky Necklace	faa1d5782fc1	蓝色天空项链	accepted	legacy/translations/tbl_overrides.tsv	1914	
tbl	tbl1.pak	0x014B1809	Double Soul Necklace	da4debdac545	双灵魂项链	accepted	legacy/translations/tbl_overrides.tsv	1915	
tbl	tbl1.pak	0x014B1937	New Necklace 11	20fe4b934777	新项链11	accepted	legacy/translations/tbl_overrides.tsv	1918	
tbl	tbl1.pak	0x014B1D1F	Red Rock Necklace	3d81fb8f269f	红色岩石项链	accepted	legacy/translations/tbl_overrides.tsv	1926	
tbl	tbl1.pak	0x014B2035	Light Ring	dbd4231b0a80	光戒指	accepted	legacy/translations/tbl_overrides.tsv	1928	
tbl	tbl1.pak	0x014B2177	Combat Ring	bca994b9c529	战斗戒指	accepted	legacy/translations/tbl_overrides.tsv	1931	
tbl	tbl1.pak	0x014B23ED	Silver Soul Ring	1bea35aea0a4	银色灵魂戒指	accepted	legacy/translations/tbl_overrides.tsv	1933	
tbl	tbl1.pak	0x014B2453	Meteor Ring	7b2986fc4ed5	流星戒指	accepted	legacy/translations/tbl_overrides.tsv	1934	
tbl	tbl1.pak	0x014B2AD7	Awakening Ring	9cbf6b904e8e	觉醒戒指	accepted	legacy/translations/tbl_overrides.tsv	1943	
tbl	tbl1.pak	0x014B2B4F	Strong Ring	e8899d822b49	强力戒指	accepted	legacy/translations/tbl_overrides.tsv	1944	
tbl	tbl1.pak	0x014B2C5B	Dark Devil Ring	9cd3cf377806	黑暗魔鬼戒指	accepted	legacy/translations/tbl_overrides.tsv	1946	
tbl	tbl1.pak	0x014B2CBF	Warrior Earring	7489c6ad242e	那美克战士耳环	accepted	legacy/translations/tbl_overrides.tsv	1947	
tbl	tbl1.pak	0x014B2F05	Light Earring	e5c6252ea361	光耳环	accepted	legacy/translations/tbl_overrides.tsv	1948	
tbl	tbl1.pak	0x014B306B	Combat Earring	469e74e799a5	战斗耳环	accepted	legacy/translations/tbl_overrides.tsv	1951	
tbl	tbl1.pak	0x014B3305	Silver Soul Earring	659610191cfd	银色灵魂耳环	accepted	legacy/translations/tbl_overrides.tsv	1954	
tbl	tbl1.pak	0x014B3951	Red Ghost Earring	c3747b5c08f7	红色幽灵耳环	accepted	legacy/translations/tbl_overrides.tsv	1959	
tbl	tbl1.pak	0x014B3B99	Red-Purple Earring	41b1851e0c09	红色-紫色耳环	accepted	legacy/translations/tbl_overrides.tsv	1960	
tbl	tbl1.pak	0x014B3C23	Green Ghost Earring	7a14cf52ec97	绿色幽灵耳环	accepted	legacy/translations/tbl_overrides.tsv	1961	
tbl	tbl1.pak	0x014B44E9	Prototype Scouter Chip	3ff61dda69f2	原型探测器芯片	accepted	legacy/translations/tbl_overrides.tsv	1966	
tbl	tbl1.pak	0x014B4F21	Death Axe Transmog	bbc69c21c185	死亡之斧幻化	accepted	legacy/translations/tbl_overrides.tsv	1979	
tbl	tbl1.pak	0x014B4F4B	Two Handed Sword	e73fb132ba27	双手剑	accepted	legacy/translations/tbl_overrides.tsv	1980	
tbl	tbl1.pak	0x014B51A5	Oozaru Coin	36bbcf0040c5	大猿硬币	accepted	legacy/translations/tbl_overrides.tsv	1981	
tbl	tbl1.pak	0x014B51C1	Martial Oozaru	5ebed6bb543c	武道家大猿	accepted	legacy/translations/tbl_overrides.tsv	1982	
tbl	tbl1.pak	0x014B51E3	Spiritualist Oozaru	3d9a2a911e03	气功师大猿	accepted	legacy/translations/tbl_overrides.tsv	1983	
tbl	tbl1.pak	0x014B54F7	Super Saiyan 4 Outfit	93714c517e4a	超级赛亚人4套装	accepted	legacy/translations/tbl_overrides.tsv	1985	
tbl	tbl1.pak	0x014B5527	Super Saiyan 4 Hair	3f2b700082c4	超级赛亚人4发型	accepted	legacy/translations/tbl_overrides.tsv	1986	
tbl	tbl1.pak	0x014B5589	Halloween Box	68d94d8ec03b	万圣节盒	accepted	legacy/translations/tbl_overrides.tsv	1987	
tbl	tbl1.pak	0x014B577D	Martial Golden Oozaru	f7771dceaf34	武道家黄金大猿	accepted	legacy/translations/tbl_overrides.tsv	1989	
tbl	tbl1.pak	0x014B57AD	Spiritualist Golden Oozaru	d8f951c8c82a	气功师黄金大猿	accepted	legacy/translations/tbl_overrides.tsv	1990	
tbl	tbl1.pak	0x014B59A1	EV Capsule Box Z56	a6b9b1d309f8	EV胶囊盒Z56	accepted	legacy/translations/tbl_overrides.tsv	1993	
tbl	tbl1.pak	0x014B6079	Event Sample	689ce5894211	活动样品	accepted	legacy/translations/tbl_overrides.tsv	1998	
tbl	tbl1.pak	0x014B610B	BMO Backpack	2637feaa2ff9	BMO背包	accepted	legacy/translations/tbl_overrides.tsv	1999	
tbl	tbl1.pak	0x014B6435	Battle Z Coin	922e4f8369b6	战斗Z硬币	accepted	legacy/translations/tbl_overrides.tsv	2000	
tbl	tbl1.pak	0x014B656F	Blue Sky Claws	0f20cea6ba00	蓝色天空爪	accepted	legacy/translations/tbl_overrides.tsv	2001	
tbl	tbl1.pak	0x014B66E3	Dark Claws	636f4160fc7c	黑暗爪	accepted	legacy/translations/tbl_overrides.tsv	2002	
tbl	tbl1.pak	0x014B6853	Phoenix Claws	828fac6e47f4	凤凰爪	accepted	legacy/translations/tbl_overrides.tsv	2003	
tbl	tbl1.pak	0x014B69F3	King Claws	86abbd988201	王爪	accepted	legacy/translations/tbl_overrides.tsv	2004	
tbl	tbl1.pak	0x014B6A5F	Ginyu Soul Claws	7116d81045f0	基纽灵魂爪	accepted	legacy/translations/tbl_overrides.tsv	2005	
tbl	tbl1.pak	0x014B6D85	Blue Sky Axe	9e0817605877	蓝色天空斧	accepted	legacy/translations/tbl_overrides.tsv	2006	
tbl	tbl1.pak	0x014B6EED	Dark Axe	13192e481b87	黑暗斧	accepted	legacy/translations/tbl_overrides.tsv	2007	
tbl	tbl1.pak	0x014B704D	Phoenix Axe	e6fa81f7cf9b	凤凰斧	accepted	legacy/translations/tbl_overrides.tsv	2008	
tbl	tbl1.pak	0x014B71E1	King Axe	82f9e582b80e	王斧	accepted	legacy/translations/tbl_overrides.tsv	2009	
tbl	tbl1.pak	0x014B7249	Ginyu Soul Axe	550a5dc52e31	基纽灵魂斧	accepted	legacy/translations/tbl_overrides.tsv	2010	
tbl	tbl1.pak	0x014B7579	Blue Sky Scroll	00b440e2c3f6	蓝色天空卷轴	accepted	legacy/translations/tbl_overrides.tsv	2011	
tbl	tbl1.pak	0x014B786B	Phoenix Scroll	19b65e96b58c	凤凰卷轴	accepted	legacy/translations/tbl_overrides.tsv	2012	
tbl	tbl1.pak	0x014B7A7F	Ginyu Soul Scroll	3b62f92e4a65	基纽灵魂卷轴	accepted	legacy/translations/tbl_overrides.tsv	2014	
tbl	tbl1.pak	0x014B7D99	Blue Sky Gem	6a71d997d04c	蓝色天空宝石	accepted	legacy/translations/tbl_overrides.tsv	2015	
tbl	tbl1.pak	0x014B804D	Phoenix Gem	88a4fc320fd5	凤凰宝石	accepted	legacy/translations/tbl_overrides.tsv	2017	
tbl	tbl1.pak	0x014B81E1	King Gem	ad76fec33ec9	王宝石	accepted	legacy/translations/tbl_overrides.tsv	2018	
tbl	tbl1.pak	0x014B8249	Ginyu Soul Gem	5dd4277c9e99	基纽灵魂宝石	accepted	legacy/translations/tbl_overrides.tsv	2019	
tbl	tbl1.pak	0x014B85B7	Blue Sky Stick	ea2e6b0aad16	蓝色天空棍	accepted	legacy/translations/tbl_overrides.tsv	2020	
tbl	tbl1.pak	0x014B872B	Dark Stick	5712cfe1ce04	黑暗棍	accepted	legacy/translations/tbl_overrides.tsv	2021	
tbl	tbl1.pak	0x014B889B	Phoenix Stick	fd8ce81992d9	凤凰棍	accepted	legacy/translations/tbl_overrides.tsv	2022	
tbl	tbl1.pak	0x014B8A3B	King Stick	6fe66a3398a3	王棍	accepted	legacy/translations/tbl_overrides.tsv	2023	
tbl	tbl1.pak	0x014B8AA7	Ginyu Soul Stick	0a70e7766ece	基纽灵魂棍	accepted	legacy/translations/tbl_overrides.tsv	2024	
tbl	tbl1.pak	0x014B8DE9	Blue Sky Sword	9522f2abecad	蓝色天空剑	accepted	legacy/translations/tbl_overrides.tsv	2025	
tbl	tbl1.pak	0x014B926D	King Sword	6e180960af02	王剑	accepted	legacy/translations/tbl_overrides.tsv	2027	
tbl	tbl1.pak	0x014B92D9	Ginyu Soul Sword	3862c62c44d0	基纽灵魂剑	accepted	legacy/translations/tbl_overrides.tsv	2028	
tbl	tbl1.pak	0x014B9615	Sky Blue Wand	7feecb7e78b9	天空蓝色短杖	accepted	legacy/translations/tbl_overrides.tsv	2029	
tbl	tbl1.pak	0x014B9783	Dark Wand	24dc2b356b77	黑暗短杖	accepted	legacy/translations/tbl_overrides.tsv	2030	
tbl	tbl1.pak	0x014B98EB	Phoenix Wand	014272cf7862	凤凰短杖	accepted	legacy/translations/tbl_overrides.tsv	2031	
tbl	tbl1.pak	0x014B9AEF	Ginyu Soul Wand	9976ab1c2da9	基纽灵魂短杖	accepted	legacy/translations/tbl_overrides.tsv	2033	
tbl	tbl1.pak	0x014B9E19	Blue Sky Fan	aafa8f0589ae	蓝色天空扇	accepted	legacy/translations/tbl_overrides.tsv	2034	
tbl	tbl1.pak	0x014BA2E5	Ginyu Soul Fan	13a13fad3b26	基纽灵魂扇	accepted	legacy/translations/tbl_overrides.tsv	2037	
tbl	tbl1.pak	0x014BA619	Blue Sky Trumpet	97aa754e5717	蓝色天空号角	accepted	legacy/translations/tbl_overrides.tsv	2038	
tbl	tbl1.pak	0x014BA925	Phoenix Trumpet	f007b99fa075	凤凰号角	accepted	legacy/translations/tbl_overrides.tsv	2039	
tbl	tbl1.pak	0x014BAAD1	King Trumpet	63cd800ea406	王号角	accepted	legacy/translations/tbl_overrides.tsv	2040	
tbl	tbl1.pak	0x014BAB41	Ginyu Soul Trumpet	e86df1a0f9a5	基纽灵魂号角	accepted	legacy/translations/tbl_overrides.tsv	2041	
tbl	tbl1.pak	0x014BAE9B	Blue Sky Club	dd456ed2f5aa	蓝色天空棒	accepted	legacy/translations/tbl_overrides.tsv	2042	
tbl	tbl1.pak	0x014BB009	Dark Club	566a4259a580	黑暗棒	accepted	legacy/translations/tbl_overrides.tsv	2043	
tbl	tbl1.pak	0x014BB171	Phoenix Club	a18aea84989e	凤凰棒	accepted	legacy/translations/tbl_overrides.tsv	2044	
tbl	tbl1.pak	0x014BB30B	King Club	663e849126e6	王棒	accepted	legacy/translations/tbl_overrides.tsv	2045	
tbl	tbl1.pak	0x014BB375	Ginyu Soul Club	ac78bd4b35e6	基纽灵魂棒	accepted	legacy/translations/tbl_overrides.tsv	2046	
tbl	tbl1.pak	0x014BB6A5	Blue Sky Drum	330913df8ee8	蓝色天空鼓	accepted	legacy/translations/tbl_overrides.tsv	2047	
tbl	tbl1.pak	0x014BB813	Dark Drum	f0bf885e54a6	黑暗鼓	accepted	legacy/translations/tbl_overrides.tsv	2048	
tbl	tbl1.pak	0x014BBB15	King Drum	764355ce098e	王鼓	accepted	legacy/translations/tbl_overrides.tsv	2050	
tbl	tbl1.pak	0x014BBB7F	Ginyu Soul Drum	aefaa6fcd6c2	基纽灵魂鼓	accepted	legacy/translations/tbl_overrides.tsv	2051	
tbl	tbl1.pak	0x014BBEAF	Blue Sky Mask	a6df62e60e14	蓝色天空面具	accepted	legacy/translations/tbl_overrides.tsv	2052	
tbl	tbl1.pak	0x014BC01D	Dark Mask	017e04edee0e	黑暗面具	accepted	legacy/translations/tbl_overrides.tsv	2053	
tbl	tbl1.pak	0x014BC185	Phoenix Mask	05cdacce872e	凤凰面具	accepted	legacy/translations/tbl_overrides.tsv	2054	
tbl	tbl1.pak	0x014BC389	Ginyu Soul Mask	8b3e99af268a	基纽灵魂面具	accepted	legacy/translations/tbl_overrides.tsv	2056	
tbl	tbl1.pak	0x014F6093	Invincible Battle Gauntlets	0158468eb978	无敌战斗臂甲	accepted	legacy/translations/tbl_overrides.tsv	2057	
tbl	tbl1.pak	0x014F7663	Invincible Battle Staff	e2881c53dce3	无敌战斗杖	accepted	legacy/translations/tbl_overrides.tsv	2060	
tbl	tbl1.pak	0x014F77EB	Intense Fire Staff	919c2f76e26b	浓烈火杖	accepted	legacy/translations/tbl_overrides.tsv	2061	
tbl	tbl1.pak	0x014F7E7D	Big Surprise Battle Staff	7e38cd05655a	大惊喜战斗杖	accepted	legacy/translations/tbl_overrides.tsv	2062	
tbl	tbl1.pak	0x015081F9	JHigh properties manufactured staff,\nonly for the glory of Namek Warriors.	25c7bc467036	JHigh properties manufactured staff,\nonly for the glory of 那美克战士s.	accepted	legacy/translations/tbl_overrides.tsv	2073	
tbl	tbl1.pak	0x01508295	Fire-Water Staff	2309a76c9a3a	火-水杖	accepted	legacy/translations/tbl_overrides.tsv	2074	
tbl	tbl1.pak	0x0150889D	Evil Magic Staff	fcb3624e6deb	邪恶魔法杖	accepted	legacy/translations/tbl_overrides.tsv	2075	
tbl	tbl1.pak	0x01508F35	Dragon Beat Claws R	9687c25f55de	龙节拍爪R	accepted	legacy/translations/tbl_overrides.tsv	2076	
tbl	tbl1.pak	0x01509503	Dragon Fury Axe R	5a944ba6fc66	龙狂怒斧R	accepted	legacy/translations/tbl_overrides.tsv	2077	
tbl	tbl1.pak	0x01509569	Dragon Cut Axe R	00b43c15eb28	龙切割斧R	accepted	legacy/translations/tbl_overrides.tsv	2078	
tbl	tbl1.pak	0x01509AFB	Dragon Law Scroll R	7a59e7de4bae	龙法则卷轴R	accepted	legacy/translations/tbl_overrides.tsv	2079	
tbl	tbl1.pak	0x0150A225	Dragon Crystal Gem R	280ec88e15b7	龙水晶宝石R	accepted	legacy/translations/tbl_overrides.tsv	2082	
tbl	tbl1.pak	0x0150A843	Dragon Force Stick R	e05db26acc48	龙力量棍R	accepted	legacy/translations/tbl_overrides.tsv	2084	
tbl	tbl1.pak	0x0150AFD3	Star Stone Sword	a99da65934c2	星石剑	accepted	legacy/translations/tbl_overrides.tsv	2088	
tbl	tbl1.pak	0x0150B46B	Dragon King Wand R	0373cb8884e4	龙王短杖R	accepted	legacy/translations/tbl_overrides.tsv	2091	
tbl	tbl1.pak	0x0150B651	Magic Law Wand	edc684e8fd6a	魔法法则短杖	accepted	legacy/translations/tbl_overrides.tsv	2093	
tbl	tbl1.pak	0x0150BEC5	Steel Fan	85921f4c4a01	钢扇	accepted	legacy/translations/tbl_overrides.tsv	2097	
tbl	tbl1.pak	0x0150CFBF	Sound Drum R	b08e386ff2f3	声音鼓R	accepted	legacy/translations/tbl_overrides.tsv	2105	
tbl	tbl1.pak	0x0150D537	Tiamat Mask R	2257748cd9c9	提亚马特面具R	accepted	legacy/translations/tbl_overrides.tsv	2108	
tbl	tbl1.pak	0x0150D6FD	Buu Mask	64eb6eaafd36	布欧面具	accepted	legacy/translations/tbl_overrides.tsv	2112	
tbl	tbl1.pak	*	CEach Dragon Clan are waiting for this suit, contain mystery powers.	150086bfaaed	CEach 那美克龙族 are waiting for this suit, contain mystery powers.	accepted	legacy/translations/tbl_overrides.tsv	2113	
tbl	tbl1.pak	0x0152971B	E Red Comet Gauntlets EX	b125ed3b88af	E红色彗星臂甲EX	accepted	legacy/translations/tbl_overrides.tsv	2123	
tbl	tbl1.pak	0x0152CA43	E Practitioner Z Gauntlets EX	d2fcd4ae16f7	E修行者Z臂甲EX	accepted	legacy/translations/tbl_overrides.tsv	2133	
tbl	tbl1.pak	0x0152CB39	E Namek Spirit Gauntlets EX	a5f54feea983	E那美克精神臂甲EX	accepted	legacy/translations/tbl_overrides.tsv	2134	
tbl	tbl1.pak	0x0152DEC7	Earth Magic Staff	7e4ed0041f90	大地魔法杖	accepted	legacy/translations/tbl_overrides.tsv	2137	
tbl	tbl1.pak	0x0152E42B	Capsule Machine 60 EX	05cd0d05c558	机器60EX胶囊	accepted	legacy/translations/tbl_overrides.tsv	2140	
tbl	tbl1.pak	0x0152E463	Capsule Machine 65 EX	56bcc9f50485	机器65EX胶囊	accepted	legacy/translations/tbl_overrides.tsv	2141	
tbl	tbl1.pak	0x0153427D	Chaos Mask	49234547b391	混沌面具	accepted	legacy/translations/tbl_overrides.tsv	2151	
tbl	tbl1.pak	0x01581B85	Every Staff R	dce5a92d8e93	全杖R	accepted	legacy/translations/tbl_overrides.tsv	2175	
tbl	tbl1.pak	0x01582029	Spiritual Cut Claws R	f0d851f71f7b	精神切割爪R	accepted	legacy/translations/tbl_overrides.tsv	2180	
tbl	tbl1.pak	0x015824E5	Ice Axe	d1298f45a767	冰斧	accepted	legacy/translations/tbl_overrides.tsv	2185	
tbl	tbl1.pak	0x01582C3B	Double Stick	17702496fc35	双棍	accepted	legacy/translations/tbl_overrides.tsv	2186	
tbl	tbl1.pak	0x01582DB1	Prototype Injection Sword R	a445377d06c5	原型注射剑R	accepted	legacy/translations/tbl_overrides.tsv	2187	
tbl	tbl1.pak	0x01583787	King of Battle R	ce7265bfe3f2	战斗R的王	accepted	legacy/translations/tbl_overrides.tsv	2191	
tbl	tbl1.pak	0x01590493	Dragon Stick L	707dfe883990	龙棍L	accepted	legacy/translations/tbl_overrides.tsv	2205	
tbl	tbl1.pak	0x01590F89	Dragon Wand L	e90d0665a3b5	龙短杖L	accepted	legacy/translations/tbl_overrides.tsv	2206	
tbl	tbl1.pak	*	Strong Warrior Claws premium recipe	584f6a81bf95	高级强力战士爪配方	accepted	legacy/translations/tbl_overrides.tsv	2209	
tbl	tbl1.pak	0x015B3D1D	Warrior Gloves premium recipe.	3fe642ed7b62	高级那美克战士手套配方	accepted	legacy/translations/tbl_overrides.tsv	2210	
tbl	tbl1.pak	0x015B985B	M Capsule Box	347dbd900083	M胶囊盒	accepted	legacy/translations/tbl_overrides.tsv	2212	
tbl	tbl1.pak	0x015BCC27	Android 19 Set Capsule	f01def57b7a0	人造人19套装胶囊	accepted	legacy/translations/tbl_overrides.tsv	2214	
tbl	tbl1.pak	0x015C72A9	HL Capsule Box Z20 Combo	beaa7e5f10d2	HL胶囊盒Z20连击	accepted	legacy/translations/tbl_overrides.tsv	2217	
tbl	tbl1.pak	0x015C7325	HL Capsule Box Z24 Combo	4fc3af2d2dee	HL胶囊盒Z24连击	accepted	legacy/translations/tbl_overrides.tsv	2218	
tbl	tbl1.pak	0x015C73A1	HL Capsule Box Z28 Combo	7fcbbbd3bb3e	HL胶囊盒Z28连击	accepted	legacy/translations/tbl_overrides.tsv	2219	
tbl	tbl1.pak	0x015C741D	HL Capsule Box Z32 Combo	4100335d9c06	HL胶囊盒Z32连击	accepted	legacy/translations/tbl_overrides.tsv	2220	
tbl	tbl1.pak	*	9Arrogant Rabbit Boss made through the Martial Artist top.	f338298baaf2	9Arrogant Rabbit Boss made through the 武道家 top.	disabled_missing_20260720	legacy/translations/tbl_overrides.tsv	2241	source absent in 2026-07-20 snapshot
tbl	tbl1.pak	*	EV Super Saiyan Potion [Spiritualist]	5dff59137b1c	EV超级赛亚人药水[气功师]	accepted	legacy/translations/tbl_overrides.tsv	2261	
tbl	tbl1.pak	0x015DD355	U38 Upgrade Capsule	a7101711346d	U38升级胶囊	accepted	legacy/translations/tbl_overrides.tsv	2262	
tbl	tbl1.pak	0x015DD3EF	U42 Upgrade Capsule	fb980105feed	U42升级胶囊	accepted	legacy/translations/tbl_overrides.tsv	2263	
tbl	tbl1.pak	0x015DD489	U46 Upgrade Capsule	5c49a5d45401	U46升级胶囊	accepted	legacy/translations/tbl_overrides.tsv	2264	
tbl	tbl1.pak	0x015DD99F	EV Potion Capsule	5489bcad4bfe	EV药水胶囊	accepted	legacy/translations/tbl_overrides.tsv	2269	
tbl	tbl1.pak	*	[Spiritualist] LV UP 30! Cookie	f6be780fa43b	[气功师] LV UP 30! Cookie	accepted	legacy/translations/tbl_overrides.tsv	2274	
tbl	tbl1.pak	*	[Dragon Clan] LV UP 30! Cookie	7027f150617f	[那美克龙族] LV UP 30! Cookie	accepted	legacy/translations/tbl_overrides.tsv	2276	
tbl	tbl1.pak	*	[Wonder Majin] LV UP 30! Cookie	acff62a22b38	[意魔人] LV UP 30! Cookie	accepted	legacy/translations/tbl_overrides.tsv	2278	
tbl	tbl1.pak	0x015EAAF7	Pet Support Capsule	d4d5342ee080	宠物支援胶囊	accepted	legacy/translations/tbl_overrides.tsv	2308	
tbl	tbl1.pak	0x015ED467	CC Engineer Outfit	b6be7a3ecc50	CC工程师套装	accepted	legacy/translations/tbl_overrides.tsv	2318	
tbl	tbl1.pak	*	Mysterious Warrior Mask	3f70fedf81ea	神秘战士面具	accepted	legacy/translations/tbl_overrides.tsv	2322	
tbl	tbl1.pak	0x015F2231	Cuckoo Skin	94095f39ad6b	咕咕鸡皮肤	accepted	legacy/translations/tbl_overrides.tsv	2335	
tbl	tbl1.pak	0x015F2B25	Cuckoo Meat	78a22c4b25c9	咕咕鸡肉	accepted	legacy/translations/tbl_overrides.tsv	2337	
tbl	tbl1.pak	0x015F2C73	Wolf Meat	bdd804310d48	狼肉	accepted	legacy/translations/tbl_overrides.tsv	2338	
tbl	tbl1.pak	0x015F41C3	Mole Cricket Leather	979543ad3edc	鼹鼠蟋蟀皮革	accepted	legacy/translations/tbl_overrides.tsv	2341	
tbl	tbl1.pak	0x015F426F	Kiri Skin	d18fb8ac87dc	基里皮肤	accepted	legacy/translations/tbl_overrides.tsv	2342	
tbl	tbl1.pak	0x015F45C3	Special Steel	d8c585274d50	特殊钢	accepted	legacy/translations/tbl_overrides.tsv	2345	
tbl	tbl1.pak	0x015F587F	Black Mask	f168ea72fd85	黑色面具	accepted	legacy/translations/tbl_overrides.tsv	2347	
tbl	tbl1.pak	0x015F5A55	Alien Skin	878512b3f22e	异星皮肤	accepted	legacy/translations/tbl_overrides.tsv	2348	
tbl	tbl1.pak	0x015F5E35	Space Metal	7f9e85a673f0	空间金属	accepted	legacy/translations/tbl_overrides.tsv	2349	
tbl	tbl1.pak	0x015F69A9	Spirit King Stone	e224f4e114a5	精神王石	accepted	legacy/translations/tbl_overrides.tsv	2350	
tbl	tbl1.pak	0x015F6DA9	Energy Hair	505df780c62a	气功发型	accepted	legacy/translations/tbl_overrides.tsv	2351	
tbl	tbl1.pak	0x015F7179	Magic Skin	a38b112e8795	魔法皮肤	accepted	legacy/translations/tbl_overrides.tsv	2352	
tbl	tbl1.pak	0x015F7527	Frieza Metal	17f2f8a6489d	弗利萨金属	accepted	legacy/translations/tbl_overrides.tsv	2353	
tbl	tbl1.pak	0x015F7BC3	Tiamat Meat	cb74405041e1	提亚马特肉	accepted	legacy/translations/tbl_overrides.tsv	2354	
tbl	tbl1.pak	0x0161F7C1	Rabbit Robot T-002	14537cdd237b	兔子机器人T-002	accepted	legacy/translations/tbl_overrides.tsv	2355	
tbl	tbl1.pak	0x0161F857	Rabbit Robot T-003	3e587bba339f	兔子机器人T-003	accepted	legacy/translations/tbl_overrides.tsv	2356	
tbl	tbl1.pak	0x0161F8ED	Rabbit Robot T-004	34c4c26e1960	兔子机器人T-004	accepted	legacy/translations/tbl_overrides.tsv	2357	
tbl	tbl1.pak	0x0162141F	Broly Pet (Normal)	ab7237c43ab8	布罗利宠物(普通)	accepted	legacy/translations/tbl_overrides.tsv	2364	
tbl	tbl1.pak	0x016214C3	Broly Pet (Super Saiyan)	a01aa35a1ed9	布罗利宠物(超级赛亚人)	accepted	legacy/translations/tbl_overrides.tsv	2365	
tbl	tbl1.pak	0x0162157D	Broly Pet (Legendary Super Saiyan)	98d97c971791	布罗利宠物(传说超级赛亚人)	accepted	legacy/translations/tbl_overrides.tsv	2366	
tbl	tbl1.pak	0x0162161F	Flexarot (Normal)	112e54417ee3	弗莱克萨罗特(普通)	accepted	legacy/translations/tbl_overrides.tsv	2367	
tbl	tbl1.pak	0x0162171D	Flexarot (Super Saiyan)	b14d4d541472	弗莱克萨罗特(超级赛亚人)	accepted	legacy/translations/tbl_overrides.tsv	2368	
tbl	tbl1.pak	0x0162182F	Flexarot (Super Saiyan God)	1e7873a2c127	弗莱克萨罗特(超级赛亚人之神)	accepted	legacy/translations/tbl_overrides.tsv	2369	
tbl	tbl1.pak	0x01621905	Flexarot (Super Saiyan God Blue)	b96684f67351	弗莱克萨罗特(超级赛亚人之神蓝色)	accepted	legacy/translations/tbl_overrides.tsv	2370	
tbl	tbl1.pak	0x01621B6B	Ultimate Gohan LV4	c2f522e68956	终极孙悟饭Lv4	accepted	legacy/translations/tbl_overrides.tsv	2373	
tbl	tbl1.pak	0x0162548B	Material Arts Capsule Lv2	0d5f5b6d19b0	材料武道胶囊Lv2	accepted	legacy/translations/tbl_overrides.tsv	2377	
tbl	tbl1.pak	0x01625529	Material Arts Capsule Lv3	5dbac061e95f	材料武道胶囊Lv3	accepted	legacy/translations/tbl_overrides.tsv	2378	
tbl	tbl1.pak	0x016255C7	Material Arts Capsule Lv4	9121f4caf22a	材料武道胶囊Lv4	accepted	legacy/translations/tbl_overrides.tsv	2379	
tbl	tbl1.pak	0x01625665	Material Arts Capsule Lv5	79b889c5a5cc	材料武道胶囊Lv5	accepted	legacy/translations/tbl_overrides.tsv	2380	
tbl	tbl1.pak	0x01625703	Material Arts Capsule Lv6	cc942876de6e	材料武道胶囊Lv6	accepted	legacy/translations/tbl_overrides.tsv	2381	
tbl	tbl1.pak	0x016257A1	Material Arts Capsule Lv7	b85472129183	材料武道胶囊Lv7	accepted	legacy/translations/tbl_overrides.tsv	2382	
tbl	tbl1.pak	0x0162583F	Material Arts Capsule Lv8	83add5578d50	材料武道胶囊Lv8	accepted	legacy/translations/tbl_overrides.tsv	2383	
tbl	tbl1.pak	0x016258DD	Material Arts Capsule Lv9	f02cfad5adfa	材料武道胶囊Lv9	accepted	legacy/translations/tbl_overrides.tsv	2384	
tbl	tbl1.pak	0x0162597B	Material Arts Capsule Lv10	94c89b676fcb	材料武道胶囊Lv10	accepted	legacy/translations/tbl_overrides.tsv	2385	
tbl	tbl1.pak	0x016260C7	Warrior Capsule Lv2	b592a59f2300	那美克战士胶囊Lv2	accepted	legacy/translations/tbl_overrides.tsv	2387	
tbl	tbl1.pak	0x01626159	Warrior Capsule Lv3	343e3060ee27	那美克战士胶囊Lv3	accepted	legacy/translations/tbl_overrides.tsv	2388	
tbl	tbl1.pak	0x016261EB	Warrior Capsule Lv4	b8e0ca49c39a	那美克战士胶囊Lv4	accepted	legacy/translations/tbl_overrides.tsv	2389	
tbl	tbl1.pak	0x0162627D	Warrior Capsule Lv5	3d8166e15356	那美克战士胶囊Lv5	accepted	legacy/translations/tbl_overrides.tsv	2390	
tbl	tbl1.pak	0x0162630F	Warrior Capsule Lv6	aef76d503bb8	那美克战士胶囊Lv6	accepted	legacy/translations/tbl_overrides.tsv	2391	
tbl	tbl1.pak	0x016263A1	Warrior Capsule Lv7	6b171862bc08	那美克战士胶囊Lv7	accepted	legacy/translations/tbl_overrides.tsv	2392	
tbl	tbl1.pak	0x01626433	Warrior Capsule Lv8	292ae617944c	那美克战士胶囊Lv8	accepted	legacy/translations/tbl_overrides.tsv	2393	
tbl	tbl1.pak	0x016264C5	Warrior Capsule Lv9	2f7d2ee65e01	那美克战士胶囊Lv9	accepted	legacy/translations/tbl_overrides.tsv	2394	
tbl	tbl1.pak	0x01626557	Warrior Capsule Lv10	5da9530570cf	那美克战士胶囊Lv10	accepted	legacy/translations/tbl_overrides.tsv	2395	
tbl	tbl1.pak	0x01626C77	Might Majin Capsule Lv2	618ea9005bfe	大魔人胶囊Lv2	accepted	legacy/translations/tbl_overrides.tsv	2397	
tbl	tbl1.pak	0x01626D11	Might Majin Capsule Lv3	ffa87e304da1	大魔人胶囊Lv3	accepted	legacy/translations/tbl_overrides.tsv	2398	
tbl	tbl1.pak	0x01626DAB	Might Majin Capsule Lv4	bcc56b95dd61	大魔人胶囊Lv4	accepted	legacy/translations/tbl_overrides.tsv	2399	
tbl	tbl1.pak	0x01626E45	Might Majin Capsule Lv5	4bd72e56cc37	大魔人胶囊Lv5	accepted	legacy/translations/tbl_overrides.tsv	2400	
tbl	tbl1.pak	0x01626EDF	Might Majin Capsule Lv6	3af0ecc07bf0	大魔人胶囊Lv6	accepted	legacy/translations/tbl_overrides.tsv	2401	
tbl	tbl1.pak	0x01626F79	Might Majin Capsule Lv7	73cb48770ec3	大魔人胶囊Lv7	accepted	legacy/translations/tbl_overrides.tsv	2402	
tbl	tbl1.pak	0x01627013	Might Majin Capsule Lv8	d961f4e30230	大魔人胶囊Lv8	accepted	legacy/translations/tbl_overrides.tsv	2403	
tbl	tbl1.pak	0x016270AD	Might Majin Capsule Lv9	b03c774a3796	大魔人胶囊Lv9	accepted	legacy/translations/tbl_overrides.tsv	2404	
tbl	tbl1.pak	0x01627147	Might Majin Capsule Lv10	44bd802bcdae	大魔人胶囊Lv10	accepted	legacy/translations/tbl_overrides.tsv	2405	
tbl	tbl1.pak	0x0162727F	Wonder Majin Capsule Lv2	1297e60bd5bf	意魔人胶囊Lv2	accepted	legacy/translations/tbl_overrides.tsv	2407	
tbl	tbl1.pak	0x0162731B	Wonder Majin Capsule Lv3	08a9fdadd41a	意魔人胶囊Lv3	accepted	legacy/translations/tbl_overrides.tsv	2408	
tbl	tbl1.pak	0x016273B7	Wonder Majin Capsule Lv4	421fb9bd6f2c	意魔人胶囊Lv4	accepted	legacy/translations/tbl_overrides.tsv	2409	
tbl	tbl1.pak	0x01627453	Wonder Majin Capsule Lv5	08b2073f4fe1	意魔人胶囊Lv5	accepted	legacy/translations/tbl_overrides.tsv	2410	
tbl	tbl1.pak	0x016274EF	Wonder Majin Capsule Lv6	cd0deab8a6d5	意魔人胶囊Lv6	accepted	legacy/translations/tbl_overrides.tsv	2411	
tbl	tbl1.pak	0x0162758B	Wonder Majin Capsule Lv7	e454999634c3	意魔人胶囊Lv7	accepted	legacy/translations/tbl_overrides.tsv	2412	
tbl	tbl1.pak	0x01627627	Wonder Majin Capsule Lv8	f0068421426e	意魔人胶囊Lv8	accepted	legacy/translations/tbl_overrides.tsv	2413	
tbl	tbl1.pak	0x016276C3	Wonder Majin Capsule Lv9	f350a4ffbfee	意魔人胶囊Lv9	accepted	legacy/translations/tbl_overrides.tsv	2414	
tbl	tbl1.pak	0x0162775F	Wonder Majin Capsule Lv10	b954fcdbe83a	意魔人胶囊Lv10	accepted	legacy/translations/tbl_overrides.tsv	2415	
tbl	tbl1.pak	0x016289A1	Special Weapon Material Box	64cc2d9e4378	特殊武器材料盒	accepted	legacy/translations/tbl_overrides.tsv	2416	
tbl	tbl1.pak	0x01643CE9	Blazing Thunder Drum (Plasma Majin)	dff730742f0f	炽热雷霆鼓(等离子魔人)	accepted	legacy/translations/tbl_overrides.tsv	2437	
tbl	tbl1.pak	0x01646983	LP Awakening Lv2	6d151fb44cd7	LP觉醒Lv2	accepted	legacy/translations/tbl_overrides.tsv	2440	
tbl	tbl1.pak	0x016469F5	EP Awakening Lv2	b116222d5ec9	EP觉醒Lv2	accepted	legacy/translations/tbl_overrides.tsv	2441	
tbl	tbl1.pak	0x01646A69	LP Awakening Lv3	165ccc6002b0	LP觉醒Lv3	accepted	legacy/translations/tbl_overrides.tsv	2442	
tbl	tbl1.pak	0x01646ADB	EP Awakening Lv3	5907ea1a0828	EP觉醒Lv3	accepted	legacy/translations/tbl_overrides.tsv	2443	
tbl	tbl1.pak	0x01646B4F	LP Awakening Lv4	a68bf9395b03	LP觉醒Lv4	accepted	legacy/translations/tbl_overrides.tsv	2444	
tbl	tbl1.pak	0x01646BC1	EP Awakening Lv4	d582fbbb36e7	EP觉醒Lv4	accepted	legacy/translations/tbl_overrides.tsv	2445	
tbl	tbl1.pak	0x01646C35	LP Awakening Lv5	95dc04b89558	LP觉醒Lv5	accepted	legacy/translations/tbl_overrides.tsv	2446	
tbl	tbl1.pak	0x01646CA7	EP Awakening Lv5	0dc3a8ac0e2e	EP觉醒Lv5	accepted	legacy/translations/tbl_overrides.tsv	2447	
tbl	tbl1.pak	0x01646D1B	LP Awakening Lv6	cb0e8006daef	LP觉醒Lv6	accepted	legacy/translations/tbl_overrides.tsv	2448	
tbl	tbl1.pak	0x01646D8D	EP Awakening Lv6	71bb967bcbc4	EP觉醒Lv6	accepted	legacy/translations/tbl_overrides.tsv	2449	
tbl	tbl1.pak	0x01646E01	LP Awakening Lv7	83ec8b324839	LP觉醒Lv7	accepted	legacy/translations/tbl_overrides.tsv	2450	
tbl	tbl1.pak	0x01646E73	EP Awakening Lv7	4b632e17df14	EP觉醒Lv7	accepted	legacy/translations/tbl_overrides.tsv	2451	
tbl	tbl1.pak	0x01646EE7	LP Awakening Lv8	134b22ac4226	LP觉醒Lv8	accepted	legacy/translations/tbl_overrides.tsv	2452	
tbl	tbl1.pak	0x01646F59	EP Awakening Lv8	8d7aadca7b71	EP觉醒Lv8	accepted	legacy/translations/tbl_overrides.tsv	2453	
tbl	tbl1.pak	0x01646FCD	LP Awakening Lv9	fcd87767502e	LP觉醒Lv9	accepted	legacy/translations/tbl_overrides.tsv	2454	
tbl	tbl1.pak	0x0164703F	EP Awakening Lv9	e0d2f95a7da2	EP觉醒Lv9	accepted	legacy/translations/tbl_overrides.tsv	2455	
tbl	tbl1.pak	0x016470B3	LP Awakening Lv10	1f9809a3fbae	LP觉醒Lv10	accepted	legacy/translations/tbl_overrides.tsv	2456	
tbl	tbl1.pak	0x01647127	EP Awakening Lv10	76cbaf08b469	EP觉醒Lv10	accepted	legacy/translations/tbl_overrides.tsv	2457	
tbl	tbl1.pak	0x016472C5	CC Battle Coin	12f155c3f021	CC战斗硬币	accepted	legacy/translations/tbl_overrides.tsv	2458	
tbl	tbl1.pak	0x01647ABD	CC Blessed Blue Ruby	40f11707a161	CC祝福蓝色红宝石	accepted	legacy/translations/tbl_overrides.tsv	2461	
tbl	tbl1.pak	0x016548D1	Dragon Scroll Transmog	9795737d2ca5	龙卷轴幻化	accepted	legacy/translations/tbl_overrides.tsv	2464	
tbl	tbl1.pak	0x0165499D	Android 21 Hair	360ea199c64c	人造人21发型	accepted	legacy/translations/tbl_overrides.tsv	2465	
tbl	tbl1.pak	0x01654F75	Popo Gem Transmog (Poko)	64acad05b318	波波宝石幻化(波可)	accepted	legacy/translations/tbl_overrides.tsv	2466	
tbl	tbl1.pak	0x01655067	Magic Stick Transmog (Fighter)	8c4ad64a5112	魔法棍幻化(战士)	accepted	legacy/translations/tbl_overrides.tsv	2467	
tbl	tbl1.pak	0x016550A9	Trunks Sword Transmog (Sword)	73e4508d1342	特兰克斯剑幻化(剑)	accepted	legacy/translations/tbl_overrides.tsv	2468	
tbl	tbl1.pak	0x016551A9	Popo Drum Transmog (Plasma)	26a2feb40d46	波波鼓幻化(等离子)	accepted	legacy/translations/tbl_overrides.tsv	2469	
tbl	tbl1.pak	0x01655431	Martial Super Saiyan 3	a2c4026447d7	武道家超级赛亚人3	accepted	legacy/translations/tbl_overrides.tsv	2474	
tbl	tbl1.pak	0x01655463	Spiritualist Super Saiyan 3	bbfbbf55ef55	气功师超级赛亚人3	accepted	legacy/translations/tbl_overrides.tsv	2475	
tbl	tbl1.pak	0x0165549F	Might Bootenks	4e671cabacbf	大魔人布欧悟天克斯	accepted	legacy/translations/tbl_overrides.tsv	2476	
tbl	tbl1.pak	0x016554C1	Wonder Bootenks	f0aa4eb70d82	意魔人布欧悟天克斯	accepted	legacy/translations/tbl_overrides.tsv	2477	
tbl	tbl1.pak	0x016554E5	Warrior Dark Namek	a622b54427f0	那美克战士黑暗那美克	accepted	legacy/translations/tbl_overrides.tsv	2478	
tbl	tbl1.pak	0x0165550F	Dragon Dark Namek	30a5d17ecaad	龙黑暗那美克	accepted	legacy/translations/tbl_overrides.tsv	2479	
tbl	tbl1.pak	0x01655537	Martial Legendary Super Saiyan	7c455ac524e4	武道家传说超级赛亚人	accepted	legacy/translations/tbl_overrides.tsv	2480	
tbl	tbl1.pak	0x01655579	Spiritualist Legendary Super Saiyan	e42f31445cb2	气功师传说超级赛亚人	accepted	legacy/translations/tbl_overrides.tsv	2481	
tbl	tbl1.pak	0x01655A11	Special Parts 01	e1f1c8fdfc22	特殊零件01	accepted	legacy/translations/tbl_overrides.tsv	2489	
tbl	tbl1.pak	0x01655ABD	Legendary Gem 01	0b63660890bf	传说宝石01	accepted	legacy/translations/tbl_overrides.tsv	2490	
tbl	tbl1.pak	0x01656EE1	EV Detoxification Pill S	d6302e966eab	EV解毒药丸S	accepted	legacy/translations/tbl_overrides.tsv	2495	
tbl	tbl1.pak	0x01656F5D	EV Pain Treatment Pill S	63a6ac767877	EV疼痛治疗药丸S	accepted	legacy/translations/tbl_overrides.tsv	2496	
tbl	tbl1.pak	0x016585B1	[VIP] Spiritualist Integrated Package	d3804d951e74	[VIP] 气功师 Integrated Package	accepted	legacy/translations/tbl_overrides.tsv	2497	
tbl	tbl1.pak	0x01658667	[VIP] Dragon Clan Integrated Package	106350e7079b	[VIP] 那美克龙族 Integrated Package	accepted	legacy/translations/tbl_overrides.tsv	2498	
tbl	tbl1.pak	0x01658725	[VIP] Wonder Majin Integrated Package	4b135325e201	[VIP] 意魔人 Integrated Package	accepted	legacy/translations/tbl_overrides.tsv	2499	
tbl	tbl1.pak	0x016587E3	[CBT] Spiritualist Integrated Package	2162f25c1b33	[CBT] 气功师 Integrated Package	accepted	legacy/translations/tbl_overrides.tsv	2500	
tbl	tbl1.pak	0x01658899	[CBT] Dragon Clan Integrated Package	9f6456266109	[CBT] 那美克龙族 Integrated Package	accepted	legacy/translations/tbl_overrides.tsv	2501	
tbl	tbl1.pak	0x01658957	[CBT] Wonder Majin Integrated Package	9eb0e42b12b5	[CBT] 意魔人 Integrated Package	accepted	legacy/translations/tbl_overrides.tsv	2502	
tbl	tbl1.pak	0x01662E47	EV Super Saiyan Potion [Martial Artist]	8dc2c5d7c8a7	EV超级赛亚人药水[武道家]	accepted	legacy/translations/tbl_overrides.tsv	2506	
tbl	tbl1.pak	0x0166522B	3The acquisition of skills!\nPower UP (Spiritualist)	a55d69987ff1	3The acquisition of skills!\nPower UP (气功师)	disabled_missing_20260720	legacy/translations/tbl_overrides.tsv	2508	source absent in 2026-07-20 snapshot
tbl	tbl1.pak	0x016652D7	The acquisition of skills!\nPower UP (Warrior)	3125f729bf6e	The acquisition of skills!\nPower UP (那美克战士)	accepted	legacy/translations/tbl_overrides.tsv	2509	
tbl	tbl1.pak	0x01665375	2The acquisition of skills!\nPower UP (Dragon Clan)	29572b268dc3	2The acquisition of skills!\nPower UP (那美克龙族)	disabled_missing_20260720	legacy/translations/tbl_overrides.tsv	2510	source absent in 2026-07-20 snapshot
tbl	tbl1.pak	0x016654C7	3The acquisition of skills!\nPower UP (Wonder Majin)	31f73f7c2ca0	3The acquisition of skills!\nPower UP (意魔人)	disabled_missing_20260720	legacy/translations/tbl_overrides.tsv	2511	source absent in 2026-07-20 snapshot
tbl	tbl1.pak	0x01665641	0The acquisition of skills!\nGuard (Spiritualist)	64df70c606bd	0The acquisition of skills!\nGuard (气功师)	disabled_missing_20260720	legacy/translations/tbl_overrides.tsv	2512	source absent in 2026-07-20 snapshot
tbl	tbl1.pak	0x01665715	The acquisition of skills!\nGuard (Warrior)	bee1d3c8720c	The acquisition of skills!\nGuard (那美克战士)	accepted	legacy/translations/tbl_overrides.tsv	2513	
tbl	tbl1.pak	0x016657DD	The acquisition of skills!\nGuard (Dragon Clan)	0f5b4527a8c2	The acquisition of skills!\nGuard (那美克龙族)	accepted	legacy/translations/tbl_overrides.tsv	2514	
tbl	tbl1.pak	0x0166597D	0The acquisition of skills!\nGuard (Wonder Majin)	0812ba5ae013	0The acquisition of skills!\nGuard (意魔人)	disabled_missing_20260720	legacy/translations/tbl_overrides.tsv	2515	source absent in 2026-07-20 snapshot
tbl	tbl1.pak	0x01665BEB	The acquisition of skills!\nDash (Warrior)	7386e34ee2cc	The acquisition of skills!\nDash (那美克战士)	accepted	legacy/translations/tbl_overrides.tsv	2516	
tbl	tbl1.pak	0x01665CAF	The acquisition of skills!\nDash (Dragon Clan)	761bf9c6d2ce	The acquisition of skills!\nDash (那美克龙族)	accepted	legacy/translations/tbl_overrides.tsv	2517	
tbl	tbl1.pak	0x01665E49	The acquisition of skills!\nDash (Wonder Majin)	46d4c6f39fb7	The acquisition of skills!\nDash (意魔人)	accepted	legacy/translations/tbl_overrides.tsv	2518	
tbl	tbl1.pak	0x016660FF	4The acquisition of skills!\nCounter Attack (Warrior)	ff628eef5096	4The acquisition of skills!\nCounter Attack (那美克战士)	disabled_missing_20260720	legacy/translations/tbl_overrides.tsv	2519	source absent in 2026-07-20 snapshot
tbl	tbl1.pak	0x016661EB	8The acquisition of skills!\nCounter Attack (Dragon Clan)	8b1e66a24bd5	8The acquisition of skills!\nCounter Attack (那美克龙族)	disabled_missing_20260720	legacy/translations/tbl_overrides.tsv	2520	source absent in 2026-07-20 snapshot
tbl	tbl1.pak	0x016663D5	9The acquisition of skills!\nCounter Attack (Wonder Majin)	2470810ed3dd	9The acquisition of skills!\nCounter Attack (意魔人)	disabled_missing_20260720	legacy/translations/tbl_overrides.tsv	2521	source absent in 2026-07-20 snapshot
tbl	tbl1.pak	0x0166833F	EV White Stone U60	e698e24e9b09	EV白色石U60	accepted	legacy/translations/tbl_overrides.tsv	2526	
tbl	tbl1.pak	0x0166A107	Popo Ring Lv70	47047eab6614	波波戒指Lv70	accepted	legacy/translations/tbl_overrides.tsv	2527	
tbl	tbl1.pak	0x0166B891	White Stone U75	5bc33341e714	白色石U75	accepted	legacy/translations/tbl_overrides.tsv	2528	
tbl	tbl1.pak	0x0166B8DF	EV Legendary Dogi Ball	8b8846319e7a	EV传说时装球	accepted	legacy/translations/tbl_overrides.tsv	2529	
tbl	tbl1.pak	0x0166C131	EV Super Magic Pill 30	d13a016c7562	EV超级魔法药丸30	accepted	legacy/translations/tbl_overrides.tsv	2530	
tbl	tbl1.pak	0x0166C1A3	EV Super Life Pill 30	73fc8710342b	EV超级生命药丸30	accepted	legacy/translations/tbl_overrides.tsv	2531	
tbl	tbl1.pak	0x0166C645	EV White Stone U70	8f8d3914d9f2	EV白色石U70	accepted	legacy/translations/tbl_overrides.tsv	2532	
tbl	tbl1.pak	0x01670131	[VIP] Spiritualist Capsule Box	ec07c3ea36eb	[VIP] 气功师 Capsule Box	accepted	legacy/translations/tbl_overrides.tsv	2533	
tbl	tbl1.pak	*	Spiritualist Equipment Capsule	59b600e63a4f	气功师 Equipment Capsule	accepted	legacy/translations/tbl_overrides.tsv	2534	
tbl	tbl1.pak	0x016704B9	[VIP] Dragon Clan Capsule Box	d1c8ba115f43	[VIP] 那美克龙族 Capsule Box	accepted	legacy/translations/tbl_overrides.tsv	2535	
tbl	tbl1.pak	*	Dragon Clan Equipment Capsule	899780cfc0fc	那美克龙族 Equipment Capsule	accepted	legacy/translations/tbl_overrides.tsv	2536	
tbl	tbl1.pak	0x01670861	[VIP] Wonder Majin Capsule Box	d30ff784e220	[VIP] 意魔人 Capsule Box	accepted	legacy/translations/tbl_overrides.tsv	2537	
tbl	tbl1.pak	*	Wonder Majin Equipment Capsule	8cb773efdea2	意魔人 Equipment Capsule	accepted	legacy/translations/tbl_overrides.tsv	2538	
tbl	tbl1.pak	0x01670C19	[CBT] Spiritualist Capsule Box	171ff8711252	[CBT] 气功师 Capsule Box	accepted	legacy/translations/tbl_overrides.tsv	2539	
tbl	tbl1.pak	0x01670FA1	[CBT] Dragon Clan Capsule Box	7d156013a375	[CBT] 那美克龙族 Capsule Box	accepted	legacy/translations/tbl_overrides.tsv	2541	
tbl	tbl1.pak	0x01671347	[CBT] Wonder Majin Capsule Box	96aad44b540e	[CBT] 意魔人 Capsule Box	accepted	legacy/translations/tbl_overrides.tsv	2543	
tbl	tbl1.pak	0x0167151F	Martial Artist Skills Capsule	b7ef54e30443	武道家 Skills Capsule	accepted	legacy/translations/tbl_overrides.tsv	2545	
tbl	tbl1.pak	0x016715EF	Spiritualist Skills Capsule	7ca542641a9d	气功师 Skills Capsule	accepted	legacy/translations/tbl_overrides.tsv	2546	
tbl	tbl1.pak	0x0167177D	Dragon Clan Skills Capsule	79a00a0570e5	那美克龙族 Skills Capsule	accepted	legacy/translations/tbl_overrides.tsv	2547	
tbl	tbl1.pak	0x01671913	Wonder Majin Skills Capsule	46557faaf940	意魔人 Skills Capsule	accepted	legacy/translations/tbl_overrides.tsv	2548	
tbl	tbl1.pak	0x01672F15	Namekian Gift Box Lv7	92919ff9b418	那美克星人礼物盒Lv7	accepted	legacy/translations/tbl_overrides.tsv	2550	
tbl	tbl1.pak	0x01672FD9	Namekian Gift Box Lv12	257c772e90fa	那美克星人礼物盒Lv12	accepted	legacy/translations/tbl_overrides.tsv	2551	
tbl	tbl1.pak	0x0167309F	Namekian Gift Box Lv15	b5511ae29e07	那美克星人礼物盒Lv15	accepted	legacy/translations/tbl_overrides.tsv	2552	
tbl	tbl1.pak	0x01673165	Namekian Gift Box Lv18	82069ebc6ae7	那美克星人礼物盒Lv18	accepted	legacy/translations/tbl_overrides.tsv	2553	
tbl	tbl1.pak	0x0167322B	Namekian Gift Box Lv21	ef4ce84d65ac	那美克星人礼物盒Lv21	accepted	legacy/translations/tbl_overrides.tsv	2554	
tbl	tbl1.pak	0x016732F1	Namekian Gift Box Lv23	3ed20569a9ca	那美克星人礼物盒Lv23	accepted	legacy/translations/tbl_overrides.tsv	2555	
tbl	tbl1.pak	0x016733B7	Namekian Gift Box Lv25	686e8cfc5f9b	那美克星人礼物盒Lv25	accepted	legacy/translations/tbl_overrides.tsv	2556	
tbl	tbl1.pak	0x0167347D	Namekian Gift Box Lv27	a1525c1dca30	那美克星人礼物盒Lv27	accepted	legacy/translations/tbl_overrides.tsv	2557	
tbl	tbl1.pak	0x01673543	Namekian Gift Box Lv30	4ebaec1e4206	那美克星人礼物盒Lv30	accepted	legacy/translations/tbl_overrides.tsv	2558	
tbl	tbl1.pak	0x016748E1	U30 Upgrade Stone Capsule	aeda173bcd6a	U30升级石胶囊	accepted	legacy/translations/tbl_overrides.tsv	2559	
tbl	tbl1.pak	0x0167613B	Key Capsule (Gold)	4ead525c6828	钥匙胶囊(黄金)	accepted	legacy/translations/tbl_overrides.tsv	2562	
tbl	tbl1.pak	0x0167C3A9	[Spiritualist] Skill Set	8d5c0098dfcc	[气功师] Skill Set	accepted	legacy/translations/tbl_overrides.tsv	2566	
tbl	tbl1.pak	0x0167C4FF	[Dragon Clan] Skill Set	c655e21f5f88	[那美克龙族] Skill Set	accepted	legacy/translations/tbl_overrides.tsv	2567	
tbl	tbl1.pak	0x0167C65D	[Wonder Majin] Skill Set	554ff2627dc3	[意魔人] Skill Set	accepted	legacy/translations/tbl_overrides.tsv	2568	
tbl	tbl1.pak	0x0167C77D	[Spiritualist] Item Set	8ea87767bc3c	[气功师] Item Set	accepted	legacy/translations/tbl_overrides.tsv	2569	
tbl	tbl1.pak	0x0167C857	[Dragon Clan] Item Set	8705f42912a6	[那美克龙族] Item Set	accepted	legacy/translations/tbl_overrides.tsv	2570	
tbl	tbl1.pak	0x0167C939	[Wonder Majin] Item Set	cd7f414e2dd8	[意魔人] Item Set	accepted	legacy/translations/tbl_overrides.tsv	2571	
tbl	tbl1.pak	0x0167CF0B	Popo Gift Box LV8	35d28c010936	波波礼物盒Lv8	accepted	legacy/translations/tbl_overrides.tsv	2574	
tbl	tbl1.pak	0x0167D03B	Popo Gift Box LV11	85ae274469e0	波波礼物盒Lv11	accepted	legacy/translations/tbl_overrides.tsv	2575	
tbl	tbl1.pak	0x0167D16D	Popo Gift Box LV13	5f2b7c98623a	波波礼物盒Lv13	accepted	legacy/translations/tbl_overrides.tsv	2576	
tbl	tbl1.pak	0x0167D29F	Popo Gift Box LV16	70849039b2b7	波波礼物盒Lv16	accepted	legacy/translations/tbl_overrides.tsv	2577	
tbl	tbl1.pak	0x0167D3D1	Popo Gift Box LV21	76215a45a327	波波礼物盒Lv21	accepted	legacy/translations/tbl_overrides.tsv	2578	
tbl	tbl1.pak	0x0167D503	Popo Gift Box LV26	2ee5ea4e3eaf	波波礼物盒Lv26	accepted	legacy/translations/tbl_overrides.tsv	2579	
tbl	tbl1.pak	0x0167D635	Popo Gift Box LV30	8366f11ae3d8	波波礼物盒Lv30	accepted	legacy/translations/tbl_overrides.tsv	2580	
tbl	tbl1.pak	0x0167D767	Popo Gift Box LV34	9316726c6a1b	波波礼物盒Lv34	accepted	legacy/translations/tbl_overrides.tsv	2581	
tbl	tbl1.pak	0x0167D899	Popo Gift Box LV38	4955b646f70c	波波礼物盒Lv38	accepted	legacy/translations/tbl_overrides.tsv	2582	
tbl	tbl1.pak	0x0167D9CB	Popo Gift Box LV42	a9ca65d5ed05	波波礼物盒Lv42	accepted	legacy/translations/tbl_overrides.tsv	2583	
tbl	tbl1.pak	0x0167E2D7	Popo Gift Box LV10	046242892c53	波波礼物盒Lv10	accepted	legacy/translations/tbl_overrides.tsv	2585	
tbl	tbl1.pak	0x0167E409	Popo Gift Box LV17	c60d2940cd56	波波礼物盒Lv17	accepted	legacy/translations/tbl_overrides.tsv	2586	
tbl	tbl1.pak	0x0167E53B	Popo Gift Box LV22	a8218686a666	波波礼物盒Lv22	accepted	legacy/translations/tbl_overrides.tsv	2587	
tbl	tbl1.pak	0x0167E66D	Popo Gift Box LV27	55b1792d29fb	波波礼物盒Lv27	accepted	legacy/translations/tbl_overrides.tsv	2588	
tbl	tbl1.pak	0x0167E79F	Popo Gift Box LV44	2cd134145ef0	波波礼物盒Lv44	accepted	legacy/translations/tbl_overrides.tsv	2589	
tbl	tbl1.pak	0x0167E8D1	Popo Gift Box LV45	80670dda2224	波波礼物盒Lv45	accepted	legacy/translations/tbl_overrides.tsv	2590	
tbl	tbl1.pak	0x0167EA03	Popo Gift Box LV50	12caec93a9e7	波波礼物盒Lv50	accepted	legacy/translations/tbl_overrides.tsv	2591	
tbl	tbl1.pak	0x0167EB35	Popo Gift Box LV55	def9d09855f6	波波礼物盒Lv55	accepted	legacy/translations/tbl_overrides.tsv	2592	
tbl	tbl1.pak	0x0167EC67	Popo Gift Box LV60	cefc9712d4a8	波波礼物盒Lv60	accepted	legacy/translations/tbl_overrides.tsv	2593	
tbl	tbl1.pak	0x0167ED99	Popo Gift Box LV61	aefb6078c1ae	波波礼物盒Lv61	accepted	legacy/translations/tbl_overrides.tsv	2594	
tbl	tbl1.pak	0x0167EECB	Popo Gift Box LV65	977a25523857	波波礼物盒Lv65	accepted	legacy/translations/tbl_overrides.tsv	2595	
tbl	tbl1.pak	0x0167EFFD	Popo Gift Box LV70	c17c918ab049	波波礼物盒Lv70	accepted	legacy/translations/tbl_overrides.tsv	2596	
tbl	tbl1.pak	0x01681CF7	Krillin Costume Capsule	6d9ae240b95c	克林服装胶囊	accepted	legacy/translations/tbl_overrides.tsv	2597	
tbl	tbl1.pak	0x01681E35	EV Power Potion Treasure Chest	f8e1cbe75cab	EV力量药水宝箱	accepted	legacy/translations/tbl_overrides.tsv	2598	
tbl	tbl1.pak	0x016856A3	Popo Chest Coupon	949c4c0a8feb	波波胸甲券	accepted	legacy/translations/tbl_overrides.tsv	2608	
tbl	tbl1.pak	0x016868DF	Advanced Weapon Upgrade Stone U80	45ae70ab7990	高级武器升级石U80	accepted	legacy/translations/tbl_overrides.tsv	2610	
tbl	tbl1.pak	0x01686B33	White Stone U80	0f30898ed736	白色石U80	accepted	legacy/translations/tbl_overrides.tsv	2611	
tbl	tbl1.pak	0x0168806B	Android 18 Set 1	daf24af966a6	人造人18套装1	accepted	legacy/translations/tbl_overrides.tsv	2612	
tbl	tbl1.pak	0x0168810D	Android 18 Set 2	f8be3bee2f9c	人造人18套装2	accepted	legacy/translations/tbl_overrides.tsv	2613	
tbl	tbl1.pak	0x016881AF	Android 18 Set 3	adfe1e9bad80	人造人18套装3	accepted	legacy/translations/tbl_overrides.tsv	2614	
tbl	tbl1.pak	*	QArrogant Rabbit Boss clothing made\nthrough the Martial Artist clothing material.	807e4fa401d4	QArrogant Rabbit Boss clothing made\nthrough the 武道家 clothing material.	disabled_missing_20260720	legacy/translations/tbl_overrides.tsv	2615	source absent in 2026-07-20 snapshot
tbl	tbl1.pak	0x0168DE19	Ancient Dragon Ball Outfit A	7fee21688360	古代龙珠套装A	accepted	legacy/translations/tbl_overrides.tsv	2618	
tbl	tbl1.pak	0x0168DF25	Ancient Dragon Ball Outfit B	1bf8ffe180ca	古代龙珠套装B	accepted	legacy/translations/tbl_overrides.tsv	2619	
tbl	tbl1.pak	0x0168E271	Ancient Soldier's Outfit A	258a6ff5c077	古代士兵的套装A	accepted	legacy/translations/tbl_overrides.tsv	2620	
tbl	tbl1.pak	0x0168E341	Ancient Soldier's Outfit B	b454ad0cd717	古代士兵的套装B	accepted	legacy/translations/tbl_overrides.tsv	2621	
tbl	tbl1.pak	0x01693251	Skilled Martial Artist Outfit	f61804ca1552	Skilled 武道家 Outfit	accepted	legacy/translations/tbl_overrides.tsv	2630	
tbl	tbl1.pak	0x01693291	This Outfit were worn by a Very\n Well Skilled Martial Artist	d814b5663f5f	This Outfit were worn by a Very\n Well Skilled 武道家	accepted	legacy/translations/tbl_overrides.tsv	2631	
tbl	tbl1.pak	0x01693657	Fairy King Wings	80f31246a7da	仙女王翅膀	accepted	legacy/translations/tbl_overrides.tsv	2632	
tbl	tbl1.pak	0x0169404D	Buu Costume	546d1e41d8d7	布欧服装	accepted	legacy/translations/tbl_overrides.tsv	2635	
tbl	tbl1.pak	0x016940A9	Xeno Goku Outfit	0381b5c71e80	异次元孙悟空套装	accepted	legacy/translations/tbl_overrides.tsv	2636	
tbl	tbl1.pak	0x016943F3	Human Hair-9	61e254ecc5a6	人类发型-9	accepted	legacy/translations/tbl_overrides.tsv	2655	
tbl	tbl1.pak	0x016944A5	Human Hair Super Saiyan-01	a15f74e25afd	人类发型超级赛亚人-01	accepted	legacy/translations/tbl_overrides.tsv	2658	
tbl	tbl1.pak	0x01694519	Human Hair Super Saiyan-02	ef9f7498f978	人类发型超级赛亚人-02	accepted	legacy/translations/tbl_overrides.tsv	2659	
tbl	tbl1.pak	0x0169458D	Human Hair Super Saiyan-03	dbc116b1b8eb	人类发型超级赛亚人-03	accepted	legacy/translations/tbl_overrides.tsv	2660	
tbl	tbl1.pak	0x01694601	Human Hair Super Saiyan-04	3b625e6c303a	人类发型超级赛亚人-04	accepted	legacy/translations/tbl_overrides.tsv	2661	
tbl	tbl1.pak	0x01694675	Human Hair Super Saiyan-05	cb5e06190437	人类发型超级赛亚人-05	accepted	legacy/translations/tbl_overrides.tsv	2662	
tbl	tbl1.pak	0x016946E9	Human Hair Super Saiyan-06	4405bfb59c6a	人类发型超级赛亚人-06	accepted	legacy/translations/tbl_overrides.tsv	2663	
tbl	tbl1.pak	0x0169475D	Human Hair Super Saiyan-07	62f34a1d4b1f	人类发型超级赛亚人-07	accepted	legacy/translations/tbl_overrides.tsv	2664	
tbl	tbl1.pak	0x016947D1	Human Hair Super Saiyan-08	877dff8cb0b8	人类发型超级赛亚人-08	accepted	legacy/translations/tbl_overrides.tsv	2665	
tbl	tbl1.pak	0x01694845	Human Hair Super Saiyan-09	0b5835f2e255	人类发型超级赛亚人-09	accepted	legacy/translations/tbl_overrides.tsv	2666	
tbl	tbl1.pak	0x016948B9	Human Hair Super Saiyan-10	a4d32dac2d1d	人类发型超级赛亚人-10	accepted	legacy/translations/tbl_overrides.tsv	2667	
tbl	tbl1.pak	0x01695251	Soul King Title	0e2d0030b0b9	灵魂王称号	accepted	legacy/translations/tbl_overrides.tsv	2708	
tbl	tbl1.pak	0x016952B7	Strong Soul Title	f60303543564	强力灵魂称号	accepted	legacy/translations/tbl_overrides.tsv	2709	
tbl	tbl1.pak	0x0169545F	Broly Outfit	7cfdef7068f5	布罗利套装	accepted	legacy/translations/tbl_overrides.tsv	2710	
tbl	tbl1.pak	0x01697089	Demon Dragon Wings	df520d033040	恶魔龙翅膀	accepted	legacy/translations/tbl_overrides.tsv	2716	
tbl	tbl1.pak	0x01697255	Majin Buu Outfit	8f5c6c548126	魔人布欧套装	accepted	legacy/translations/tbl_overrides.tsv	2717	
tbl	tbl1.pak	0x01697429	Whitebeard's Outfit	c45280fd6245	白胡子的套装	accepted	legacy/translations/tbl_overrides.tsv	2718	
tbl	tbl1.pak	0x01697601	Epic Weapon Upgrade Stone U75	405429093d01	史诗武器升级石U75	accepted	legacy/translations/tbl_overrides.tsv	2719	
tbl	tbl1.pak	0x01697C43	Nappa's Saiyan Outfit	9be13ad45562	那巴的赛亚人套装	accepted	legacy/translations/tbl_overrides.tsv	2720	
tbl	tbl1.pak	0x016985DB	Whitebeard's Hat	ec9fc910d141	白胡子的帽子	accepted	legacy/translations/tbl_overrides.tsv	2723	
tbl	tbl1.pak	0x01698679	Whitebeard's Staff	befa97964cef	白胡子的杖	accepted	legacy/translations/tbl_overrides.tsv	2724	
tbl	tbl1.pak	0x0169871B	Fairy Speed Wings	b97f7885e6fc	仙女速度翅膀	accepted	legacy/translations/tbl_overrides.tsv	2725	
tbl	tbl1.pak	0x016987BB	Black Axe Transmog	1229a96d6981	黑色斧幻化	accepted	legacy/translations/tbl_overrides.tsv	2726	
tbl	tbl1.pak	0x01698AD5	Beerus Outfit	c4d64481f69a	比鲁斯套装	accepted	legacy/translations/tbl_overrides.tsv	2727	
tbl	tbl1.pak	0x01698B41	Goku Black Outfit	2e4bc8585e97	孙悟空黑色套装	accepted	legacy/translations/tbl_overrides.tsv	2728	
tbl	tbl1.pak	0x016990BF	Shenron Wings (Golden)	fa10670731c8	神龙翅膀(黄金)	accepted	legacy/translations/tbl_overrides.tsv	2729	
tbl	tbl1.pak	0x016996B3	Vegeta Buu's Outfit	164c6081e36d	贝吉塔布欧的套装	accepted	legacy/translations/tbl_overrides.tsv	2730	
tbl	tbl1.pak	0x01699AF1	Pride Outfit	410b779e8ea4	骄傲套装	accepted	legacy/translations/tbl_overrides.tsv	2731	
tbl	tbl1.pak	0x01699CC5	Popo Ring LV11	112139b588aa	波波戒指Lv11	accepted	legacy/translations/tbl_overrides.tsv	2732	
tbl	tbl1.pak	0x01699D45	Popo Earring LV11	961909909781	波波耳环Lv11	accepted	legacy/translations/tbl_overrides.tsv	2733	
tbl	tbl1.pak	0x01699DCB	Popo Necklace LV11	3d90c6857eaf	波波项链Lv11	accepted	legacy/translations/tbl_overrides.tsv	2734	
tbl	tbl1.pak	0x01699E53	Popo Ring LV21	fe291b422840	波波戒指Lv21	accepted	legacy/translations/tbl_overrides.tsv	2735	
tbl	tbl1.pak	0x01699ED3	Popo Earring LV21	795e4be93287	波波耳环Lv21	accepted	legacy/translations/tbl_overrides.tsv	2736	
tbl	tbl1.pak	0x01699F59	Popo Necklace LV21	b93bc63e1f10	波波项链Lv21	accepted	legacy/translations/tbl_overrides.tsv	2737	
tbl	tbl1.pak	0x01699FE1	Popo Ring LV30	425ec9cc7e37	波波戒指Lv30	accepted	legacy/translations/tbl_overrides.tsv	2738	
tbl	tbl1.pak	0x0169A061	Popo Earring LV30	d699559df9c6	波波耳环Lv30	accepted	legacy/translations/tbl_overrides.tsv	2739	
tbl	tbl1.pak	0x0169A0E7	Popo Necklace LV30	50fd4676d20c	波波项链Lv30	accepted	legacy/translations/tbl_overrides.tsv	2740	
tbl	tbl1.pak	0x0169A16F	Popo Ring LV38	fb518eb5ea98	波波戒指Lv38	accepted	legacy/translations/tbl_overrides.tsv	2741	
tbl	tbl1.pak	0x0169A1EF	Popo Earring LV38	57544083d65e	波波耳环Lv38	accepted	legacy/translations/tbl_overrides.tsv	2742	
tbl	tbl1.pak	0x0169A275	Popo Necklace LV38	579a8d27c9d3	波波项链Lv38	accepted	legacy/translations/tbl_overrides.tsv	2743	
tbl	tbl1.pak	0x0169E3B9	CC Red Outfit	637ce298c41d	CC红色套装	accepted	legacy/translations/tbl_overrides.tsv	2745	
tbl	tbl1.pak	0x0169E40D	CC Yellow Outfit	c75453759cdc	CC黄色套装	accepted	legacy/translations/tbl_overrides.tsv	2746	
tbl	tbl1.pak	0x0169E433	CC Blue Outfit	0ca82632eb88	CC蓝色套装	accepted	legacy/translations/tbl_overrides.tsv	2747	
tbl	tbl1.pak	0x0169E455	CC White Outfit	aadbe2b91501	CC白色套装	accepted	legacy/translations/tbl_overrides.tsv	2748	
tbl	tbl1.pak	0x0169E4F3	CC New Outfit	f5e2b72ec991	CC新套装	accepted	legacy/translations/tbl_overrides.tsv	2749	
tbl	tbl1.pak	0x0169E513	CC Purple Outfit	fb12241bc7bd	CC紫色套装	accepted	legacy/translations/tbl_overrides.tsv	2750	
tbl	tbl1.pak	0x0169E71D	Warrior's Outfit(type A)	654fb75568b7	那美克战士的套装(A型)	accepted	legacy/translations/tbl_overrides.tsv	2751	
tbl	tbl1.pak	0x0169E75B	Warrior's Outfit(type B)	7ed6eb16f1e6	那美克战士的套装(B型)	accepted	legacy/translations/tbl_overrides.tsv	2752	
tbl	tbl1.pak	0x016A08BF	Epic Weapon Upgrade Stone U70	487a99b5f1f8	史诗武器升级石U70	accepted	legacy/translations/tbl_overrides.tsv	2757	
tbl	tbl1.pak	0x016A0CE3	Vegeta Outfit (Super)	c95866a7bba3	贝吉塔套装(超级)	accepted	legacy/translations/tbl_overrides.tsv	2758	
tbl	tbl1.pak	0x016A0D13	Goku Outfit (Super)	1ad27f77c5b1	孙悟空套装(超级)	accepted	legacy/translations/tbl_overrides.tsv	2759	
tbl	tbl1.pak	0x016A13BF	Octopus Earring	a7dbdd29ff3b	章鱼耳环	accepted	legacy/translations/tbl_overrides.tsv	2763	
tbl	tbl1.pak	0x016A1473	Octopus Necklace	f1c9e4469772	章鱼项链	accepted	legacy/translations/tbl_overrides.tsv	2764	
tbl	tbl1.pak	0x016ACD0D	Z-Scouter	cdcabac674f6	Z-探测器	accepted	legacy/translations/tbl_overrides.tsv	2771	
tbl	tbl1.pak	0x016ACF69	Normal Scouter A	2f1ba617a189	普通探测器A	accepted	legacy/translations/tbl_overrides.tsv	2773	
tbl	tbl1.pak	0x016AD099	Normal Scouter B	689d21f232ac	普通探测器B	accepted	legacy/translations/tbl_overrides.tsv	2774	
tbl	tbl1.pak	0x016AE65B	Manufacturing Extract 08	4be7939a5473	制造萃取物08	accepted	legacy/translations/tbl_overrides.tsv	2783	
tbl	tbl1.pak	0x016AE6C7	Special Parts 08	4984283272ae	特殊零件08	accepted	legacy/translations/tbl_overrides.tsv	2784	
tbl	tbl1.pak	0x016AE773	Legendary Gem 08	24fbe1fb8472	传说宝石08	accepted	legacy/translations/tbl_overrides.tsv	2785	
tbl	tbl1.pak	0x016AE925	Manufacturing Extract 09	9fce725e7159	制造萃取物09	accepted	legacy/translations/tbl_overrides.tsv	2786	
tbl	tbl1.pak	0x016AE991	Special Parts 09	1181c29622cd	特殊零件09	accepted	legacy/translations/tbl_overrides.tsv	2787	
tbl	tbl1.pak	0x016AEA3D	Legendary Gem 09	c9c8cb9302c5	传说宝石09	accepted	legacy/translations/tbl_overrides.tsv	2788	
tbl	tbl1.pak	0x016AF807	Legendary Super Saiyan Martial	13d7b650d9e3	传说超级赛亚人武道家	accepted	legacy/translations/tbl_overrides.tsv	2789	
tbl	tbl1.pak	0x016AF855	Legendary Super Saiyan Spiritualist	a8a44f633114	传说超级赛亚人气功师	accepted	legacy/translations/tbl_overrides.tsv	2790	
tbl	tbl1.pak	0x016AF8E1	Ultra Ego Spiritualist	a8626989f7b9	Ultra Ego 气功师	accepted	legacy/translations/tbl_overrides.tsv	2791	
tbl	tbl1.pak	0x016AF961	Kamicollo-Sama Dragon Clan	2919f3d5609b	Kamicollo-Sama 那美克龙族	accepted	legacy/translations/tbl_overrides.tsv	2792	
tbl	tbl1.pak	0x016AF9E1	Saiyan Beast Spiritualist	4f6c3cc476d8	Saiyan Beast 气功师	accepted	legacy/translations/tbl_overrides.tsv	2793	
tbl	tbl1.pak	0x016AFA7B	(Super Saiyan Blue Evolution Spiritualist	a0f4709f693b	(Super Saiyan Blue Evolution 气功师	disabled_missing_20260720	legacy/translations/tbl_overrides.tsv	2794	source absent in 2026-07-20 snapshot
tbl	tbl1.pak	*	Super Saiyan Blue Spiritualist	53fc2123d488	超级赛亚人蓝气功师	accepted	legacy/translations/tbl_overrides.tsv	2795	
tbl	tbl1.pak	0x016AFB2D	Fake Super Saiyan Spiritualist	423aecccf87b	Fake Super Saiyan 气功师	accepted	legacy/translations/tbl_overrides.tsv	2796	
tbl	tbl1.pak	0x016AFC45	Super Saiyan 2 Martial	116dc9ab4563	超级赛亚人2武道家	accepted	legacy/translations/tbl_overrides.tsv	2797	
tbl	tbl1.pak	0x016AFC83	Super Saiyan 2 Spiritualist	e25891cf814b	超级赛亚人2气功师	accepted	legacy/translations/tbl_overrides.tsv	2798	
tbl	tbl1.pak	0x016AFCCB	Super Saiyan Blue Martial	6c9dcb84bae3	超级赛亚人蓝武道家	accepted	legacy/translations/tbl_overrides.tsv	2799	
tbl	tbl1.pak	0x016AFDCF	Super Saiyan 4 Spiritualist	2f8f9cd0fe11	超级赛亚人4气功师	accepted	legacy/translations/tbl_overrides.tsv	2801	
tbl	tbl1.pak	0x016AFE41	Super Saiyan 4 Martial	a8fa31bead6d	超级赛亚人4武道家	accepted	legacy/translations/tbl_overrides.tsv	2802	
tbl	tbl1.pak	0x016AFF19	Spiritualist SSRose	7d4537aadaaa	气功师 SSRose	accepted	legacy/translations/tbl_overrides.tsv	2803	
tbl	tbl1.pak	0x016B07AF	Natsu Hair	4e1f6ab5cc26	纳兹发型	accepted	legacy/translations/tbl_overrides.tsv	2804	
tbl	tbl1.pak	0x016B119D	Special Shadow Part	a0561b33f9b7	特殊暗影零件	accepted	legacy/translations/tbl_overrides.tsv	2805	
tbl	tbl1.pak	0x016B124F	Manufacturing Extract Shadow	e55fbd9d892a	制造萃取物暗影	accepted	legacy/translations/tbl_overrides.tsv	2806	
tbl	tbl1.pak	0x016B128D	Shadow Star Material	c37d52b77f07	暗影星材料	accepted	legacy/translations/tbl_overrides.tsv	2807	
tbl	tbl1.pak	0x016B12FD	Shadow Steel	f207493a1185	暗影钢	accepted	legacy/translations/tbl_overrides.tsv	2808	
tbl	tbl1.pak	0x016B3599	Ruby Box	fdc915c9d088	红宝石盒	accepted	legacy/translations/tbl_overrides.tsv	2809	
tbl	tbl1.pak	0x016B3903	UD 1 Coin	115a855dfb06	UD1硬币	accepted	legacy/translations/tbl_overrides.tsv	2810	
tbl	tbl1.pak	0x016B3967	UD 2 Coin	82685eb672c2	UD2硬币	accepted	legacy/translations/tbl_overrides.tsv	2811	
tbl	tbl1.pak	0x016B39CB	UD 3 Coin	9cda8e2f0839	UD3硬币	accepted	legacy/translations/tbl_overrides.tsv	2812	
tbl	tbl1.pak	0x016B3A2F	Shadow Coin	0bacb1fd8892	暗影硬币	accepted	legacy/translations/tbl_overrides.tsv	2813	
tbl	tbl1.pak	0x016B48AD	BID Bardock Coin	1b90e5048d71	BID巴达克硬币	accepted	legacy/translations/tbl_overrides.tsv	2814	
tbl	tbl1.pak	0x016B4A1D	Bardock Pet (Super Saiyan)	233e112a10ad	巴达克宠物(超级赛亚人)	accepted	legacy/translations/tbl_overrides.tsv	2816	
tbl	tbl1.pak	0x016B4AA7	Bardock Pet (Super Saiyan 3)	71db450dcf89	巴达克宠物(超级赛亚人3)	accepted	legacy/translations/tbl_overrides.tsv	2817	
tbl	tbl1.pak	0x016B563D	Weapon Downgrade Stone U85	0fca62be9d53	武器降级石U85	accepted	legacy/translations/tbl_overrides.tsv	2818	
tbl	tbl1.pak	0x016B5D61	Moro Coin	73a2875cf4bb	摩罗硬币	accepted	legacy/translations/tbl_overrides.tsv	2819	
tbl	tbl1.pak	0x016B8C75	(Martial) Potion Super Saiyan LegendaryS	33773c76d09f	(武道家) Potion Super Saiyan LegendaryS	accepted	legacy/translations/tbl_overrides.tsv	2821	
tbl	tbl1.pak	0x016B8F9F	(Spiritualist) Potion Super Saiyan LegendaryS	d6043d662c29	(气功师) Potion Super Saiyan LegendaryS	accepted	legacy/translations/tbl_overrides.tsv	2823	
tbl	tbl1.pak	0x016B91F1	(Dragon) Potion Great Namek	d169c341ae89	(龙族)巨大那美克药水	accepted	legacy/translations/tbl_overrides.tsv	2824	
tbl	tbl1.pak	0x016B922D	(Dragon) Potion Kamiccolo	c51e53dc8c94	(龙族)卡米克洛药水	accepted	legacy/translations/tbl_overrides.tsv	2825	
tbl	tbl1.pak	0x016B9265	(Dragon) Potion Dark Namek	96e7c2d9186e	(龙族)黑暗那美克药水	accepted	legacy/translations/tbl_overrides.tsv	2826	
tbl	tbl1.pak	0x016B929F	(Dragon) Potion Great Orange	cc5d95bf39d7	(龙族) Potion Great Orange	accepted	legacy/translations/tbl_overrides.tsv	2827	
tbl	tbl1.pak	0x016B92DD	(Dragon) Potion Orange	d94a8c41ddd5	(龙族) Potion Orange	accepted	legacy/translations/tbl_overrides.tsv	2828	
tbl	tbl1.pak	0x016B930F	(Dragon) Potion Muscle Orange	41aea9ea79d8	(龙族) Potion Muscle Orange	accepted	legacy/translations/tbl_overrides.tsv	2829	
tbl	tbl1.pak	0x016B934F	(Dragon) Potion Imperator	076a48288418	(龙族)帝王药水	accepted	legacy/translations/tbl_overrides.tsv	2830	
tbl	tbl1.pak	0x016B9387	(Might) Potion Pure Majin	c2efebd7590b	(大魔人)纯粹魔人药水	accepted	legacy/translations/tbl_overrides.tsv	2831	
tbl	tbl1.pak	0x016B93BF	(Might) Potion Unleashed Potential	4b2a51d329d4	(大魔人) Potion Unleashed Potential	accepted	legacy/translations/tbl_overrides.tsv	2832	
tbl	tbl1.pak	0x016B9409	(Might) Potion Super Boo	b024aafe59dc	(大魔人)超级布欧药水	accepted	legacy/translations/tbl_overrides.tsv	2833	
tbl	tbl1.pak	0x016B943F	(Might) Potion Bootenks	8d7ff15709d8	(大魔人)布欧悟天克斯药水	accepted	legacy/translations/tbl_overrides.tsv	2834	
tbl	tbl1.pak	0x016B9473	(Might) Potion Buuhan	e6980fbfca94	(大魔人)布欧悟饭药水	accepted	legacy/translations/tbl_overrides.tsv	2835	
tbl	tbl1.pak	0x016B94A3	(Might) Potion SS3	8d6c5f039267	(大魔人)超级赛亚人3药水	accepted	legacy/translations/tbl_overrides.tsv	2836	
tbl	tbl1.pak	0x016B94CD	(Might) Potion Xeno	5c0ed03c96fc	(大魔人)异次元药水	accepted	legacy/translations/tbl_overrides.tsv	2837	
tbl	tbl1.pak	0x016B94F9	(Wonder) Potion Pure Majin	fdf280a89189	(意魔人)纯粹魔人药水	accepted	legacy/translations/tbl_overrides.tsv	2838	
tbl	tbl1.pak	0x016B9533	(Wonder) Potion Unleashed Potential	559d31b9a65a	(意魔人) Potion Unleashed Potential	accepted	legacy/translations/tbl_overrides.tsv	2839	
tbl	tbl1.pak	0x016B957F	(Wonder) Potion Super Boo	23182edcb5ce	(意魔人)超级布欧药水	accepted	legacy/translations/tbl_overrides.tsv	2840	
tbl	tbl1.pak	0x016B95B7	(Wonder) Potion Bootenks	3a234ae927c3	(意魔人)布欧悟天克斯药水	accepted	legacy/translations/tbl_overrides.tsv	2841	
tbl	tbl1.pak	0x016B95ED	(Wonder) Potion Buuhan	7383ff5849ef	(意魔人)布欧悟饭药水	accepted	legacy/translations/tbl_overrides.tsv	2842	
tbl	tbl1.pak	0x016B961F	(Wonder) Potion SS3	69c4f187ffed	(意魔人)超级赛亚人3药水	accepted	legacy/translations/tbl_overrides.tsv	2843	
tbl	tbl1.pak	0x016B964B	(Wonder) Potion Xeno	fff3ff6dd87f	(意魔人)异次元药水	accepted	legacy/translations/tbl_overrides.tsv	2844	
tbl	tbl1.pak	0x016BE855	(Martial) (7 days) Super Saiyan LegendaryS	11041bb4a4ee	(武道家) (7 days) Super Saiyan LegendaryS	accepted	legacy/translations/tbl_overrides.tsv	2845	
tbl	tbl1.pak	0x016BEE27	(Dragon) (7 days) Great Namek	5fa0c81ebb03	(龙族) (7 days) Great Namek	accepted	legacy/translations/tbl_overrides.tsv	2847	
tbl	tbl1.pak	0x016BEE67	(Dragon) (7 days) Kamiccolo	3c6ba1265ecf	(龙族) (7 days) Kamiccolo	accepted	legacy/translations/tbl_overrides.tsv	2848	
tbl	tbl1.pak	0x016BEEA3	(Dragon) (7 days) Dark Namek	41c6c9ec3a87	(龙族) (7 days) Dark Namek	accepted	legacy/translations/tbl_overrides.tsv	2849	
tbl	tbl1.pak	0x016BEEE1	(Dragon) (7 days) Great Orange	0347f85072c1	(龙族) (7 days) Great Orange	accepted	legacy/translations/tbl_overrides.tsv	2850	
tbl	tbl1.pak	0x016BEF23	(Dragon) (7 days) Orange	1b0e8cfdde5f	(龙族) (7 days) Orange	accepted	legacy/translations/tbl_overrides.tsv	2851	
tbl	tbl1.pak	0x016BEF59	(Dragon) (7 days) Muscle Orange	f80a1dd3c0f1	(龙族) (7 days) Muscle Orange	accepted	legacy/translations/tbl_overrides.tsv	2852	
tbl	tbl1.pak	0x016BEF9D	(Dragon) (7 days) Imperator	65b526616965	(龙族) (7 days) Imperator	accepted	legacy/translations/tbl_overrides.tsv	2853	
tbl	tbl1.pak	0x016BEFD9	(Might) (7 days) Pure Majin	537c3155b24d	(大魔人) (7 days) Pure Majin	accepted	legacy/translations/tbl_overrides.tsv	2854	
tbl	tbl1.pak	0x016BF015	(Might) (7 days) Unleashed Potential	12ede948d33b	(大魔人) (7 days) Unleashed Potential	accepted	legacy/translations/tbl_overrides.tsv	2855	
tbl	tbl1.pak	0x016BF063	(Might) (7 days) Super Boo	1c767269f448	(大魔人) (7 days) Super Boo	accepted	legacy/translations/tbl_overrides.tsv	2856	
tbl	tbl1.pak	0x016BF09D	(Might) (7 days) Bootenks	8d2e38f75836	(大魔人) (7 days) Bootenks	accepted	legacy/translations/tbl_overrides.tsv	2857	
tbl	tbl1.pak	0x016BF0D5	(Might) (7 days) Buuhan	5b10cef0f8de	(大魔人) (7 days) Buuhan	accepted	legacy/translations/tbl_overrides.tsv	2858	
tbl	tbl1.pak	0x016BF109	(Might) (7 days) SS3	7f0726d7de6d	(大魔人) (7 days) SS3	accepted	legacy/translations/tbl_overrides.tsv	2859	
tbl	tbl1.pak	0x016BF137	(Might) (7 days) Xeno	f69272d05510	(大魔人) (7 days) Xeno	accepted	legacy/translations/tbl_overrides.tsv	2860	
tbl	tbl1.pak	0x016BF167	(Wonder) (7 days) Pure Majin	809f49538fcd	(意魔人) (7 days) Pure Majin	accepted	legacy/translations/tbl_overrides.tsv	2861	
tbl	tbl1.pak	0x016BF1A5	(Wonder) (7 days) Unleashed Potential	044771ac8492	(意魔人) (7 days) Unleashed Potential	accepted	legacy/translations/tbl_overrides.tsv	2862	
tbl	tbl1.pak	0x016BF1F5	(Wonder) (7 days) Super Boo	4626e630525f	(意魔人) (7 days) Super Boo	accepted	legacy/translations/tbl_overrides.tsv	2863	
tbl	tbl1.pak	0x016BF231	(Wonder) (7 days) Bootenks	d00e5d5aba34	(意魔人) (7 days) Bootenks	accepted	legacy/translations/tbl_overrides.tsv	2864	
tbl	tbl1.pak	0x016BF26B	(Wonder) (7 days) Buuhan	fffe20b9e416	(意魔人) (7 days) Buuhan	accepted	legacy/translations/tbl_overrides.tsv	2865	
tbl	tbl1.pak	0x016BF2A1	(Wonder) (7 days) SS3	c4428d79d393	(意魔人) (7 days) SS3	accepted	legacy/translations/tbl_overrides.tsv	2866	
tbl	tbl1.pak	0x016BF2D1	(Wonder) (7 days) Xeno	ba7ddd7eef38	(意魔人) (7 days) Xeno	accepted	legacy/translations/tbl_overrides.tsv	2867	
tbl	tbl1.pak	0x016C2A69	Vegeta Black Outfit	250b672eafc2	贝吉塔黑色套装	accepted	legacy/translations/tbl_overrides.tsv	2868	
tbl	tbl1.pak	0x016C2B33	Super Box	f3f6bd53bc1a	超级盒	accepted	legacy/translations/tbl_overrides.tsv	2869	
tbl	tbl1.pak	0x016CEEE9	Mushroom Gang Guard	c80608633457	蘑菇刚守卫	accepted	legacy/translations/tbl_overrides.tsv	2872	
tbl	tbl1.pak	0x016D02A5	Advanced Robot	5c144988313b	高级机器人	accepted	legacy/translations/tbl_overrides.tsv	2876	
tbl	tbl1.pak	0x016D2AC5	Ancient Shenron Chest	97bbf907425d	古代神龙胸甲	accepted	legacy/translations/tbl_overrides.tsv	2878	
tbl	tbl1.pak	*	Delinquent Martial Artist	05dab7092762	Delinquent 武道家	accepted	legacy/translations/tbl_overrides.tsv	2914	
tbl	tbl1.pak	*	Delinquent Spiritualist	11fcd8e4bfb2	Delinquent 气功师	accepted	legacy/translations/tbl_overrides.tsv	2917	
tbl	tbl1.pak	0x016E1CE7	Android Soldier	0d9dcd35449d	人造人士兵	accepted	legacy/translations/tbl_overrides.tsv	2925	
tbl	tbl1.pak	0x016E52ED	Ancient Magic Dragon	645ef1e1328b	古代魔法龙	accepted	legacy/translations/tbl_overrides.tsv	2929	
tbl	tbl1.pak	0x016EACB5	Black Warrior	99e4998db2d3	黑色战士	accepted	legacy/translations/tbl_overrides.tsv	2955	
tbl	tbl1.pak	0x016EC487	Warrior of Chaos	d4f814212f1f	混沌的那美克战士	accepted	legacy/translations/tbl_overrides.tsv	2961	
tbl	tbl1.pak	0x016EC4D7	Narak Special Force	18f1e0cc0b9a	那拉克特殊力量	accepted	legacy/translations/tbl_overrides.tsv	2962	
tbl	tbl1.pak	0x016EC63D	Dark Devil Warrior	6284798d737d	黑暗魔鬼战士	accepted	legacy/translations/tbl_overrides.tsv	2963	
tbl	tbl1.pak	*	Guard Unit Warrior	99528bb920ba	守卫部队战士	accepted	legacy/translations/tbl_overrides.tsv	2992	
tbl	tbl1.pak	*	Martial Artist Examiner	199a806c4796	武道家 Examiner	accepted	legacy/translations/tbl_overrides.tsv	3005	
tbl	tbl1.pak	0x016FF461	M - Boss Robot	0043443a6b5e	M-首领机器人	accepted	legacy/translations/tbl_overrides.tsv	3008	
tbl	tbl1.pak	0x016FF74D	M - Dark Robot	0503c77d6fcc	M-黑暗机器人	accepted	legacy/translations/tbl_overrides.tsv	3010	
tbl	tbl1.pak	0x016FF875	M - Combat Robot	8cb897b97421	M-战斗机器人	accepted	legacy/translations/tbl_overrides.tsv	3012	
tbl	tbl1.pak	0x01705BA3	White Gang Wolf	48994e571e4c	白色刚狼	accepted	legacy/translations/tbl_overrides.tsv	3030	
tbl	tbl1.pak	0x01709A09	Majin Android	bee9e4896b7d	魔人人造人	accepted	legacy/translations/tbl_overrides.tsv	3034	
tbl	tbl1.pak	0x0170A183	Giant Bomb	24728d3af46d	巨大炸弹	accepted	legacy/translations/tbl_overrides.tsv	3035	
tbl	tbl1.pak	0x0170A54B	Pink Dragon	911cfd8b8764	粉色龙	accepted	legacy/translations/tbl_overrides.tsv	3036	
tbl	tbl1.pak	0x0170AD35	Black Space Cat	30c3f493a55c	黑色空间猫	accepted	legacy/translations/tbl_overrides.tsv	3038	
tbl	tbl1.pak	0x0170AD59	White Space Cat	d74585573534	白色空间猫	accepted	legacy/translations/tbl_overrides.tsv	3039	
tbl	tbl1.pak	0x0170B33D	Combat Pure-Cell	7bdcae31875f	战斗纯粹-沙鲁	accepted	legacy/translations/tbl_overrides.tsv	3040	
tbl	tbl1.pak	0x0170B363	Spiritualist Cell	0ee09cf5d314	气功师沙鲁	accepted	legacy/translations/tbl_overrides.tsv	3041	
tbl	tbl1.pak	0x0170B403	Soldier Cell	cf929e683520	士兵沙鲁	accepted	legacy/translations/tbl_overrides.tsv	3042	
tbl	tbl1.pak	0x0170B49F	Ghost Lizard	8994aab90c8f	幽灵蜥蜴	accepted	legacy/translations/tbl_overrides.tsv	3044	
tbl	tbl1.pak	0x0170B4BD	Evil Lizard	a581314bc32f	邪恶蜥蜴	accepted	legacy/translations/tbl_overrides.tsv	3045	
tbl	tbl1.pak	0x0170B6FB	Healing Egg	6416701bd639	治疗蛋	accepted	legacy/translations/tbl_overrides.tsv	3047	
tbl	tbl1.pak	0x0170BC43	Ancient Dragon Frog	5ad7b9b46ec3	古代龙青蛙	accepted	legacy/translations/tbl_overrides.tsv	3051	
tbl	tbl1.pak	0x0170C00D	Frieza Combat Robot	d5f75ebd449f	弗利萨战斗机器人	accepted	legacy/translations/tbl_overrides.tsv	3052	
tbl	tbl1.pak	0x0170C209	Super Machine Gun	0021e6aa4128	超级机器枪	accepted	legacy/translations/tbl_overrides.tsv	3053	
tbl	tbl1.pak	0x0170C231	Supply Machine Gun	0356998926d0	补给机器枪	accepted	legacy/translations/tbl_overrides.tsv	3054	
tbl	tbl1.pak	0x0170C66B	Swordsman Stick	b99aa739fe07	剑术家棍	accepted	legacy/translations/tbl_overrides.tsv	3055	
tbl	tbl1.pak	0x0170CE6F	Daily Mushroom	dcafc4de775b	每日蘑菇	accepted	legacy/translations/tbl_overrides.tsv	3056	
tbl	tbl1.pak	*	Narak Spiritualist	c9ddbc4f8bd3	那拉克气功师	accepted	legacy/translations/tbl_overrides.tsv	3057	
tbl	tbl1.pak	0x0170CF85	Evil Narak Warrior	0fdf72bc7a12	邪恶那拉克战士	accepted	legacy/translations/tbl_overrides.tsv	3059	
tbl	tbl1.pak	0x0170D0FF	Narak Giant Warrior	6815a36f6c48	那拉克巨大战士	accepted	legacy/translations/tbl_overrides.tsv	3060	
tbl	tbl1.pak	0x0170D239	Narak Dark Warrior	422e7506e9bc	那拉克黑暗战士	accepted	legacy/translations/tbl_overrides.tsv	3061	
tbl	tbl1.pak	0x0170D3EF	Narak Guard	11103f7c3699	那拉克守卫	accepted	legacy/translations/tbl_overrides.tsv	3063	
tbl	tbl1.pak	0x0170D49F	Narak Axe Warrior	1a4240a1114b	那拉克斧战士	accepted	legacy/translations/tbl_overrides.tsv	3064	
tbl	tbl1.pak	0x0170D6F1	Narak Secret Warrior	6a8b6bc1b5d4	那拉克秘密战士	accepted	legacy/translations/tbl_overrides.tsv	3065	
tbl	tbl1.pak	0x0170DA17	Narak Alchemist Master	5ff33b19ca1d	那拉克炼金大师	accepted	legacy/translations/tbl_overrides.tsv	3066	
tbl	tbl1.pak	0x0170DA7B	Narak Defense Unit	ff0bf8480eb5	那拉克防御部队	accepted	legacy/translations/tbl_overrides.tsv	3067	
tbl	tbl1.pak	0x0170DAA5	Narak Dark-Magic Master	99384bed0c53	那拉克黑暗-魔法大师	accepted	legacy/translations/tbl_overrides.tsv	3068	
tbl	tbl1.pak	0x0170E985	Bomb-King	4530f4a07753	炸弹-王	accepted	legacy/translations/tbl_overrides.tsv	3073	
tbl	tbl1.pak	0x0170EA29	Head-Axe Saibaman	42ba0ddc2b1e	头-斧栽培人	accepted	legacy/translations/tbl_overrides.tsv	3074	
tbl	tbl1.pak	0x0170EC1D	Brainwashed Mira's Manager	7113eefe9b48	被洗脑米拉的管理员	accepted	legacy/translations/tbl_overrides.tsv	3076	
tbl	tbl1.pak	0x0170EECF	Bomb Manager	ae2feaeaa3c5	炸弹管理员	accepted	legacy/translations/tbl_overrides.tsv	3077	
tbl	tbl1.pak	0x0170F147	Saibaman Shadow	9b8e448c0d6c	栽培人暗影	accepted	legacy/translations/tbl_overrides.tsv	3078	
tbl	tbl1.pak	0x0170FE0D	Frieza's Army Soldier	fd4e9df48606	弗利萨军士兵	accepted	legacy/translations/tbl_overrides.tsv	3084	
tbl	tbl1.pak	0x017103C7	Narak Dark Wolf	628b745ad526	那拉克黑暗狼	accepted	legacy/translations/tbl_overrides.tsv	3085	
tbl	tbl1.pak	0x017104E1	Giant Red Eye Wolf	b4c9dcf72694	巨大红色眼狼	accepted	legacy/translations/tbl_overrides.tsv	3087	
tbl	tbl1.pak	0x0171050B	Giant Captain Wolf	7de427876d15	巨大队长狼	accepted	legacy/translations/tbl_overrides.tsv	3088	
tbl	tbl1.pak	0x01710627	Demon Pirate Wolf	3fd112e6fe3d	恶魔海盗狼	accepted	legacy/translations/tbl_overrides.tsv	3090	
tbl	tbl1.pak	0x0171064F	Shadow Wolf	c813059c501f	暗影狼	accepted	legacy/translations/tbl_overrides.tsv	3091	
tbl	tbl1.pak	0x01710D8F	Ghost Power Devil Pirate	50b13d1c638e	幽灵力量魔鬼海盗	accepted	legacy/translations/tbl_overrides.tsv	3093	
tbl	tbl1.pak	0x0171176F	Spirit of Namekian	974e1c715ac0	那美克星人的精神	accepted	legacy/translations/tbl_overrides.tsv	3094	
tbl	tbl1.pak	0x01711925	Narak Axe Master	8e7f8699c646	那拉克斧大师	accepted	legacy/translations/tbl_overrides.tsv	3095	
tbl	tbl1.pak	0x01711A23	Spiritualist Tanta	2edbdea172cb	气功师 Tanta	accepted	legacy/translations/tbl_overrides.tsv	3096	
tbl	tbl1.pak	0x01711A81	Narak Spiritual Master	7495906b6388	那拉克精神大师	accepted	legacy/translations/tbl_overrides.tsv	3097	
tbl	tbl1.pak	0x01711B2D	Narak Poko Master	4c2e2c30b957	那拉克波可大师	accepted	legacy/translations/tbl_overrides.tsv	3098	
tbl	tbl1.pak	0x0171231F	Brainwashed Advanced Guard	6e1c46b0ff3b	被洗脑高级守卫	accepted	legacy/translations/tbl_overrides.tsv	3099	
tbl	tbl1.pak	0x01712359	Brainwashed Special Guard	198592c65848	被洗脑特殊守卫	accepted	legacy/translations/tbl_overrides.tsv	3100	
tbl	tbl1.pak	0x01712679	Healing Eye	cdad7f6166fc	治疗眼	accepted	legacy/translations/tbl_overrides.tsv	3102	
tbl	tbl1.pak	0x017127FF	Giant Ginyu Frog	1d35fd945a75	巨大基纽青蛙	accepted	legacy/translations/tbl_overrides.tsv	3104	
tbl	tbl1.pak	0x01712825	Ginyu Goku	0f628b9f122b	基纽孙悟空	accepted	legacy/translations/tbl_overrides.tsv	3105	
tbl	tbl1.pak	0x0171366B	Frieza's Field Battle Soldier	699d6a095c33	弗利萨的野外战斗士兵	accepted	legacy/translations/tbl_overrides.tsv	3108	
tbl	tbl1.pak	0x01713865	Frieza's Field Robot	61cbbd363fde	弗利萨的野外机器人	accepted	legacy/translations/tbl_overrides.tsv	3109	
tbl	tbl1.pak	0x01714169	Vegeta Blue	924ccf1d64c3	贝吉塔蓝色	accepted	legacy/translations/tbl_overrides.tsv	3116	
tbl	tbl1.pak	0x017141A1	Goku Blue	947cdf4e53d6	孙悟空蓝色	accepted	legacy/translations/tbl_overrides.tsv	3117	
tbl	tbl1.pak	0x01714211	Towa Soldier	c9b176d0bf54	托娃士兵	accepted	legacy/translations/tbl_overrides.tsv	3119	
tbl	tbl1.pak	0x017142B5	Towa Saibaman Green	233a3bcbedde	托娃栽培人绿色	accepted	legacy/translations/tbl_overrides.tsv	3120	
tbl	tbl1.pak	0x017142E1	Towa Saibaman Rock	1f423a885697	托娃栽培人岩石	accepted	legacy/translations/tbl_overrides.tsv	3121	
tbl	tbl1.pak	0x0171430B	Towa Xeno Saibaman	ff20a8d84fbb	托娃异次元栽培人	accepted	legacy/translations/tbl_overrides.tsv	3122	
tbl	tbl1.pak	0x01714335	Towa Saibaman Aqua	ee9267c88f0d	托娃栽培人阿库娅	accepted	legacy/translations/tbl_overrides.tsv	3123	
tbl	tbl1.pak	0x0171435F	Towa Saibaman Black	ac039268dcde	托娃栽培人黑色	accepted	legacy/translations/tbl_overrides.tsv	3124	
tbl	tbl1.pak	0x01714419	King Wolf	d209484893ff	王狼	accepted	legacy/translations/tbl_overrides.tsv	3125	
tbl	tbl1.pak	0x0171459D	Giant Boss Bull	e15f76189b30	巨大首领公牛	accepted	legacy/translations/tbl_overrides.tsv	3130	
tbl	tbl1.pak	0x017145C1	Strong Machine	5d50d99482d8	强力机器	accepted	legacy/translations/tbl_overrides.tsv	3131	
tbl	tbl1.pak	0x0171475B	Bardock SS3	9c16b8bf5f71	巴达克超级赛亚人3	accepted	legacy/translations/tbl_overrides.tsv	3133	
tbl	tbl1.pak	0x0177B2A9	Super Devil Cannon - Vegeta	6989339211f4	超级魔鬼炮-贝吉塔	accepted	legacy/translations/tbl_overrides.tsv	3135	
tbl	tbl1.pak	0x0177BB6B	Energy Cannon-Piccolo	2ad49e387ddf	气功炮-比克	accepted	legacy/translations/tbl_overrides.tsv	3138	
tbl	tbl1.pak	0x01786DFD	Healing Hit	6ca323bec0af	治疗希特	accepted	legacy/translations/tbl_overrides.tsv	3180	
tbl	tbl1.pak	0x01786F27	Powerful Head	592fd0d744f5	强力头	accepted	legacy/translations/tbl_overrides.tsv	3181	
tbl	tbl1.pak	0x0178710D	Powerful Blow	11fe117b5c6e	强力打击	accepted	legacy/translations/tbl_overrides.tsv	3182	
tbl	tbl1.pak	0x0178D343	Ultimate Might	e4b37fc0aaf6	终极大	accepted	legacy/translations/tbl_overrides.tsv	3184	
tbl	tbl1.pak	0x0178D583	Ultimate Roar	442eaaecf840	终极咆哮	accepted	legacy/translations/tbl_overrides.tsv	3185	
tbl	tbl1.pak	0x0178E2C7	Rainbow Dragon Buff	71918a5d0181	彩虹龙增益	accepted	legacy/translations/tbl_overrides.tsv	3190	
tbl	tbl1.pak	0x0178F96B	Warrior Spirit	1c43e2d60f0b	那美克战士精神	accepted	legacy/translations/tbl_overrides.tsv	3202	
tbl	tbl1.pak	0x0179076B	Namekian Awakening	3efd0784f341	那美克星人觉醒	accepted	legacy/translations/tbl_overrides.tsv	3204	
tbl	tbl1.pak	0x01790EF7	Pet Battle Fury	5d356486da2d	宠物战斗狂怒	accepted	legacy/translations/tbl_overrides.tsv	3205	
tbl	tbl1.pak	0x01791481	Drum Fury!	b46256d54d5e	鼓狂怒!	accepted	legacy/translations/tbl_overrides.tsv	3206	
tbl	tbl1.pak	0x0179689D	Ultimate Spirit Ball	990f3cfd4d91	终极精神球	accepted	legacy/translations/tbl_overrides.tsv	3211	
tbl	tbl1.pak	0x0179741D	Ultimate EP Recovery	ee94bd9b744d	终极EP恢复	accepted	legacy/translations/tbl_overrides.tsv	3213	
tbl	tbl1.pak	0x01797F4D	Ultimate Spiritual Damage Cut	944d730e6486	终极精神伤害切割	accepted	legacy/translations/tbl_overrides.tsv	3215	
tbl	tbl1.pak	0x01798BCD	Ultimate Detoxification	6db479c2e6b8	终极解毒	accepted	legacy/translations/tbl_overrides.tsv	3222	
tbl	tbl1.pak	0x0179B91B	Ultimate Special Beam Cannon	579f725e07bc	终极特殊光束炮	accepted	legacy/translations/tbl_overrides.tsv	3229	
tbl	tbl1.pak	0x017A0A87	Ultimate Energy Cannon	e6c4362d1ae4	终极气功炮	accepted	legacy/translations/tbl_overrides.tsv	3231	
tbl	tbl1.pak	0x017A22EB	Staff Slash	51e09756730e	杖斩击	accepted	legacy/translations/tbl_overrides.tsv	3232	
tbl	tbl1.pak	0x017A35CD	Ultimate Kami's Light	d30801783aec	终极天神的光	accepted	legacy/translations/tbl_overrides.tsv	3234	
tbl	tbl1.pak	*	ANNamekians of the Dragon Clan attack with/na succession of energy-based spells.	343b8ac6cb4c	ANNamekians of the 那美克龙族 attack with/na succession of energy-based spells.	accepted	legacy/translations/tbl_overrides.tsv	3235	
tbl	tbl1.pak	0x017A7E6B	Ultimate Ultra Speed Attack	11ba1613a237	终极极限速度攻击	accepted	legacy/translations/tbl_overrides.tsv	3240	
tbl	tbl1.pak	0x017A9643	Ultimate Spiritual Resistance	fb4d805ae10a	终极精神抗性	accepted	legacy/translations/tbl_overrides.tsv	3242	
tbl	tbl1.pak	0x017B29A9	Ultimate High Speed Needle	a9e7c41b6b7d	终极高级速度针	accepted	legacy/translations/tbl_overrides.tsv	3244	
tbl	tbl1.pak	0x017B5D93	Ultimate Thunder	ac3d3332bd14	终极雷霆	accepted	legacy/translations/tbl_overrides.tsv	3248	
tbl	tbl1.pak	0x017B73E7	Ultimate Sword Slash	618739c288fd	终极剑斩击	accepted	legacy/translations/tbl_overrides.tsv	3250	
tbl	tbl1.pak	0x017BACD5	Ultimate Energy Recovery	d229cd26f481	终极气功恢复	accepted	legacy/translations/tbl_overrides.tsv	3253	
tbl	tbl1.pak	0x017BF14F	Ultimate Spiritual Sensation	fddd053d24ac	终极精神感受	accepted	legacy/translations/tbl_overrides.tsv	3255	
tbl	tbl1.pak	0x017C76E1	Ultimate Recovery	83a6ddff9c15	终极恢复	accepted	legacy/translations/tbl_overrides.tsv	3258	
tbl	tbl1.pak	0x017CBB19	Ultimate Powerful Roar	198f36ef5347	终极强力咆哮	accepted	legacy/translations/tbl_overrides.tsv	3262	
tbl	tbl1.pak	0x017CE133	Ultimate Slash	c921bd1874dd	终极斩击	accepted	legacy/translations/tbl_overrides.tsv	3263	
tbl	tbl1.pak	0x017CE7E3	Ultimate Beam Cannon	32d737553042	终极光束炮	accepted	legacy/translations/tbl_overrides.tsv	3264	
tbl	tbl1.pak	0x017D41BD	Ultimate Kami's Energy	fd0887177906	终极天神的气功	accepted	legacy/translations/tbl_overrides.tsv	3267	
tbl	tbl1.pak	0x017EBC3F	Ultimate Mask Light	00e0d69bfdb1	终极面具光	accepted	legacy/translations/tbl_overrides.tsv	3273	
tbl	tbl1.pak	0x017F101F	Spirit Bomb!	7c754ecaaeeb	精神炸弹!	accepted	legacy/translations/tbl_overrides.tsv	3274	
tbl	tbl1.pak	0x017F1197	Ultra Super Saiyan	072118ef68a8	极限超级赛亚人	accepted	legacy/translations/tbl_overrides.tsv	3276	
tbl	tbl1.pak	0x01818DA5	Majin Cooking Hat	10f786ce60c6	魔人料理帽子	accepted	legacy/translations/tbl_overrides.tsv	3280	
tbl	tbl1.pak	0x01819A47	RP Weapon Box	8ce757e5b093	RP武器盒	accepted	legacy/translations/tbl_overrides.tsv	3284	
tbl	tbl1.pak	0x0181B05F	Frieza's Army Supply Box A	731eeb818f5e	弗利萨军补给盒A	accepted	legacy/translations/tbl_overrides.tsv	3286	
tbl	tbl1.pak	0x0181B099	Frieza's Army Supply Box B	2c0f2489b46c	弗利萨军补给盒B	accepted	legacy/translations/tbl_overrides.tsv	3287	
tbl	tbl1.pak	0x0181B0D3	Frieza's Army Supply Box C	efcb7688ba74	弗利萨军补给盒C	accepted	legacy/translations/tbl_overrides.tsv	3288	
tbl	tbl1.pak	0x0181C269	Devil Dragon's Egg	b2f4afd28af9	魔鬼龙的蛋	accepted	legacy/translations/tbl_overrides.tsv	3290	
tbl	tbl1.pak	0x01860FCD	Korin Soldier	c2b3b70001cf	卡林士兵	accepted	legacy/translations/tbl_overrides.tsv	3309	
tbl	tbl1.pak	0x01860FED	New Namek	8cfe9092f5b0	新那美克	accepted	legacy/translations/tbl_overrides.tsv	3310	
tbl	tbl1.pak	0x0186129F	Strongest Namek Warrior	87d0897a21aa	Strongest 那美克战士	accepted	legacy/translations/tbl_overrides.tsv	3313	
tbl	tbl1.pak	0x01861A6D	Mushroom Fuel	ddd37d07f76a	蘑菇燃料	accepted	legacy/translations/tbl_overrides.tsv	3318	
tbl	tbl1.pak	0x01861C1D	Life Energy	9a58718e5f07	生命气功	accepted	legacy/translations/tbl_overrides.tsv	3321	
tbl	tbl1.pak	0x01861C83	Rabbit Family	e02180abccf0	兔子家族	accepted	legacy/translations/tbl_overrides.tsv	3322	
tbl	tbl1.pak	0x01862135	F1 Key	d9bb0dd6463b	F1钥匙	accepted	legacy/translations/tbl_overrides.tsv	3330	
tbl	tbl1.pak	0x01862147	T Key	f56e13d4a663	T钥匙	accepted	legacy/translations/tbl_overrides.tsv	3331	
tbl	tbl1.pak	0x01862667	H Key	ab98f7490763	H钥匙	accepted	legacy/translations/tbl_overrides.tsv	3334	
tbl	tbl1.pak	0x01862B9F	Solo Battle	bbc0d18da2ae	单人战斗	accepted	legacy/translations/tbl_overrides.tsv	3339	
tbl	tbl1.pak	0x01862E5F	Normal Class	2d2beac00c7b	普通职业	accepted	legacy/translations/tbl_overrides.tsv	3340	
tbl	tbl1.pak	0x01864317	Paella Gang	2f2f3e2051c9	皮拉夫刚	accepted	legacy/translations/tbl_overrides.tsv	3372	
tbl	tbl1.pak	0x01864333	New Frieza's Army	5728ea1b2c97	新弗利萨军	accepted	legacy/translations/tbl_overrides.tsv	3373	
tbl	tbl1.pak	0x01864897	Fancy Mole Cricket	513db919ad83	华丽鼹鼠蟋蟀	accepted	legacy/translations/tbl_overrides.tsv	3374	
tbl	tbl1.pak	0x01865497	Eye of Time	10ad88e039cd	时间的眼	accepted	legacy/translations/tbl_overrides.tsv	3375	
tbl	tbl1.pak	0x018654F3	Strong Brainwashed Soldier	a293f6550750	强力被洗脑士兵	accepted	legacy/translations/tbl_overrides.tsv	3377	
tbl	tbl1.pak	0x0186552D	Robot Cell	35fd93205cf7	机器人沙鲁	accepted	legacy/translations/tbl_overrides.tsv	3378	
tbl	tbl1.pak	0x01865977	Devil Dragon Clan Genner	cf39f2fdd60b	Devil 那美克龙族 Genner	accepted	legacy/translations/tbl_overrides.tsv	3379	
tbl	tbl1.pak	0x01866E0F	Target Class	816de5697d75	目标职业	accepted	legacy/translations/tbl_overrides.tsv	3381	
tbl	tbl1.pak	0x01868387	Giant Egg	57c124537821	巨大蛋	accepted	legacy/translations/tbl_overrides.tsv	3383	
tbl	tbl1.pak	0x01868A47	U Key	04a3ca01399c	U钥匙	accepted	legacy/translations/tbl_overrides.tsv	3392	
tbl	tbl1.pak	0x0186D6BF	The Eternal Dragons's Gift for the Dragon Clan	dd094c292c52	The Eternal Dragons's Gift for the 那美克龙族	accepted	legacy/translations/tbl_overrides.tsv	3399	
tbl	tbl1.pak	0x0186D7AB	The Eternal Dragons's Gift for Martial Artists	a49fb50a2e2e	The Eternal Dragons's Gift for 武道家	accepted	legacy/translations/tbl_overrides.tsv	3400	
tbl	tbl1.pak	0x0186D897	The Eternal Dragons's Gift for Spiritualists	a707203aab7a	The Eternal Dragons's Gift for 气功师	accepted	legacy/translations/tbl_overrides.tsv	3401	
tbl	tbl1.pak	0x0186DA65	The Eternal Dragons's Gift for Wonder Majin	f84d044a6221	The Eternal Dragons's Gift for 意魔人	accepted	legacy/translations/tbl_overrides.tsv	3402	
tbl	tbl1.pak	0x0186DF17	Korin's Gauntlets	44ae03d5547f	卡林的臂甲	accepted	legacy/translations/tbl_overrides.tsv	3405	
tbl	tbl1.pak	0x0186E079	Shenron's Claws	314769fb83ed	神龙的爪	accepted	legacy/translations/tbl_overrides.tsv	3406	
tbl	tbl1.pak	0x0186E0EF	Shenron's Axe	00c14e8f56cd	神龙的斧	accepted	legacy/translations/tbl_overrides.tsv	3407	
tbl	tbl1.pak	0x0186E1EB	Shenron's Gem	d0d49ee1e97b	神龙的宝石	accepted	legacy/translations/tbl_overrides.tsv	3410	
tbl	tbl1.pak	0x0186E2B7	Shenron's Wand	30fcdf3547a1	神龙的短杖	accepted	legacy/translations/tbl_overrides.tsv	3411	
tbl	tbl1.pak	0x0186E411	Shenron's Fan	9d81c5ab8762	神龙的扇	accepted	legacy/translations/tbl_overrides.tsv	3414	
tbl	tbl1.pak	0x0186E4E5	Shenron's Trumpet	7bbfc43b2ab2	神龙的号角	accepted	legacy/translations/tbl_overrides.tsv	3415	
tbl	tbl1.pak	0x0186E55F	Shenron's Club	5e65ee44b812	神龙的棒	accepted	legacy/translations/tbl_overrides.tsv	3416	
tbl	tbl1.pak	0x0186E8C7	I want Dragon Clan clothes.	2e68433bf933	I want 那美克龙族 clothes.	accepted	legacy/translations/tbl_overrides.tsv	3421	
tbl	tbl1.pak	0x0186E981	Dragon Clan Jacket	b8d878cc26d8	那美克龙族 Jacket	accepted	legacy/translations/tbl_overrides.tsv	3422	
tbl	tbl1.pak	0x0186EAAF	I want Martial Artist clothes.	55cd064d6715	I want 武道家 clothes.	accepted	legacy/translations/tbl_overrides.tsv	3423	
tbl	tbl1.pak	0x0186EB6F	Martial Artist Jacket	d7b07c6e4a53	武道家 Jacket	accepted	legacy/translations/tbl_overrides.tsv	3424	
tbl	tbl1.pak	0x0186ECAF	I want Spiritualist clothes.	fe7ea0bf47c4	I want 气功师 clothes.	accepted	legacy/translations/tbl_overrides.tsv	3425	
tbl	tbl1.pak	0x0186ED6B	Spiritualist Jacket	08e6bc50e69e	气功师 Jacket	accepted	legacy/translations/tbl_overrides.tsv	3426	
tbl	tbl1.pak	0x0186F08F	I want Wonder Majin clothes.	24c819740b22	I want 意魔人 clothes.	accepted	legacy/translations/tbl_overrides.tsv	3427	
tbl	tbl1.pak	0x0186F14B	Wonder Majin Jacket	6970147bb13b	意魔人 Jacket	accepted	legacy/translations/tbl_overrides.tsv	3428	
tbl	tbl1.pak	0x018CAD9F	BID4 Evil Bardock	6ceb51c2115a	BID4邪恶巴达克	accepted	legacy/translations/tbl_overrides.tsv	3431	
tbl	tbl1.pak	*	Black Dragon Fan Recipe	4ed33822fa89	黑龙扇配方	accepted	legacy/translations/tbl_overrides.tsv	3435	
tbl	tbl1.pak	0x014B5F6D	Recipe Ruby Dragon Soul	3f855baa4023	红宝石龙灵魂配方	accepted	legacy/translations/tbl_overrides.tsv	3436	
tbl	tbl1.pak	0x016B1979	(Human)Shadow Sovereign Shoes Recipe	a88e8388241c	(人类)暗影暴君鞋子配方	accepted	legacy/translations/tbl_overrides.tsv	3437	
tbl	tbl1.pak	0x016B2115	Shadow Sovereign Staff Recipe	7eb1eeb9de4d	暗影暴君杖配方	accepted	legacy/translations/tbl_overrides.tsv	3442	
tbl	tbl1.pak	0x016B21D7	Shadow Sovereign Claws Recipe	8d6d1d87e35e	暗影暴君爪配方	accepted	legacy/translations/tbl_overrides.tsv	3443	
tbl	tbl1.pak	0x016B2657	Shadow Sovereign Fan Recipe	b8630f3ebace	暗影暴君扇配方	accepted	legacy/translations/tbl_overrides.tsv	3444	
tbl	tbl1.pak	*	Dark Soul Armor Recipe	96a6e74cbab8	黑暗灵魂盔甲配方	accepted	legacy/translations/tbl_overrides.tsv	3445	
tbl	tbl1.pak	0x012DA655	Black Dragon Scales Hair Dye	0bf1c71d90a5	黑龙鳞片染发剂	accepted	legacy/translations/tbl_overrides.tsv	3449	
tbl	tbl1.pak	0x0137FF5D	Black Dragon King Gear (Top)	356d23eb48c1	黑龙王装备(上衣)	accepted	legacy/translations/tbl_overrides.tsv	3450	
tbl	tbl1.pak	0x0137FFF1	Black Dragon King Gear (Pants)	a89e77a43dd9	黑龙王装备(裤子)	accepted	legacy/translations/tbl_overrides.tsv	3451	
tbl	tbl1.pak	0x01380089	Black Dragon King Gear (Shoes)	668af0a36c49	黑龙王装备(鞋子)	accepted	legacy/translations/tbl_overrides.tsv	3452	
tbl	tbl1.pak	*	Black Dragon Fan	9edcb197c43e	黑龙扇	accepted	legacy/translations/tbl_overrides.tsv	3453	
tbl	tbl1.pak	0x014A385B	Black Dragon Claws Shoes	4f2c6daa90be	黑龙爪鞋子	accepted	legacy/translations/tbl_overrides.tsv	3455	
tbl	tbl1.pak	0x014A38F3	Black Dragon Ascension Top	b2a8cbb6f26d	黑龙飞升上衣	accepted	legacy/translations/tbl_overrides.tsv	3456	
tbl	tbl1.pak	0x014A398F	Black Dragon Ascension Pants	da6096a61ed2	黑龙飞升裤子	accepted	legacy/translations/tbl_overrides.tsv	3457	
tbl	tbl1.pak	0x014B5FA1	Recipe Ice Dragon Soul	f58ccec0afcd	冰龙灵魂配方	accepted	legacy/translations/tbl_overrides.tsv	3458	
tbl	tbl1.pak	0x014B5FD3	Recipe Suglite Dragon Soul	f6cec05dcd41	舒俱来石龙灵魂配方	accepted	legacy/translations/tbl_overrides.tsv	3459	
tbl	tbl1.pak	0x014B600D	Recipe Cosmic Dragon Soul	1dd07f799332	宇宙龙灵魂配方	accepted	legacy/translations/tbl_overrides.tsv	3460	
tbl	tbl1.pak	0x014B6045	Recipe Leaf Dragon Soul	40b56b68e9a3	叶龙灵魂配方	accepted	legacy/translations/tbl_overrides.tsv	3461	
tbl	tbl1.pak	0x0150C001	Black Dragon Clothes R	471b99b3b317	黑龙服装R	accepted	legacy/translations/tbl_overrides.tsv	3462	
tbl	tbl1.pak	0x015ACE03	Manufacturing Extract 04 Recipe	f89953018997	制造萃取物04配方	accepted	legacy/translations/tbl_overrides.tsv	3463	
tbl	tbl1.pak	0x015ACE9B	Special Parts 04 Recipe	3dc3c0337ffa	特殊零件04配方	accepted	legacy/translations/tbl_overrides.tsv	3464	
tbl	tbl1.pak	0x015ACFA9	Legendary Gem 04 Recipe	0e8197b2d1e1	传说宝石04配方	accepted	legacy/translations/tbl_overrides.tsv	3465	
tbl	tbl1.pak	*	Comet Award Gauntlets Recipe	b8db679632a6	彗星奖励臂甲配方	accepted	legacy/translations/tbl_overrides.tsv	3466	
tbl	tbl1.pak	*	High Grade Gauntlets Recipe	6fd6dba4709a	高级臂甲配方	accepted	legacy/translations/tbl_overrides.tsv	3467	
tbl	tbl1.pak	*	Battle Staff Recipe	f928231dfcfb	战斗杖配方	accepted	legacy/translations/tbl_overrides.tsv	3468	
tbl	tbl1.pak	*	Strong Claws Recipe	d5ca24e445cc	强力爪配方	accepted	legacy/translations/tbl_overrides.tsv	3469	
tbl	tbl1.pak	*	Comodo Battle Axe Recipe	bd9d3728dd88	科莫多战斗斧配方	accepted	legacy/translations/tbl_overrides.tsv	3470	
tbl	tbl1.pak	*	Bao Yan Scroll Recipe	3e23e5ce0dd3	鲍岩卷轴配方	accepted	legacy/translations/tbl_overrides.tsv	3471	
tbl	tbl1.pak	*	Huang Gang Gem Recipe	d1f6561b6281	黄刚宝石配方	accepted	legacy/translations/tbl_overrides.tsv	3472	
tbl	tbl1.pak	*	Hardcore Stick Recipe	9de73f323265	硬核棍配方	accepted	legacy/translations/tbl_overrides.tsv	3473	
tbl	tbl1.pak	*	Gangjian Sword Recipe	02041e6d234f	刚剑剑配方	accepted	legacy/translations/tbl_overrides.tsv	3474	
tbl	tbl1.pak	*	God Eye Fan Recipe	a6b71ea8a124	神眼扇配方	accepted	legacy/translations/tbl_overrides.tsv	3475	
tbl	tbl1.pak	*	Huang Gang Wand Recipe	38bb0bf5d2fc	黄刚短杖配方	accepted	legacy/translations/tbl_overrides.tsv	3476	
tbl	tbl1.pak	*	Remembrance Trumpet Recipe	aa779f320067	纪念号角配方	accepted	legacy/translations/tbl_overrides.tsv	3477	
tbl	tbl1.pak	*	Pound Drum Recipe	9062a65d1fb6	重击鼓配方	accepted	legacy/translations/tbl_overrides.tsv	3478	
tbl	tbl1.pak	*	Armored Combat Gear (Top) H Recipe	da29ab8d9a54	装甲战斗装备(上衣)H配方	accepted	legacy/translations/tbl_overrides.tsv	3479	
tbl	tbl1.pak	*	Armored Combat Gear (Pants) H Recipe	f7773b0ead1b	装甲战斗装备(裤子)H配方	accepted	legacy/translations/tbl_overrides.tsv	3480	
tbl	tbl1.pak	*	Armored Combat Gear (Shoes) H Recipe	bcb5004c4d85	装甲战斗装备(鞋子)H配方	accepted	legacy/translations/tbl_overrides.tsv	3481	
tbl	tbl1.pak	*	Armored Combat Gear (Top) N Recipe	7fa21b2b3db0	装甲战斗装备(上衣)N配方	accepted	legacy/translations/tbl_overrides.tsv	3482	
tbl	tbl1.pak	*	Armored Combat Gear (Pants) N Recipe	0ce5ef559335	装甲战斗装备(裤子)N配方	accepted	legacy/translations/tbl_overrides.tsv	3483	
tbl	tbl1.pak	*	Armored Combat Gear (Shoes) N Recipe	d3cab971a7af	装甲战斗装备(鞋子)N配方	accepted	legacy/translations/tbl_overrides.tsv	3484	
tbl	tbl1.pak	*	Armored Combat Gear (Top) M Recipe	0d04e24b9414	装甲战斗装备(上衣)M配方	accepted	legacy/translations/tbl_overrides.tsv	3485	
tbl	tbl1.pak	*	Armored Combat Gear (Pants) M Recipe	1fdac886e249	装甲战斗装备(裤子)M配方	accepted	legacy/translations/tbl_overrides.tsv	3486	
tbl	tbl1.pak	*	Armored Combat Gear (Shoes) M Recipe	0747ca49da3a	装甲战斗装备(鞋子)M配方	accepted	legacy/translations/tbl_overrides.tsv	3487	
tbl	tbl1.pak	0x015ADD0B	Manufacturing Extract 05 Recipe	79cbf1f01a1f	制造萃取物05配方	accepted	legacy/translations/tbl_overrides.tsv	3488	
tbl	tbl1.pak	0x015ADDA3	Special Parts 05 Recipe	2c1fa82a3ff3	特殊零件05配方	accepted	legacy/translations/tbl_overrides.tsv	3489	
tbl	tbl1.pak	0x015ADEB1	Legendary Gem 05 Recipe	5ca997749e78	传说宝石05配方	accepted	legacy/translations/tbl_overrides.tsv	3490	
tbl	tbl1.pak	*	Prestige Dragon Gauntlets Recipe	3448ca4b78c2	威望龙臂甲配方	accepted	legacy/translations/tbl_overrides.tsv	3491	
tbl	tbl1.pak	*	Dragon Claws Recipe	f2705dd075da	龙爪配方	accepted	legacy/translations/tbl_overrides.tsv	3492	
tbl	tbl1.pak	*	Strong Battle Axe Recipe	ac7f22b753ba	强力战斗斧配方	accepted	legacy/translations/tbl_overrides.tsv	3493	
tbl	tbl1.pak	*	Purple Stone Gem Recipe	dc0c8ddc9e20	紫色石宝石配方	accepted	legacy/translations/tbl_overrides.tsv	3494	
tbl	tbl1.pak	*	Magic Blade Recipe	30765d929b88	魔法刃配方	accepted	legacy/translations/tbl_overrides.tsv	3495	
tbl	tbl1.pak	*	Sapphire Wand Recipe	5bbd2954cf8f	蓝宝石短杖配方	accepted	legacy/translations/tbl_overrides.tsv	3496	
tbl	tbl1.pak	*	Meteor Trumpet Recipe	27c4701f53b1	流星号角配方	accepted	legacy/translations/tbl_overrides.tsv	3497	
tbl	tbl1.pak	*	Red Hot Chili Corn Recipe	ed6b6c1006e2	红色火辣辣椒玉米配方	accepted	legacy/translations/tbl_overrides.tsv	3498	
tbl	tbl1.pak	*	Enraged Mask Recipe	d950f83c1af9	狂怒面具配方	accepted	legacy/translations/tbl_overrides.tsv	3499	
tbl	tbl1.pak	*	Combat Force Gear (Top) H Recipe	028a9e522a85	战斗力量装备(上衣)H配方	accepted	legacy/translations/tbl_overrides.tsv	3500	
tbl	tbl1.pak	*	Combat Force Gear (Pants) H Recipe	1e0d6eef47a6	战斗力量装备(裤子)H配方	accepted	legacy/translations/tbl_overrides.tsv	3501	
tbl	tbl1.pak	*	Combat Force Gear (Shoes) H Recipe	d53841266681	战斗力量装备(鞋子)H配方	accepted	legacy/translations/tbl_overrides.tsv	3502	
tbl	tbl1.pak	*	Combat Force Gear (Top) N Recipe	da44d2179ab3	战斗力量装备(上衣)N配方	accepted	legacy/translations/tbl_overrides.tsv	3503	
tbl	tbl1.pak	*	Combat Force Gear (Pants) N Recipe	0bc8123c01f9	战斗力量装备(裤子)N配方	accepted	legacy/translations/tbl_overrides.tsv	3504	
tbl	tbl1.pak	*	Combat Force Gear (Shoes) N Recipe	f8abc12250f8	战斗力量装备(鞋子)N配方	accepted	legacy/translations/tbl_overrides.tsv	3505	
tbl	tbl1.pak	*	Combat Force Gear (Top) M Recipe	77ed477368d2	战斗力量装备(上衣)M配方	accepted	legacy/translations/tbl_overrides.tsv	3506	
tbl	tbl1.pak	*	Combat Force Gear (Pants) M Recipe	16c472b5e239	战斗力量装备(裤子)M配方	accepted	legacy/translations/tbl_overrides.tsv	3507	
tbl	tbl1.pak	*	Combat Force Gear (Shoes) M Recipe	2dbf1242adcf	战斗力量装备(鞋子)M配方	accepted	legacy/translations/tbl_overrides.tsv	3508	
tbl	tbl1.pak	0x015AEBEB	Manufacturing Extract 06 Recipe	b10fd1446a16	制造萃取物06配方	accepted	legacy/translations/tbl_overrides.tsv	3509	
tbl	tbl1.pak	0x015AEC83	Special Parts 06 Recipe	0798bc436ac4	特殊零件06配方	accepted	legacy/translations/tbl_overrides.tsv	3510	
tbl	tbl1.pak	0x015AED91	Legendary Gem 06 Recipe	d958d62ad1ad	传说宝石06配方	accepted	legacy/translations/tbl_overrides.tsv	3511	
tbl	tbl1.pak	*	Energy Ejection Gloves Recipe	868f6037ea8a	气功喷射手套配方	accepted	legacy/translations/tbl_overrides.tsv	3512	
tbl	tbl1.pak	*	Blast Gauntlets Recipe	11e2ae09626b	爆破臂甲配方	accepted	legacy/translations/tbl_overrides.tsv	3513	
tbl	tbl1.pak	*	Light Staff Recipe	19539c11ee8b	光杖配方	accepted	legacy/translations/tbl_overrides.tsv	3514	
tbl	tbl1.pak	*	Nimbus Claws Recipe	6dd8b8e0804b	筋斗云爪配方	accepted	legacy/translations/tbl_overrides.tsv	3515	
tbl	tbl1.pak	*	Light Cut Axe Recipe	7b3f321b2271	光切割斧配方	accepted	legacy/translations/tbl_overrides.tsv	3516	
tbl	tbl1.pak	*	Green Stone Gem Recipe	66b1e081b806	绿色石宝石配方	accepted	legacy/translations/tbl_overrides.tsv	3519	
tbl	tbl1.pak	*	Dragon Stick Recipe	f261e2c44401	龙棍配方	accepted	legacy/translations/tbl_overrides.tsv	3520	
tbl	tbl1.pak	*	Dragon Sword Recipe	3d1d06525782	龙剑配方	accepted	legacy/translations/tbl_overrides.tsv	3521	
tbl	tbl1.pak	*	Wheel of Light Fan Recipe	aebdb54a8ee6	光扇的轮配方	accepted	legacy/translations/tbl_overrides.tsv	3522	
tbl	tbl1.pak	*	Dragon Court Wand Recipe	d888cee686be	龙宫短杖配方	accepted	legacy/translations/tbl_overrides.tsv	3523	
tbl	tbl1.pak	*	Smoked Fish Recipe	a8d057cfbf6c	烟熏鱼配方	accepted	legacy/translations/tbl_overrides.tsv	3526	
tbl	tbl1.pak	*	Frame Drum Recipe	f2bc97c8c140	框架鼓配方	accepted	legacy/translations/tbl_overrides.tsv	3527	
tbl	tbl1.pak	*	Starfish Mask Recipe	4435eca0ef86	海星面具配方	accepted	legacy/translations/tbl_overrides.tsv	3528	
tbl	tbl1.pak	*	Combat Gear (Top) H Recipe	3201982a0af4	战斗装备(上衣)H配方	accepted	legacy/translations/tbl_overrides.tsv	3529	
tbl	tbl1.pak	*	Combat Gear (Pants) H Recipe	056c790790f0	战斗装备(裤子)H配方	accepted	legacy/translations/tbl_overrides.tsv	3530	
tbl	tbl1.pak	*	Combat Gear (Shoes) H Recipe	5bda5e4a160f	战斗装备(鞋子)H配方	accepted	legacy/translations/tbl_overrides.tsv	3531	
tbl	tbl1.pak	*	Combat Gear (Top) N Recipe	affc103bee2c	战斗装备(上衣)N配方	accepted	legacy/translations/tbl_overrides.tsv	3532	
tbl	tbl1.pak	*	Combat Gear (Pants) N Recipe	c6f67fc4d78f	战斗装备(裤子)N配方	accepted	legacy/translations/tbl_overrides.tsv	3533	
tbl	tbl1.pak	*	Combat Gear (Shoes) N Recipe	24798e84ecc6	战斗装备(鞋子)N配方	accepted	legacy/translations/tbl_overrides.tsv	3534	
tbl	tbl1.pak	*	Combat Gear (Top) M Recipe	e65fae948f0b	战斗装备(上衣)M配方	accepted	legacy/translations/tbl_overrides.tsv	3535	
tbl	tbl1.pak	*	Combat Gear (Pants) M Recipe	8c0619510a25	战斗装备(裤子)M配方	accepted	legacy/translations/tbl_overrides.tsv	3536	
tbl	tbl1.pak	*	Combat Gear (Shoes) M Recipe	188bd696a8ec	战斗装备(鞋子)M配方	accepted	legacy/translations/tbl_overrides.tsv	3537	
tbl	tbl1.pak	0x015AF9B3	Manufacturing Extract 07 Recipe	59e70fdb850f	制造萃取物07配方	accepted	legacy/translations/tbl_overrides.tsv	3538	
tbl	tbl1.pak	0x015AFA4B	Special Parts 07 Recipe	f36dbbff7194	特殊零件07配方	accepted	legacy/translations/tbl_overrides.tsv	3539	
tbl	tbl1.pak	0x015AFB59	Legendary Gem 07 Recipe	9c994d98fdc0	传说宝石07配方	accepted	legacy/translations/tbl_overrides.tsv	3540	
tbl	tbl1.pak	*	Soul Gauntlets Recipe	52482d81804d	灵魂臂甲配方	accepted	legacy/translations/tbl_overrides.tsv	3541	
tbl	tbl1.pak	*	Absolute Light Claws Recipe	61ae080ce470	绝对光爪配方	accepted	legacy/translations/tbl_overrides.tsv	3543	
tbl	tbl1.pak	*	Dragon Battle Axe Recipe	f90e068f38bb	龙战斗斧配方	accepted	legacy/translations/tbl_overrides.tsv	3544	
tbl	tbl1.pak	*	Yellow Dragon Scroll Recipe	33e6b2e3b406	黄色龙卷轴配方	accepted	legacy/translations/tbl_overrides.tsv	3545	
tbl	tbl1.pak	*	Black Stone Gem Recipe	e6aaf0c41015	黑色石宝石配方	accepted	legacy/translations/tbl_overrides.tsv	3546	
tbl	tbl1.pak	*	New Grid Stick Recipe	ab9e6989a900	新格纹棍配方	accepted	legacy/translations/tbl_overrides.tsv	3547	
tbl	tbl1.pak	*	Electro-Optic Sword Recipe	7a0b72b247e8	电光-光学剑配方	accepted	legacy/translations/tbl_overrides.tsv	3548	
tbl	tbl1.pak	*	Thunder Wand Recipe	4bc918d53a1f	雷霆短杖配方	accepted	legacy/translations/tbl_overrides.tsv	3549	
tbl	tbl1.pak	*	Legend Long Trumpet Recipe	d1051a80d30c	传说长号角配方	accepted	legacy/translations/tbl_overrides.tsv	3550	
tbl	tbl1.pak	*	Dragon Drum Recipe	09c299e0a0c9	龙鼓配方	accepted	legacy/translations/tbl_overrides.tsv	3551	
tbl	tbl1.pak	*	Dragon Mask Recipe	351e9e4cefa7	龙面具配方	accepted	legacy/translations/tbl_overrides.tsv	3552	
tbl	tbl1.pak	*	Advanced Combat Gear (Top) H Recipe	c917432401e7	高级战斗装备(上衣)H配方	accepted	legacy/translations/tbl_overrides.tsv	3553	
tbl	tbl1.pak	*	Advanced Combat Gear (Pants) H Recipe	087e2ad88c06	高级战斗装备(裤子)H配方	accepted	legacy/translations/tbl_overrides.tsv	3554	
tbl	tbl1.pak	*	Advanced Combat Gear (Shoes) H Recipe	a41cd74d1bbc	高级战斗装备(鞋子)H配方	accepted	legacy/translations/tbl_overrides.tsv	3555	
tbl	tbl1.pak	*	Advanced Combat Gear (Top) N Recipe	5054802472f0	高级战斗装备(上衣)N配方	accepted	legacy/translations/tbl_overrides.tsv	3556	
tbl	tbl1.pak	*	Advanced Combat Gear (Pants) N Recipe	6e5ee17f62d3	高级战斗装备(裤子)N配方	accepted	legacy/translations/tbl_overrides.tsv	3557	
tbl	tbl1.pak	*	Advanced Combat Gear (Shoes) N Recipe	1205e634fd16	高级战斗装备(鞋子)N配方	accepted	legacy/translations/tbl_overrides.tsv	3558	
tbl	tbl1.pak	*	Advanced Combat Gear (Top) M Recipe	83748bed4aa3	高级战斗装备(上衣)M配方	accepted	legacy/translations/tbl_overrides.tsv	3559	
tbl	tbl1.pak	*	Advanced Combat Gear (Pants) M Recipe	5d7daaedaac6	高级战斗装备(裤子)M配方	accepted	legacy/translations/tbl_overrides.tsv	3560	
tbl	tbl1.pak	*	Advanced Combat Gear (Shoes) M Recipe	a34792ab8d32	高级战斗装备(鞋子)M配方	accepted	legacy/translations/tbl_overrides.tsv	3561	
tbl	tbl1.pak	0x015B092F	Manufacturing Extract 02 Recipe	1e14cdcf6fc5	制造萃取物02配方	accepted	legacy/translations/tbl_overrides.tsv	3562	
tbl	tbl1.pak	0x015B09C7	Special Parts 02 Recipe	a62d2a94d2a8	特殊零件02配方	accepted	legacy/translations/tbl_overrides.tsv	3563	
tbl	tbl1.pak	0x015B0AD5	Legendary Gem 02 Recipe	e37a24385334	传说宝石02配方	accepted	legacy/translations/tbl_overrides.tsv	3564	
tbl	tbl1.pak	*	Namek Gloves Recipe	2948e0b68a42	那美克手套配方	accepted	legacy/translations/tbl_overrides.tsv	3565	
tbl	tbl1.pak	*	Strong Warrior Claws Recipe	5168b5c70888	强力战士爪配方	accepted	legacy/translations/tbl_overrides.tsv	3566	
tbl	tbl1.pak	*	Halberd Axe Recipe	d5e1c79b6e6d	戟斧配方	accepted	legacy/translations/tbl_overrides.tsv	3567	
tbl	tbl1.pak	*	Rainbow Gem Recipe	b2fe6c7282e7	彩虹宝石配方	accepted	legacy/translations/tbl_overrides.tsv	3568	
tbl	tbl1.pak	*	Long Hit Fan Recipe	4b53886d8b75	长希特扇配方	accepted	legacy/translations/tbl_overrides.tsv	3569	
tbl	tbl1.pak	*	Plasma Wand Recipe	431b799c8d75	等离子短杖配方	accepted	legacy/translations/tbl_overrides.tsv	3570	
tbl	tbl1.pak	*	Light Trumpet Recipe	8f0d448d7f59	光号角配方	accepted	legacy/translations/tbl_overrides.tsv	3571	
tbl	tbl1.pak	*	Super Combat Gear (Top) H Recipe	b9d44f9a0585	超级战斗装备(上衣)H配方	accepted	legacy/translations/tbl_overrides.tsv	3572	
tbl	tbl1.pak	*	Super Combat Gear (Pants) H Recipe	df53bba235df	超级战斗装备(裤子)H配方	accepted	legacy/translations/tbl_overrides.tsv	3573	
tbl	tbl1.pak	*	Super Combat Gear (Shoes) H Recipe	c0d8ab3318fe	超级战斗装备(鞋子)H配方	accepted	legacy/translations/tbl_overrides.tsv	3574	
tbl	tbl1.pak	*	Super Combat Gear (Top) N Recipe	c6c862dee2f3	超级战斗装备(上衣)N配方	accepted	legacy/translations/tbl_overrides.tsv	3575	
tbl	tbl1.pak	*	Super Combat Gear (Pants) N Recipe	ac15e86adc7b	超级战斗装备(裤子)N配方	accepted	legacy/translations/tbl_overrides.tsv	3576	
tbl	tbl1.pak	*	Super Combat Gear (Shoes) N Recipe	fb49b4ce7518	超级战斗装备(鞋子)N配方	accepted	legacy/translations/tbl_overrides.tsv	3577	
tbl	tbl1.pak	*	Super Combat Gear (Top) M Recipe	b316b60a772e	超级战斗装备(上衣)M配方	accepted	legacy/translations/tbl_overrides.tsv	3578	
tbl	tbl1.pak	*	Super Combat Gear (Pants) M Recipe	774dd7ac37d5	超级战斗装备(裤子)M配方	accepted	legacy/translations/tbl_overrides.tsv	3579	
tbl	tbl1.pak	*	Super Combat Gear (Shoes) M Recipe	41a9a746ae08	超级战斗装备(鞋子)M配方	accepted	legacy/translations/tbl_overrides.tsv	3580	
tbl	tbl1.pak	0x015B17E3	Manufacturing Extract 03 Recipe	5cc0c7220008	制造萃取物03配方	accepted	legacy/translations/tbl_overrides.tsv	3581	
tbl	tbl1.pak	0x015B187B	Special Parts 03 Recipe	30dc51493bdc	特殊零件03配方	accepted	legacy/translations/tbl_overrides.tsv	3582	
tbl	tbl1.pak	0x015B1989	Legendary Gem 03 Recipe	671e0c390b07	传说宝石03配方	accepted	legacy/translations/tbl_overrides.tsv	3583	
tbl	tbl1.pak	*	Valkyrie Staff Recipe	97346138c2d8	女武神杖配方	accepted	legacy/translations/tbl_overrides.tsv	3584	
tbl	tbl1.pak	*	Mysterious Claws Recipe	a032096689e8	神秘爪配方	accepted	legacy/translations/tbl_overrides.tsv	3585	
tbl	tbl1.pak	*	Death Axe Recipe	f6652784bcca	死亡之斧配方	accepted	legacy/translations/tbl_overrides.tsv	3586	
tbl	tbl1.pak	*	Rock Stone Gem Recipe	1ae85bdb57b8	岩石石宝石配方	accepted	legacy/translations/tbl_overrides.tsv	3589	
tbl	tbl1.pak	*	Electro-Optic Fan Recipe	e51be7b885df	电光-光学扇配方	accepted	legacy/translations/tbl_overrides.tsv	3590	
tbl	tbl1.pak	*	Valkyrie Wand Recipe	2fe109fa8536	女武神短杖配方	accepted	legacy/translations/tbl_overrides.tsv	3591	
tbl	tbl1.pak	*	Ultimate Combat Gear (Top) H Recipe	ef90d4b441ad	终极战斗装备(上衣)H配方	accepted	legacy/translations/tbl_overrides.tsv	3592	
tbl	tbl1.pak	*	Ultimate Combat Gear (Pants) H Recipe	7ee42d220585	终极战斗装备(裤子)H配方	accepted	legacy/translations/tbl_overrides.tsv	3593	
tbl	tbl1.pak	*	Ultimate Combat Gear (Shoes) H Recipe	6f22b7153d06	终极战斗装备(鞋子)H配方	accepted	legacy/translations/tbl_overrides.tsv	3594	
tbl	tbl1.pak	*	Ultimate Combat Gear (Top) N Recipe	1f8519175bcd	终极战斗装备(上衣)N配方	accepted	legacy/translations/tbl_overrides.tsv	3595	
tbl	tbl1.pak	*	Ultimate Combat Gear (Pants) N Recipe	f10eaa6c662f	终极战斗装备(裤子)N配方	accepted	legacy/translations/tbl_overrides.tsv	3596	
tbl	tbl1.pak	*	Ultimate Combat Gear (Shoes) N Recipe	a13fc4ffac87	终极战斗装备(鞋子)N配方	accepted	legacy/translations/tbl_overrides.tsv	3597	
tbl	tbl1.pak	*	Ultimate Combat Gear (Top) M Recipe	2011134d85c3	终极战斗装备(上衣)M配方	accepted	legacy/translations/tbl_overrides.tsv	3598	
tbl	tbl1.pak	*	Ultimate Combat Gear (Pants) M Recipe	3ad8b80b7063	终极战斗装备(裤子)M配方	accepted	legacy/translations/tbl_overrides.tsv	3599	
tbl	tbl1.pak	*	Ultimate Combat Gear (Shoes) M Recipe	9daeca574f83	终极战斗装备(鞋子)M配方	accepted	legacy/translations/tbl_overrides.tsv	3600	
tbl	tbl1.pak	*	Killer Axe Recipe	a4d8ace053dc	杀手斧配方	accepted	legacy/translations/tbl_overrides.tsv	3601	
tbl	tbl1.pak	*	Dragon Scroll Recipe	9b5c566c3db7	龙卷轴配方	accepted	legacy/translations/tbl_overrides.tsv	3602	
tbl	tbl1.pak	*	Popo Gem Recipe	42b73e515f8a	波波宝石配方	accepted	legacy/translations/tbl_overrides.tsv	3603	
tbl	tbl1.pak	*	Dragon Roar Fan Recipe	e70b8caf7351	龙咆哮扇配方	accepted	legacy/translations/tbl_overrides.tsv	3604	
tbl	tbl1.pak	*	Black Steel Wand Recipe	cf1485fd2a02	黑色钢短杖配方	accepted	legacy/translations/tbl_overrides.tsv	3605	
tbl	tbl1.pak	0x015B344D	Crystal Scouter Recipe	25c38d15bd19	水晶探测器配方	accepted	legacy/translations/tbl_overrides.tsv	3606	
tbl	tbl1.pak	0x015B34DB	Diamond Scouter Recipe	c31782e57871	钻石探测器配方	accepted	legacy/translations/tbl_overrides.tsv	3607	
tbl	tbl1.pak	0x015B36F7	Advanced Gauntlets Recipe	88b292ce09f1	高级臂甲配方	accepted	legacy/translations/tbl_overrides.tsv	3608	
tbl	tbl1.pak	0x015B3CED	Warrior Gloves Recipe	5af5204f8eda	那美克战士手套配方	accepted	legacy/translations/tbl_overrides.tsv	3609	
tbl	tbl1.pak	0x015B3D5F	Power Gauntlets Recipe	18f78b0746b5	力量臂甲配方	accepted	legacy/translations/tbl_overrides.tsv	3610	
tbl	tbl1.pak	0x015B3E4F	Firepower Combat Gear (Top) H Recipe	712b57af9b47	火力战斗装备(上衣)H配方	accepted	legacy/translations/tbl_overrides.tsv	3611	
tbl	tbl1.pak	0x015B3EFD	Firepower Combat Gear (Pants) H Recipe	73ebaceb8fda	火力战斗装备(裤子)H配方	accepted	legacy/translations/tbl_overrides.tsv	3612	
tbl	tbl1.pak	0x015B3FB3	Firepower Combat Gear (Shoes) H Recipe	c6d425e14c17	火力战斗装备(鞋子)H配方	accepted	legacy/translations/tbl_overrides.tsv	3613	
tbl	tbl1.pak	0x015B4069	Firepower Combat Gear (Top) N Recipe	c9c3ffe59917	火力战斗装备(上衣)N配方	accepted	legacy/translations/tbl_overrides.tsv	3614	
tbl	tbl1.pak	0x015B4117	Firepower Combat Gear (Pants) N Recipe	0d1c37a756e4	火力战斗装备(裤子)N配方	accepted	legacy/translations/tbl_overrides.tsv	3615	
tbl	tbl1.pak	0x015B41CD	Firepower Combat Gear (Shoes) N Recipe	e98042f3ae8f	火力战斗装备(鞋子)N配方	accepted	legacy/translations/tbl_overrides.tsv	3616	
tbl	tbl1.pak	0x015B4283	Firepower Combat Gear (Top) M Recipe	271230a05a82	火力战斗装备(上衣)M配方	accepted	legacy/translations/tbl_overrides.tsv	3617	
tbl	tbl1.pak	0x015B4331	Firepower Combat Gear (Pants) M Recipe	66a112654b80	火力战斗装备(裤子)M配方	accepted	legacy/translations/tbl_overrides.tsv	3618	
tbl	tbl1.pak	0x015B43E7	Firepower Combat Gear (Shoes) M Recipe	24a5b2eaa727	火力战斗装备(鞋子)M配方	accepted	legacy/translations/tbl_overrides.tsv	3619	
tbl	tbl1.pak	0x015B6BF7	Black Dragon Fan Rare recipe	c8c61b56f16a	稀有黑龙扇配方	accepted	legacy/translations/tbl_overrides.tsv	3694	
tbl	tbl1.pak	0x015BCCAB	Recipe Galactic Combat Gear (Top) H	82e5f5b5a54b	银河战斗装备(上衣)H配方	accepted	legacy/translations/tbl_overrides.tsv	3746	
tbl	tbl1.pak	0x015BCD87	Recipe Galactic Combat Gear (Pants) H	d3582b9fc33c	银河战斗装备(裤子)H配方	accepted	legacy/translations/tbl_overrides.tsv	3747	
tbl	tbl1.pak	0x015BCE67	Recipe Galactic Combat Gear (Shoes) H	a7a7fe01d13e	银河战斗装备(鞋子)H配方	accepted	legacy/translations/tbl_overrides.tsv	3748	
tbl	tbl1.pak	0x015BCF47	Recipe Galactic Combat Gear (Top) N	d9cb2468a532	银河战斗装备(上衣)N配方	accepted	legacy/translations/tbl_overrides.tsv	3749	
tbl	tbl1.pak	0x015BD023	Recipe Galactic Combat Gear (Pants) N	a29dc3350e8e	银河战斗装备(裤子)N配方	accepted	legacy/translations/tbl_overrides.tsv	3750	
tbl	tbl1.pak	0x015BD103	Recipe Galactic Combat Gear (Shoes) N	90126518da07	银河战斗装备(鞋子)N配方	accepted	legacy/translations/tbl_overrides.tsv	3751	
tbl	tbl1.pak	0x015BD1E3	Recipe Galactic Combat Gear (Top) M	85071638ea5b	银河战斗装备(上衣)M配方	accepted	legacy/translations/tbl_overrides.tsv	3752	
tbl	tbl1.pak	0x015BD2BF	Recipe Galactic Combat Gear (Pants) M	bf6386849d12	银河战斗装备(裤子)M配方	accepted	legacy/translations/tbl_overrides.tsv	3753	
tbl	tbl1.pak	0x015BD39F	Recipe Galactic Combat Gear (Shoes) M	490c41ac1d3f	银河战斗装备(鞋子)M配方	accepted	legacy/translations/tbl_overrides.tsv	3754	
tbl	tbl1.pak	*	Black Dragon Bus	a5c37bf9eb19	黑龙巴士	accepted	legacy/translations/tbl_overrides.tsv	3755	
tbl	tbl1.pak	0x0164CBDF	Super Powerful Shadow Claws Recipe	8cc3bbd79fd0	超级强力暗影爪配方	accepted	legacy/translations/tbl_overrides.tsv	3756	
tbl	tbl1.pak	0x0164CE89	Super Powerful Dark Gem Recipe	2fd72a198ded	超级强力黑暗宝石配方	accepted	legacy/translations/tbl_overrides.tsv	3757	
tbl	tbl1.pak	0x0164CF4F	Super Powerful Awakening Stick Recipe	fa2bfce7f447	超级强力觉醒棍配方	accepted	legacy/translations/tbl_overrides.tsv	3758	
tbl	tbl1.pak	0x0164D031	Super Powerful Thunder Sword Recipe	e10c571f673b	超级强力雷霆剑配方	accepted	legacy/translations/tbl_overrides.tsv	3759	
tbl	tbl1.pak	0x0164D1E1	Super Powerful Awakening Wand Recipe	8cdee0d156c9	超级强力觉醒短杖配方	accepted	legacy/translations/tbl_overrides.tsv	3760	
tbl	tbl1.pak	0x0164D531	Super Powerful Mysterious Mask Recipe	d42ee8aea4d8	超级强力神秘面具配方	accepted	legacy/translations/tbl_overrides.tsv	3761	
tbl	tbl1.pak	*	Dark Soul Pants Recipe	2dbbd21c9ad7	黑暗灵魂裤子配方	accepted	legacy/translations/tbl_overrides.tsv	3762	
tbl	tbl1.pak	*	Dark Soul Shoes Recipe	df8ce7e4f6eb	黑暗灵魂鞋子配方	accepted	legacy/translations/tbl_overrides.tsv	3763	
tbl	tbl1.pak	0x016503F7	Dark Soul Claws Recipe	90c3ccb70fff	黑暗灵魂爪配方	accepted	legacy/translations/tbl_overrides.tsv	3779	
tbl	tbl1.pak	0x0165049D	Dark Soul Axe Recipe	6643be0a5acd	黑暗灵魂斧配方	accepted	legacy/translations/tbl_overrides.tsv	3780	
tbl	tbl1.pak	0x0165053B	Dark Soul Scroll Recipe	73f69488cb5a	黑暗灵魂卷轴配方	accepted	legacy/translations/tbl_overrides.tsv	3781	
tbl	tbl1.pak	0x016505E5	Dark Soul Gem Recipe	dbc6ea3d237f	黑暗灵魂宝石配方	accepted	legacy/translations/tbl_overrides.tsv	3782	
tbl	tbl1.pak	0x01650683	Dark Soul Stick Recipe	f4a7263fa699	黑暗灵魂棍配方	accepted	legacy/translations/tbl_overrides.tsv	3783	
tbl	tbl1.pak	0x01650729	Dark Soul Sword Recipe	4aa67e230e89	黑暗灵魂剑配方	accepted	legacy/translations/tbl_overrides.tsv	3784	
tbl	tbl1.pak	0x016507CF	Dark Soul Fan Recipe	a7fb76964230	黑暗灵魂扇配方	accepted	legacy/translations/tbl_overrides.tsv	3785	
tbl	tbl1.pak	0x0165086D	Dark Soul Wand Recipe	5fa8f8a01725	黑暗灵魂短杖配方	accepted	legacy/translations/tbl_overrides.tsv	3786	
tbl	tbl1.pak	0x0165090F	Dark Soul Trumpet Recipe	6701f477658a	黑暗灵魂号角配方	accepted	legacy/translations/tbl_overrides.tsv	3787	
tbl	tbl1.pak	0x016509BD	Dark Soul Club Recipe	1fde2ef5cdee	黑暗灵魂棒配方	accepted	legacy/translations/tbl_overrides.tsv	3788	
tbl	tbl1.pak	0x01650A5F	Dark Soul Drum Recipe	c89d3a368ae9	黑暗灵魂鼓配方	accepted	legacy/translations/tbl_overrides.tsv	3789	
tbl	tbl1.pak	0x01650B01	Dark Soul Mask Recipe	22582f049191	黑暗灵魂面具配方	accepted	legacy/translations/tbl_overrides.tsv	3790	
tbl	tbl1.pak	0x016565AD	Black Dragon Ring Type A	e828ef8d0fbb	黑龙戒指A型	accepted	legacy/translations/tbl_overrides.tsv	3791	
tbl	tbl1.pak	0x01656663	Black Dragon Ring Type B	5a6749ea7405	黑龙戒指B型	accepted	legacy/translations/tbl_overrides.tsv	3792	
tbl	tbl1.pak	0x01656699	Black Dragon Earring type A	5950058aa412	黑龙耳环A型	accepted	legacy/translations/tbl_overrides.tsv	3793	
tbl	tbl1.pak	0x016566D5	Black Dragon Earring type B	40aba79cb835	黑龙耳环B型	accepted	legacy/translations/tbl_overrides.tsv	3794	
tbl	tbl1.pak	0x01656797	Black Dragon Necklace	9b317dd764ac	黑龙项链	accepted	legacy/translations/tbl_overrides.tsv	3795	
tbl	tbl1.pak	*	Epic White U Stone U75 (Recipe)	4ee1ab1e23f0	史诗白色U石U75配方	accepted	legacy/translations/tbl_overrides.tsv	3797	
tbl	tbl1.pak	0x01696459	Epic Yellow U Stone U75 (Recipe)	2528a7479555	史诗黄色U石U75配方	accepted	legacy/translations/tbl_overrides.tsv	3799	
tbl	tbl1.pak	*	Epic Armor U Stone U75 (Recipe)	7c0f4b92de69	史诗盔甲U石U75配方	accepted	legacy/translations/tbl_overrides.tsv	3800	
tbl	tbl1.pak	*	Epic Weapon U Stone U75 (Recipe)	4e3c62de508b	史诗武器U石U75配方	accepted	legacy/translations/tbl_overrides.tsv	3801	
tbl	tbl1.pak	0x01698139	Epic Weapon U Stone U70 (Recipe)	c2132746537d	史诗武器U石U70配方	accepted	legacy/translations/tbl_overrides.tsv	3804	
tbl	tbl1.pak	*	Epic Armor U Stone U70 (Recipe)	39947226e353	史诗盔甲U石U70配方	accepted	legacy/translations/tbl_overrides.tsv	3805	
tbl	tbl1.pak	0x016982AB	Epic White U Stone U70 (Recipe)	cbcd20560df9	史诗白色U石U70配方	accepted	legacy/translations/tbl_overrides.tsv	3806	
tbl	tbl1.pak	0x016B17D9	(Human)Shadow Sovereign Armor Recipe	8a3779c8b0db	(人类)暗影暴君盔甲配方	accepted	legacy/translations/tbl_overrides.tsv	3808	
tbl	tbl1.pak	0x016B18A9	(Human)Shadow Sovereign Pants Recipe	fa06d7718e2f	(人类)暗影暴君裤子配方	accepted	legacy/translations/tbl_overrides.tsv	3809	
tbl	tbl1.pak	0x016B1A49	(Namek)Shadow Sovereign Armor Recipe	2970ad033df5	(那美克)暗影暴君盔甲配方	accepted	legacy/translations/tbl_overrides.tsv	3810	
tbl	tbl1.pak	0x016B1B19	(Namek)Shadow Sovereign Pants Recipe	a0f349e39bb0	(那美克)暗影暴君裤子配方	accepted	legacy/translations/tbl_overrides.tsv	3811	
tbl	tbl1.pak	0x016B1BE9	(Namek)Shadow Sovereign Shoes Recipe	15731b46cf64	(那美克)暗影暴君鞋子配方	accepted	legacy/translations/tbl_overrides.tsv	3812	
tbl	tbl1.pak	0x016B1CB9	(Majin)Shadow Sovereign Armor Recipe	8fd31312b8df	(魔人)暗影暴君盔甲配方	accepted	legacy/translations/tbl_overrides.tsv	3813	
tbl	tbl1.pak	0x016B1D89	(Majin)Shadow Sovereign Pants Recipe	5d3dbceb2533	(魔人)暗影暴君裤子配方	accepted	legacy/translations/tbl_overrides.tsv	3814	
tbl	tbl1.pak	0x016B1E59	(Majin)Shadow Sovereign Shoes Recipe	303272eae807	(魔人)暗影暴君鞋子配方	accepted	legacy/translations/tbl_overrides.tsv	3815	
tbl	tbl1.pak	0x016B2299	Shadow Sovereign Axe Recipe	395e952e3aab	暗影暴君斧配方	accepted	legacy/translations/tbl_overrides.tsv	3816	
tbl	tbl1.pak	0x016B2353	Shadow Sovereign Scroll Recipe	cd35eb75136b	暗影暴君卷轴配方	accepted	legacy/translations/tbl_overrides.tsv	3817	
tbl	tbl1.pak	0x016B2419	Shadow Sovereign Gem Recipe	9a619a6142ba	暗影暴君宝石配方	accepted	legacy/translations/tbl_overrides.tsv	3818	
tbl	tbl1.pak	0x016B24D3	Shadow Sovereign Stick Recipe	9fd131ff9cff	暗影暴君棒配方	accepted	legacy/translations/tbl_overrides.tsv	3819	
tbl	tbl1.pak	0x016B2595	Shadow Sovereign Sword Recipe	29bba5f21113	暗影暴君剑配方	accepted	legacy/translations/tbl_overrides.tsv	3820	
tbl	tbl1.pak	0x016B2711	Shadow Sovereign Wand Recipe	530a89daaac8	暗影暴君短棍配方	accepted	legacy/translations/tbl_overrides.tsv	3821	
tbl	tbl1.pak	0x016B27CF	Shadow Sovereign Trumpet Recipe	f9ea60961626	暗影暴君号配方	accepted	legacy/translations/tbl_overrides.tsv	3822	
tbl	tbl1.pak	0x016B2899	Shadow Sovereign Club Recipe	de5640d174dd	暗影暴君棍配方	accepted	legacy/translations/tbl_overrides.tsv	3823	
tbl	tbl1.pak	0x016B2957	Shadow Sovereign Drum Recipe	b10417c0b040	暗影暴君鼓配方	accepted	legacy/translations/tbl_overrides.tsv	3824	
tbl	tbl1.pak	0x016B2A15	Shadow Sovereign Mask Recipe	963ffebfbe16	暗影暴君面具配方	accepted	legacy/translations/tbl_overrides.tsv	3825	
tbl	tbl1.pak	0x016B1F29	Shadow Sovereign Gloves TYPE-A Recipe (Physical)	0cf6be903a46	暗影暴君物理手套配方	accepted	legacy/translations/tbl_overrides.tsv	3829	
tbl	tbl1.pak	0x016B2021	Shadow Sovereign Gloves TYPE-B Recipe (Energy)	6145df3e1e56	暗影暴君气功手套配方	accepted	legacy/translations/tbl_overrides.tsv	3830	
tbl	tbl1.pak	0x016B2AD3	Shadow Mech RING A Recipe	ba96cdfa47c6	暗影机械戒指A配方	accepted	legacy/translations/tbl_overrides.tsv	3834	
tbl	tbl1.pak	0x016B2B85	Shadow Mech RING B Recipe	436a75106773	暗影机械戒指B配方	accepted	legacy/translations/tbl_overrides.tsv	3835	
tbl	tbl1.pak	0x016B2C37	Shadow Mech Earring A Recipe	a62957347c28	暗影机械耳环A配方	accepted	legacy/translations/tbl_overrides.tsv	3836	
tbl	tbl1.pak	0x016B2CF5	Shadow Mech Earring B Recipe	212491fc97c3	暗影机械耳环B配方	accepted	legacy/translations/tbl_overrides.tsv	3837	
tbl	tbl1.pak	0x016B2DB3	Shadow Mech Necklace Recipe	3fa65d63f51c	暗影机械项链配方	accepted	legacy/translations/tbl_overrides.tsv	3838	
tbl	tbl1.pak	0x016B3A99	Shadow Mech Boss Fragment	1ce8a55d8ad8	暗影机械Boss碎片	accepted	legacy/translations/tbl_overrides.tsv	3840	
tbl	tbl1.pak	0x016B3E1D	Invasion Fragment	b4c0f5acb841	弗利萨入侵碎片	accepted	legacy/translations/tbl_overrides.tsv	3841	
tbl	tbl1.pak	0x016B4189	Legendary Fragment	4159498dab3c	传说碎片	accepted	legacy/translations/tbl_overrides.tsv	3842	
tbl	tbl1.pak	0x0169913D	World Boss Fragment	5f1113af4e5f	世界Boss碎片	accepted	legacy/translations/tbl_overrides.tsv	3845	
tbl	tbl1.pak	0x016B5DBF	Moro Essence	0ac80f06439e	摩罗精华	accepted	legacy/translations/tbl_overrides.tsv	3846	
tbl	tbl1.pak	0x016B8989	BID Freeza Coin	4df05474b2ba	BID弗利萨硬币	accepted	legacy/translations/tbl_overrides.tsv	3847	
tbl	tbl1.pak	0x014B5E7F	Certificate Soul	87534b3f0856	证书之魂	accepted	legacy/translations/tbl_overrides.tsv	3848	
tbl	tbl0.pak	0x00DCEBE5	Freeza Mascote	64fd04c60da0	弗利萨吉祥物	accepted	legacy/translations/tbl_overrides.tsv	3851	
tbl	tbl0.pak	0x013B752B	FreezaCapsule	8b5880e37cd8	弗利萨胶囊	accepted	legacy/translations/tbl_overrides.tsv	3852	
tbl	tbl0.pak	0x013B76A7	FreezaFrag	dd55242725cf	弗利萨碎片	accepted	legacy/translations/tbl_overrides.tsv	3853	
tbl	tbl0.pak	0x013B810B	FreezaCoin	e379ff8e88dd	弗利萨硬币	accepted	legacy/translations/tbl_overrides.tsv	3854	
tbl	tbl1.pak	0x0047C359	Freeza Plus	27ad4f089fb2	弗利萨Plus	accepted	legacy/translations/tbl_overrides.tsv	3855	
tbl	tbl1.pak	0x0047CAD9	FreezaSoldier1	fff0f19241e6	弗利萨士兵1	accepted	legacy/translations/tbl_overrides.tsv	3856	
tbl	tbl1.pak	0x0047CD59	FreezaSoldier2	47b7d42ee77d	弗利萨士兵2	accepted	legacy/translations/tbl_overrides.tsv	3857	
tbl	tbl1.pak	0x0047CFD9	FreezaSoldier3	bf98b6c722a2	弗利萨士兵3	accepted	legacy/translations/tbl_overrides.tsv	3858	
tbl	tbl1.pak	0x0047D259	FreezaSoldier4	e4720652a6a0	弗利萨士兵4	accepted	legacy/translations/tbl_overrides.tsv	3859	
tbl	tbl1.pak	0x0048D8D9	FreezaInvasion	b6f586a6a493	弗利萨入侵	accepted	legacy/translations/tbl_overrides.tsv	3860	
tbl	tbl1.pak	0x0048E059	GoldenFreezaInv	34d588a9c653	黄金弗利萨入侵	accepted	legacy/translations/tbl_overrides.tsv	3861	
tbl	tbl1.pak	0x00F86000	[br]Defeat the Frieza Army!	862198408d50	[br]击败弗利萨军!	accepted	legacy/translations/tbl_overrides.tsv	3862	
tbl	tbl1.pak	0x016CA5B0	Freeza Shop	80b8e0000f59	弗利萨商店	accepted	legacy/translations/tbl_overrides.tsv	3863	
tbl	tbl1.pak	0x018221D8	Frieza Residual's Communication Data	b529a7a5735c	弗利萨残党通信资料	accepted	legacy/translations/tbl_overrides.tsv	3870	
tbl	tbl1.pak	0x0182DFD4	Frieza Residual Party Drink Water	2750f9494f01	弗利萨残党饮用水	accepted	legacy/translations/tbl_overrides.tsv	3871	
tbl	tbl1.pak	0x0182F07E	Frieza's Army Confidential File	199c9ebcac31	弗利萨军机密文件	accepted	legacy/translations/tbl_overrides.tsv	3872	
tbl	tbl1.pak	0x0183A648	Notes from Frieza's Army.	9906bec3524a	弗利萨军的笔记。	accepted	legacy/translations/tbl_overrides.tsv	3873	
tbl	tbl1.pak	0x008C489D	FreezaFragCapsule	303eb1cd7f1d	弗利萨碎片胶囊	accepted	legacy/translations/tbl_overrides.tsv	3875	
tbl	tbl1.pak	0x011FDC05	FreezatoGolden	e0c5857454fc	弗利萨变黄金	disabled_internal_identifier_20260720	legacy/translations/tbl_overrides.tsv	3876	internal identifier; not proven visible
tbl	tbl1.pak	0x011FDD61	1FreezaSkill	054b3e45fb72	1弗利萨技能	disabled_internal_identifier_20260720	legacy/translations/tbl_overrides.tsv	3877	internal identifier; not proven visible
tbl	tbl1.pak	0x011FDEBD	2FreezaSkill	889ef5b7f475	2弗利萨技能	disabled_internal_identifier_20260720	legacy/translations/tbl_overrides.tsv	3878	internal identifier; not proven visible
tbl	tbl1.pak	0x012E0061	Frieza's Army Military Rations	0802514109db	弗利萨军军粮	accepted	legacy/translations/tbl_overrides.tsv	3879	
tbl	tbl1.pak	0x012E0467	Frieza's Army Superior Mineral Water	ab0b8381bc85	弗利萨军高级矿泉水	accepted	legacy/translations/tbl_overrides.tsv	3880	
tbl	tbl1.pak	0x014033F3	Final Freeza Pet	d6d548277b24	最终弗利萨宠物	accepted	legacy/translations/tbl_overrides.tsv	3882	
tbl	tbl1.pak	0x01403419	Kimono Freeza Pet	681c9428523c	和服弗利萨宠物	accepted	legacy/translations/tbl_overrides.tsv	3883	
tbl	tbl1.pak	0x01403441	Golden Freeza Pet	a9a340ec6a8e	黄金弗利萨宠物	accepted	legacy/translations/tbl_overrides.tsv	3884	
tbl	tbl1.pak	0x01621C3D	Freeza LV1	bc45c6b1ea1e	弗利萨LV1	accepted	legacy/translations/tbl_overrides.tsv	3895	
tbl	tbl1.pak	0x01621C57	Final Freeza LV2	bb231eb053a2	最终弗利萨LV2	accepted	legacy/translations/tbl_overrides.tsv	3896	
tbl	tbl1.pak	0x01621C7D	Kimono Freeza LV3	e2b6437df071	和服弗利萨LV3	accepted	legacy/translations/tbl_overrides.tsv	3897	
tbl	tbl1.pak	0x01621CA5	Golden Freeza LV4	92c304650f2e	黄金弗利萨LV4	accepted	legacy/translations/tbl_overrides.tsv	3898	
tbl	tbl1.pak	0x01653D8F	Mecha Freeza Mask	d74b613b785d	机械弗利萨面具	accepted	legacy/translations/tbl_overrides.tsv	3899	
tbl	tbl1.pak	0x01653DB7	A Part of Mecha Freeza	b91ab7294f98	机械弗利萨的一部分	accepted	legacy/translations/tbl_overrides.tsv	3900	
tbl	tbl1.pak	0x016B8733	BID Freeza Capsule	f4f1de2e5c61	BID弗利萨胶囊	accepted	legacy/translations/tbl_overrides.tsv	3902	
tbl	tbl1.pak	0x016B89AD	BID Freeza Fragment	ff16b2b22215	BID弗利萨碎片	accepted	legacy/translations/tbl_overrides.tsv	3903	
tbl	tbl1.pak	0x016DDF67	Frieza's Picked Sniper	72448c92d184	弗利萨精选狙击手	accepted	legacy/translations/tbl_overrides.tsv	3904	
tbl	tbl1.pak	0x0170A8F7	Hovering Army of Frieza	aaf9d6e61b06	悬浮的弗利萨军	accepted	legacy/translations/tbl_overrides.tsv	3908	
tbl	tbl1.pak	0x0170A9DD	Frieza's Army Plundering Specialist	53981ca70990	弗利萨军掠夺专家	accepted	legacy/translations/tbl_overrides.tsv	3909	
tbl	tbl1.pak	0x0170AA89	Frieza's Army Revenant	f37a4a480b7d	弗利萨军亡魂	accepted	legacy/translations/tbl_overrides.tsv	3910	
tbl	tbl1.pak	0x0170BFDF	Frieza Assault Robot	808ad8fe2609	弗利萨突击机器人	accepted	legacy/translations/tbl_overrides.tsv	3911	
tbl	tbl1.pak	0x0170E91F	Frieza Humanoid Battler	3da4edd9a670	弗利萨人形战士	accepted	legacy/translations/tbl_overrides.tsv	3912	
tbl	tbl1.pak	0x0170EBD5	Frieza Real Fighter	a3754d238f57	弗利萨真实战士	accepted	legacy/translations/tbl_overrides.tsv	3913	
tbl	tbl1.pak	0x01712703	Frieza (Final Form)	7b7017d2dc2f	弗利萨(最终形态)	accepted	legacy/translations/tbl_overrides.tsv	3915	
tbl	tbl1.pak	0x017136AB	Frieza's Intel Scout	938b25adad8b	弗利萨情报侦察兵	accepted	legacy/translations/tbl_overrides.tsv	3916	
tbl	tbl1.pak	0x01713721	Frieza's Guerrilla Sapper	8737f40611a4	弗利萨游击工兵	accepted	legacy/translations/tbl_overrides.tsv	3917	
tbl	tbl1.pak	0x017139BF	Frieza's Intel Supply Soldier	da10a87601d9	弗利萨情报补给兵	accepted	legacy/translations/tbl_overrides.tsv	3919	
tbl	tbl1.pak	0x017139FF	Frieza's Field Batter Signalman	769a8ccb7160	弗利萨野战信号兵	accepted	legacy/translations/tbl_overrides.tsv	3920	
tbl	tbl1.pak	0x01713AAF	Frieza's Intel Battler	ab4208a8aadf	弗利萨情报战士	accepted	legacy/translations/tbl_overrides.tsv	3922	
tbl	tbl1.pak	0x01713AE1	Frieza's Intel Signalman	91b05ef3256e	弗利萨情报信号兵	accepted	legacy/translations/tbl_overrides.tsv	3923	
tbl	tbl1.pak	0x01713B9F	Frieza's Guerrilla Medic	ead935537a0f	弗利萨游击医疗兵	accepted	legacy/translations/tbl_overrides.tsv	3925	
tbl	tbl1.pak	0x01713BD5	Frieza's Intel Patrol	f8f3b5d1f0b3	弗利萨情报巡逻兵	accepted	legacy/translations/tbl_overrides.tsv	3926	
tbl	tbl1.pak	0x01713C05	Frieza's Guerrilla Battler	4b045584041b	弗利萨游击战士	accepted	legacy/translations/tbl_overrides.tsv	3927	
tbl	tbl1.pak	0x01713C5F	Frieza's Battle Assault Team	c72b1ab9ac6c	弗利萨战斗突击队	accepted	legacy/translations/tbl_overrides.tsv	3928	
tbl	tbl1.pak	0x01714777	Freeza(Final Form)	1fa7854ea1ca	弗利萨(最终形态)	accepted	legacy/translations/tbl_overrides.tsv	3930	
tbl	tbl1.pak	0x017147C1	Freeza Soldier	39307087789f	弗利萨士兵	accepted	legacy/translations/tbl_overrides.tsv	3932	
tbl	tbl1.pak	0x0181972D	Frieza's Army Radar	bdad43b3cd9b	弗利萨军雷达	accepted	legacy/translations/tbl_overrides.tsv	3934	
tbl	tbl1.pak	0x01819759	Frieza's Army Battle Camp	995742ebf305	弗利萨军战斗营地	accepted	legacy/translations/tbl_overrides.tsv	3935	
tbl	tbl1.pak	0x01819791	Frieza's Army Mother Ship	b2d645fec98e	弗利萨军母舰	accepted	legacy/translations/tbl_overrides.tsv	3936	
tbl	tbl1.pak	0x018197C9	Frieza's Army Scouter Plane	a16da77ae50b	弗利萨军侦察机	accepted	legacy/translations/tbl_overrides.tsv	3937	
tbl	tbl1.pak	0x0181B191	Frieza's Army Oil Tank	2bb95a597ca5	弗利萨军油箱	accepted	legacy/translations/tbl_overrides.tsv	3939	
tbl	tbl1.pak	0x0181B579	Frieza's Army Repair Box	5c95b0d8b36f	弗利萨军修理箱	accepted	legacy/translations/tbl_overrides.tsv	3940	
tbl	tbl1.pak	0x0181B5AF	Frieza's Army Spaceship	367b963298e9	弗利萨军宇宙船	accepted	legacy/translations/tbl_overrides.tsv	3941	
tbl	tbl1.pak	0x0181B613	Frieza's Army First-Aid Box	1e5f447e8930	弗利萨军急救箱	accepted	legacy/translations/tbl_overrides.tsv	3942	
tbl	tbl1.pak	0x0181C6CD	Prison of Frieza's Army	f620e5da0ee9	弗利萨军监狱	accepted	legacy/translations/tbl_overrides.tsv	3943	
tbl	tbl1.pak	0x01861F57	Frieza's DNA	e75b3f18966f	弗利萨DNA	accepted	legacy/translations/tbl_overrides.tsv	3944	
tbl	tbl1.pak	0x01866707	Frieza's Army UFO Engine	6238cdcbf9b9	弗利萨军UFO引擎	accepted	legacy/translations/tbl_overrides.tsv	3945	
tbl	tbl1.pak	0x0186908F	Frieza's Planet	daa2f7e4deaf	弗利萨行星	disabled	legacy/translations/tbl_overrides.tsv	3948	skipped: adjacent length-prefixed map list field
tbl	tbl1.pak	0x0186906F	Planet Vegeta	e53c79ffb556	贝吉塔行星	disabled	manual		skipped: length-prefixed TBL field breaks fixed-size patching
tbl	tbl1.pak	*	Stun Duration Decrease %d%%	e828852dc0cd	眩晕持续时间减少%d%%	accepted	legacy/translations/tbl_overrides.tsv	3952	
tbl	tbl1.pak	*	Skill Lock Duration Decrease %d%%	3eea0702c9f1	技能锁定持续时间减少%d%%	accepted	legacy/translations/tbl_overrides.tsv	3953	
taiwan	local_data.dat	DST_CHANGE_ITEMBATTLEATTR_ONE_MSG		d0758269d3a9	"[align = """"center""""][font size = """"12"""" color=""""f4d762""""]更改道具属性[/font][br][br][font size = """"10"""" color=""""ffffff""""]已选：%s[br]价格：%s索尼[br]成功率：%d%%[br][br]成功：赋予%s属性。[br]失败：属性清除。[br]不消耗辅助道具。[/font]"	accepted	manual		runtime PROP placeholder/layout fix
taiwan	local_data.dat	DST_CHANGE_ITEMBATTLEATTR_TWO_MSG		331d339e697d	"[align = """"center""""][font size = """"12"""" color=""""f4d762""""]更改道具属性[/font][br][br][font size = """"10"""" color=""""ffffff""""]已选：%s[br]价格：%s索尼[br]成功率：%d%%[br][br]成功：赋予%s属性。[br]失败：属性清除。[/font]"	accepted	manual		runtime PROP placeholder/layout fix
taiwan	local_data.dat	DST_ITEMPROPERTY_TRANSFER		bd276a9521ee	更改属性	accepted	manual		runtime PROP placeholder/layout fix
taiwan	local_data.dat	DST_ITEMPROPERTY_TRANSFER_INFOTITLE		2367f42fa307	选择属性并赋予手套或上衣。	accepted	manual		runtime PROP placeholder/layout fix
taiwan	local_data.dat	DST_STATUS_AP	戰鬥力		P.Level	accepted			status_panel_full_group_keep_english
taiwan	local_data.dat	DST_STATUS_STAT_CON	耐		耐力	accepted			base_status_attrs_full_local_data
taiwan	local_data.dat	DST_STATUS_STAT_DEX	敏		敏捷	accepted			base_status_attrs_full_local_data
taiwan	local_data.dat	DST_STATUS_STAT_ENG	運		幸运	accepted			base_status_attrs_full_local_data
taiwan	local_data.dat	DST_STATUS_STAT_FOC	集		集中	accepted			base_status_attrs_full_local_data
taiwan	local_data.dat	DST_STATUS_STAT_SOL	氣		气合	accepted			base_status_attrs_full_local_data
taiwan	local_data.dat	DST_STATUS_STAT_STR	力		力量	accepted			base_status_attrs_full_local_data
taiwan	local_data.dat	DST_ITEM_ATTR_ELEGANCE	丽		水	accepted			new_element_attrs_local_data_mirror
taiwan	local_data.dat	DST_ITEM_ATTR_FUNNY	乐		火	accepted			new_element_attrs_local_data_mirror
taiwan	local_data.dat	DST_ITEM_ATTR_HONEST	真		冰	accepted			new_element_attrs_local_data_mirror
taiwan	local_data.dat	DST_ITEM_ATTR_STRANGE	奇		雷	accepted			new_element_attrs_local_data_mirror
taiwan	local_data.dat	DST_ITEM_ATTR_WILD	猛		风	accepted			new_element_attrs_local_data_mirror
taiwan	local_data.dat	DST_STATS_HDR_ATTR	元素		元素	accepted			new_element_attrs_local_data_mirror
taiwan	local_data.dat	DST_STATS_LBL_HON_OFF	诚攻:		冰攻:	accepted			new_element_attrs_local_data_mirror
taiwan	local_data.dat	DST_STATS_LBL_HON_DEF	诚防:		冰防:	accepted			new_element_attrs_local_data_mirror
taiwan	local_data.dat	DST_STATS_LBL_STR_OFF	怪攻:		雷攻:	accepted			new_element_attrs_local_data_mirror
taiwan	local_data.dat	DST_STATS_LBL_STR_DEF	怪防:		雷防:	accepted			new_element_attrs_local_data_mirror
taiwan	local_data.dat	DST_STATS_LBL_WLD_OFF	野攻:		风攻:	accepted			new_element_attrs_local_data_mirror
taiwan	local_data.dat	DST_STATS_LBL_WLD_DEF	野防:		风防:	accepted			new_element_attrs_local_data_mirror
taiwan	local_data.dat	DST_STATS_LBL_ELG_OFF	雅攻:		水攻:	accepted			new_element_attrs_local_data_mirror
taiwan	local_data.dat	DST_STATS_LBL_ELG_DEF	雅防:		水防:	accepted			new_element_attrs_local_data_mirror
taiwan	local_data.dat	DST_STATS_LBL_FNY_OFF	搞攻:		火攻:	accepted			new_element_attrs_local_data_mirror
taiwan	local_data.dat	DST_STATS_LBL_FNY_DEF	搞防:		火防:	accepted			new_element_attrs_local_data_mirror
taiwan	local_data.dat	DST_TELEPORT_COMMON_CONFIRM_NO_BTN	移動取消	71317c6b7740	取消移动	accepted	git:stash@{1}		recovered_from_git_history
taiwan	local_data.dat	DST_STATUS_STAT_FOC	專	b98a81588d85	集中	accepted	git:stash@{1}		recovered_from_git_history
taiwan	local_data.dat	DST_STATUS_TOOLTIP_CON	耐力\n會對LP產生影響。	c19ab68f1178	耐力\n影响生命值。	accepted	git:stash@{1}		recovered_from_git_history
taiwan	local_data.dat	DST_STATUS_TOOLTIP_DEX	敏捷\n會對迴避率產生影響。	19a0980bd664	敏捷\n影响回避率。	accepted	git:stash@{1}		recovered_from_git_history
taiwan	local_data.dat	DST_STATUS_TOOLTIP_ENG	幸運\n會對EP產生影響。	38b6b049d3f3	幸运\n影响能量值。	accepted	git:stash@{1}		recovered_from_git_history
taiwan	local_data.dat	DST_STATUS_TOOLTIP_FOC	集中\n會對命中率製造狀態異常產生影響。	60e2fdab755a	集中\n影响命中率和异常状态。	accepted	git:stash@{1}		recovered_from_git_history
taiwan	local_data.dat	DST_STATUS_TOOLTIP_SOL	氣合\n會對氣功攻擊力和抵抗狀態異常產生影響。	4ae34d64c161	气合\n影响气功攻击力和异常状态抵抗。	accepted	git:stash@{1}		recovered_from_git_history
taiwan	local_data.dat	DST_STATUS_TOOLTIP_STR	力量\n會對格鬥攻擊力產生影響。	4de156227bae	力量\n影响格斗攻击力。	accepted	git:stash@{1}		recovered_from_git_history
taiwan	table_text_all_data.rdf	26:613:0	擊破者	a6c7b693fb16	宇宙帝王	accepted	git:stash@{1}		recovered_from_git_history
